證券代碼,Data Field,2013/6/14,2013/6/21,2013/6/28,2013/7/5,2013/7/12,2013/7/19,2013/7/26,2013/8/2,2013/8/9,2013/8/16,2013/8/23,2013/8/30,2013/9/6,2013/9/14,2013/9/18,2013/9/27,2013/10/4,2013/10/11,2013/10/18,2013/10/25,2013/11/1,2013/11/8,2013/11/15,2013/11/22,2013/11/29,2013/12/6,2013/12/13,2013/12/20,2013/12/27,2013/12/31,2014/1/3,2014/1/10,2014/1/17,2014/1/24,2014/1/27,2014/2/7,2014/2/14,2014/2/21,2014/2/27,2014/3/7,2014/3/14,2014/3/21,2014/3/28,2014/4/3,2014/4/11,2014/4/18,2014/4/25,2014/5/2,2014/5/9,2014/5/16,2014/5/23,2014/5/30,2014/6/6,2014/6/13,2014/6/20,2014/6/27
1101 台泥,週報酬率 %,-1.1889,-6.0161,4.9788,-1.355,3.9835,1.9815,0.1228,1.2245,-1.7473,6.5665,-0.5135,1.9354,0.6328,-0.8805,3.1727,5.7809,0,0,1.5117,-3.5509,0.7126,-3.184,3.4105,0.3532,9.9765,-5.3361,3.495,-0.5448,0.1095,1.8723,-2.5163,-1.6835,0,3.5389,-2.3153,-1.5802,4.9313,2.6229,2.8754,-2.6915,0,-2.234,2.7203,0,4.8729,-1.0101,-5.1021,2.043,-4.5311,1.3244,-3.7036,0.9051,3.139,-2.5,-0.1115,-0.1116
1101 台泥,現股當沖比重,0,0,0,0,0,0,0,0,0,0,0,0,0,0,0,0,0,0,0,0,0,0,0,0,0,0,0,0,0,0,0,1.99,1.41,3.76,3.62,2.05,0.35,0.59,0.75,1.54,2.94,1.43,1.97,3.94,3.64,1.86,0.24,0.96,1.86,0.61,1.74,0.95,0.69,0.34,0.19,0.17
1102 亞泥,週報酬率 %,-2.681,-3.4435,5.2782,-3.794,5.493,-0.9346,1.3478,-0.3989,-2.0025,3.406,-0.2636,5.3894,1.6043,-1.5789,0.9358,-0.7946,3.4713,2.9677,-0.2506,-2.3868,0.901,-4.0815,1.5958,-1.5708,4.5212,-3.1807,0.657,-0.5221,0.7874,0.6519,-1.6927,-0.7947,0.4006,0.266,-1.061,-2.1448,3.1506,0.9297,0.7895,0.3917,-2.0806,-0.9295,1.0723,1.4589,3.7908,-0.3778,-0.1265,1.2658,-1.625,2.4142,-3.8461,0.7742,0.8963,0.6345,0.8827,1.875
1102 亞泥,現股當沖比重,0,0,0,0,0,0,0,0,0,0,0,0,0,0,0,0,0,0,0,0,0,0,0,0,0,0,0,0,0,0,0,0.1,3.68,0.08,1,1.54,0.07,0.02,0.05,0.74,1.95,0.42,0.47,0.59,3.13,0.82,0.62,0.17,1.16,0.95,1.65,0.26,0.04,0.45,0.06,0.16
1216 統一,週報酬率 %,0.5172,-0.1716,0.3437,-0.3425,3.6084,8.9552,-4.414,-1.1147,-2.1857,-5.3571,0,2.8302,0.5505,3.1022,0.3539,-1.7636,1.4362,-2.3009,1.2681,-2.8623,3.1306,-3.0358,-0.5525,-6.6666,4.7619,-1.7045,1.9267,-0.189,2.0834,1.1299,-0.7421,-2.4298,-1.5326,-2.3347,-0.3984,-3.6,1.4522,2.1473,1.3013,-0.5929,4.5725,-4.5628,3.5857,-1.3462,-0.5848,0,0.9805,0,-0.1942,0.5837,0.7738,0.7678,-0.3809,1.7208,-0.3758,0.9433
1216 統一,現股當沖比重,0,0,0,0,0,0,0,0,0,0,0,0,0,0,0,0,0,0,0,0,0,0,0,0,0,0,0,0,0,0,0,0.53,0.57,0.08,0.73,2.58,1.39,1.84,1.04,1.04,1.53,0.79,0.72,2.63,1.67,0.74,3.69,0.49,1.09,1.41,0.46,0.86,0.04,1.37,0.09,0.98
1301 台塑,週報酬率 %,-2.0028,-1.0219,6.9323,-2.2069,5.7829,4.6144,1.6151,3.0464,-5.6555,0.2724,-1.4946,2.8966,1.8767,0.1315,0.657,1.175,1.9354,-1.8987,2.1935,-0.2525,0,-3.9242,-0.1318,-0.9236,3.5953,-0.8997,2.594,-1.8964,2.0619,1.8987,0.3788,-0.8805,-0.1268,1.7789,-2.6217,-3.3333,2.122,0,0,-0.9091,-3.6697,-0.6802,4.1096,1.4473,0.5188,0.3871,-2.6992,2.7741,0.0001,-1.7995,1.4398,-1.0323,0.5216,-0.5189,2.3469,1.656
1301 台塑,現股當沖比重,0,0,0,0,0,0,0,0,0,0,0,0,0,0,0,0,0,0,0,0,0,0,0,0,0,0,0,0,0,0,0,1.24,0.36,0.08,3.53,1.44,3.52,2.66,0.44,1.81,0.97,0.46,1.26,1.28,0.59,1.43,2.54,7.52,2.51,5.37,0.96,1,2.21,0.62,0.62,0.88
1303 南亞,週報酬率 %,-1.6807,-1.7094,9.9131,-6.1709,4.5532,6.4516,-2.2727,-0.9302,-5.8128,-0.506,-3.8982,3.3511,2.9011,1.99,3.252,-0.315,3.9494,-0.304,0.3049,0.6079,-0.3021,-4.394,1.9016,-1.0886,1.8868,2.6235,4.5113,-2.1583,2.2059,1.6224,-3.1654,-0.5943,-1.3452,1.6667,-1.4903,-4.236,1.8958,0.3102,0.3091,-0.7705,-2.9503,1.92,1.7268,-0.6174,2.4844,1.5151,-2.0895,0.6098,-0.1516,-0.607,0.916,1.9668,-0.4451,2.2355,0.8746,3.3235
1303 南亞,現股當沖比重,0,0,0,0,0,0,0,0,0,0,0,0,0,0,0,0,0,0,0,0,0,0,0,0,0,0,0,0,0,0,0,1.6,1.5,0.62,2.51,1.68,2.52,2,0.38,3.38,0.67,0.48,0.26,2.09,1.2,0.24,2.08,3.47,3,2.35,4.27,0.88,0.1,0.73,0.77,0.25
1326 台化,週報酬率 %,-3.125,-2.9325,11.0271,-3.1293,7.5843,2.2193,1.3287,0.6544,-3.1209,0.6711,-0.4,4.0161,0.5149,0.128,-0.5116,1.4138,6.4639,-2.1429,1.2166,1.6828,-0.9456,-4.2959,2.7431,-0.4855,1.7073,0.2399,1.555,-1.7668,0.4796,0.2386,-1.3127,-1.6929,-1.23,1.4944,-2.5767,-4.2821,2.5,0.6418,-1.6581,-3.2424,-3.4852,-2.5,5.1281,-0.6774,0.9549,0.1352,-2.969,0.5564,-1.7981,0.0001,2.817,-1.5069,0.8346,0.1378,2.2039,1.6173
1326 台化,現股當沖比重,0,0,0,0,0,0,0,0,0,0,0,0,0,0,0,0,0,0,0,0,0,0,0,0,0,0,0,0,0,0,0,0.62,0.03,0.16,0.31,1.86,0.24,0.07,1.32,0.41,0.54,0.35,0.56,1.02,0.58,2.68,0.25,1.67,1.88,1.01,0.15,0.63,0.67,1.13,0.09,0.13
1402 遠東新,週報酬率 %,0,-1.28,5.0242,0.1543,1.3867,1.8238,1.3433,-0.7364,-3.1158,1.9908,-1.0512,3.5955,0.3112,-0.3101,0,0.1554,3.8819,1.6443,0.0001,-3.8235,0.7645,-1.6692,0.4629,1.9969,2.8615,-0.2929,-1.6154,0.7464,0.8889,2.3811,-1.6152,-0.2985,-1.4969,-2.7356,-1.875,-0.9554,2.733,-0.3131,0.0001,-0.1571,-2.5158,0,3.2257,1.5625,-1.6923,0.9389,-2.9458,0.3195,-0.1593,0.4785,-0.7935,-0.8,0.8065,0.16,1.4377,0.9449
1402 遠東新,現股當沖比重,0,0,0,0,0,0,0,0,0,0,0,0,0,0,0,0,0,0,0,0,0,0,0,0,0,0,0,0,0,0,0,0.96,0.19,0.61,1.13,0.9,0.81,0.52,2.18,1.25,1.15,1.29,1.84,3.05,1.42,0.12,0.1,0.63,0.39,2.5,2.4,0.94,0.25,0.03,0.07,3.59
2002 中鋼,週報酬率 %,-2.2178,-4.33,5.8191,-3.6659,6.3425,2.1869,0.395,0.9941,-2.756,2.0243,0.0001,0.3969,1.7787,-0.1942,0.3892,0.7753,0,-0.5769,0.5802,-1.5384,0.3907,-1.1674,-1.5748,0,1.8,-1.1788,2.5844,1.1628,3.0652,4.0463,-2.0446,-1.3282,1.923,1.132,-2.7985,-1.5355,1.5596,-0.7678,-0.5802,0.1945,-1.7475,-0.593,2.1868,0.389,0,0.0001,-1.7442,0.1972,0,-0.9844,0.3976,-2.5743,1.2195,0.4016,2,-1.7647
2002 中鋼,現股當沖比重,0,0,0,0,0,0,0,0,0,0,0,0,0,0,0,0,0,0,0,0,0,0,0,0,0,0,0,0,0,0,0,0.37,0.4,0.05,0.59,0.39,0.2,1.16,0.07,0.71,0.13,0.81,2.29,0.29,0.1,1.91,1.15,0.58,1.33,0.04,0.28,0.26,0.17,0.29,0.19,0.9
2105 正新,週報酬率 %,0.9945,0.3281,3.1625,-0.4228,2.654,-0.0001,-0.8274,4.9322,-2.5521,-2.7382,-8.4455,2.9411,1.818,-2.0408,0.7813,1.0335,0.1279,1.4049,0.2518,-0.8795,-1.3941,-4.8844,-0.6757,1.2245,4.3012,-2.5773,-1.1904,-0.1338,2.6809,2.4967,0.3916,0.6502,1.4211,-0.8916,-1.671,1.3072,-0.3873,1.6839,0.5095,0.2535,-3.1606,0.7832,9.4559,5.7988,-1.0068,0.791,-3.3633,-1.6241,-0.4718,-3.91,-0.9863,0.8717,0.3704,-1.5991,-0.7501,-2.393
2105 正新,現股當沖比重,0,0,0,0,0,0,0,0,0,0,0,0,0,0,0,0,0,0,0,0,0,0,0,0,0,0,0,0,0,0,0,0.37,1.12,0.18,0.34,0.63,1.51,1.54,0.28,0.82,0.28,0.86,6.42,3.65,1.69,2.37,1.09,4.38,0.93,1.63,2.15,0.09,1.2,0.38,0.44,0.76
2207 和泰車,週報酬率 %,-2.5641,-7.5659,14.9467,7.74,13.2183,3.525,-15.7895,0.5953,-12.722,-1.3559,-4.811,6.8592,4.8987,9.1787,0.59,-2.0527,1.6468,2.0619,4.0405,-4.8543,0.2915,-2.6163,-2.6865,-4.1411,10.08,-0.436,2.0437,0.8582,0.9929,4.2493,6.7416,-1.0526,-2.3935,2.0435,-1.8692,-1.9047,-1.1095,2.3844,1.9179,-0.4033,-2.699,-3.3287,2.2955,3.5063,0.4065,-0.8096,-2.0409,0.2779,-1.6619,-0.2817,0.7061,-1.8233,1,1.5559,1.3928,4.6704
2207 和泰車,現股當沖比重,0,0,0,0,0,0,0,0,0,0,0,0,0,0,0,0,0,0,0,0,0,0,0,0,0,0,0,0,0,0,0,6.91,2.88,3.86,9.47,7.76,3.33,2.4,2.26,1.77,2.45,1.11,2.9,4.87,10.27,3.48,4.59,3.29,8.84,3.99,4.64,1.68,1.45,10.54,0.56,6.04
2301 光寶科,週報酬率 %,-3.7699,1.9588,6.37,0.7604,-1.8867,-1.5385,0,0.1953,-5.1748,3.3586,0.7338,5.515,-0.789,2.7832,-2.9014,0.1992,0,2.1869,0.3891,-2.1318,2.9704,-0.7692,-6.5892,-3.112,2.8908,-2.1852,-3.2979,1.1,2.7202,2.0277,-1.1652,0.2144,-1.1766,-1.0823,-1.86,-2.6757,3.0928,0,-1,-2.5814,-2.3041,0.5896,5.9788,-0.553,2.6696,-0.325,-1.3043,2.8636,0.0001,-0.1071,3.3226,0.8299,-0.3085,0.4128,3.5971,-2.4801
2301 光寶科,現股當沖比重,0,0,0,0,0,0,0,0,0,0,0,0,0,0,0,0,0,0,0,0,0,0,0,0,0,0,0,0,0,0,0,1.6,0.6,1.31,0.55,1.17,0.86,0.99,0.59,1.42,0.41,1.22,2.38,0.7,1.21,0.94,0.57,1.52,1.16,1.13,2.15,0.41,0.57,0.05,0.9,0.2
2303 聯電,週報酬率 %,-1.5038,-4.1984,15.5378,2.069,-0.9411,-10.5264,7.4511,-4.0146,-6.4639,-2.8455,2.5105,0.4083,-0.813,-0.8196,0,4.9586,1.181,-1.9455,2.7777,-3.0887,-0.7968,-0.8032,-2.429,-0.8298,2.9289,-1.626,0.8264,0.4098,0.4081,0.8163,-0.4065,4.4898,-0.3906,0.7844,-3.8911,-2.0243,1.6529,0,-0.0001,2.8455,1.9763,-3.1008,3.2,1.1628,0.3831,-1.145,-1.1584,2.7344,0.7605,-0.0001,0.7548,5.2434,3.9145,2.0548,-2.349,2.0619
2303 聯電,現股當沖比重,0,0,0,0,0,0,0,0,0,0,0,0,0,0,0,0,0,0,0,0,0,0,0,0,0,0,0,0,0,0,0,1.95,0.89,2.07,4.76,1.34,1.69,1.3,0.71,2.47,6,0.81,5.5,1.03,1.47,3.4,4.37,4.5,3.27,0.4,1.36,4.12,1.04,2.91,2.18,1.76
2308 台達電,週報酬率 %,-5.6537,1.1237,1.1111,8.4249,1.5728,1.3793,-4.7619,2.143,-5.5945,2.2222,-6.8841,5.4474,0.7381,-1.4652,0.7435,7.0111,2.0689,-0.0001,-0.3379,1.6949,-0.3334,-3.01,-0.6897,5.5557,3.9474,-2.5317,3.2467,4.4026,-0.3012,1.7964,0.302,-2.7108,3.4057,1.7964,-2.0588,-6.3063,5.1282,0.9146,1.8127,0.5934,7.0796,-4.6832,4.0463,2.7779,-0.5404,0.2718,-0.813,1.0929,-2.7028,5.2778,-0.2639,3.1746,-1.5384,0.5208,6.2177,1.9512
2308 台達電,現股當沖比重,0,0,0,0,0,0,0,0,0,0,0,0,0,0,0,0,0,0,0,0,0,0,0,0,0,0,0,0,0,0,0,1.25,0.93,0.49,3.18,1.1,1.39,0.86,0.52,0.84,3.52,2.08,3.12,2.25,3.43,3.12,1.63,1.97,0.97,1.29,0.9,1.26,1.77,3.38,2.14,3.58
2317 鴻海,週報酬率 %,-3.4574,-3.5813,5.7144,0.8108,4.5576,-0.7692,1.938,-2.5349,-0.7802,3.6697,1.77,0.8696,2.0936,1.0099,1.4706,0.527,-0.5243,-0.6587,-0.5306,0.2666,-1.0638,-0.672,1.8946,-0.9295,4.5575,0.6411,0,0.6369,1.1392,1.2641,-0.6259,2.267,3.2019,1.432,-0.1176,-4.1225,2.5799,0.2396,0.3585,0.8333,0.9444,-0.9357,1.889,-0.1159,-0.1161,2.2066,-1.1364,2.069,0.6757,-0.6712,4.7297,-0.6451,0.8658,0.0001,1.1803,4.5599
2317 鴻海,現股當沖比重,0,0,0,0,0,0,0,0,0,0,0,0,0,0,0,0,0,0,0,0,0,0,0,0,0,0,0,0,0,0,0,1.4,0.55,1.16,1.96,1.5,1.58,1.26,0.96,1.74,1.62,0.48,0.49,1.45,2.25,1.4,2.22,1.67,1.75,2.39,1.19,0.47,1.73,0.94,0.94,1.88
2330 台積電,週報酬率 %,-2.3041,-2.3586,7.2463,0.9511,0.9175,-10.7272,4.3788,-1.9512,-4.0796,0.1038,0.5181,3.6082,1.4925,0.4902,0.4877,0,0.9707,2.4039,3.2863,-2.7273,2.3364,-3.1964,-1.8868,-3.8462,5,-1.9048,-0.4855,-0.4879,2.4511,2.4272,-1.9139,-0.4878,5.3922,0.4652,-2.7778,-0.9524,3.3655,0,0.4651,6.0185,0.4367,-2.174,4.4444,0.8511,1.2658,2.5001,-3.6585,-0.422,1.6948,1.6667,0,-2.0491,2.5104,0.4081,1.2195,0.8032
2330 台積電,現股當沖比重,0,0,0,0,0,0,0,0,0,0,0,0,0,0,0,0,0,0,0,0,0,0,0,0,0,0,0,0,0,0,0,0.7,0.65,0.99,1.59,0.22,0.35,0.78,1.1,0.27,0.24,1.08,0.34,0.5,0.88,1.71,1.16,1.67,4.4,2.05,0.29,0.28,0.09,0.9,0.28,0.15
2357 華碩,週報酬率 %,-7.1543,3.5959,-14.7108,2.3256,1.8939,-0.1859,2.4208,-8.5454,-5.5023,11.1872,-3.2853,1.2739,0.4194,-1.879,2.1276,-0.4166,-1.8828,-5.3306,-0.0001,2.4775,3.2967,-4.2554,1.3333,6.7983,6.9815,2.1113,-1.1278,4.1826,-2.1899,0.5628,0.7464,2.4074,3.4358,1.049,-2.4221,-0.7093,2.8571,2.7778,-1.5202,-1.3722,1.5654,-1.8835,4.712,1.1666,0.8238,1.9608,5.1282,-3.0488,-8.019,5.8121,1.777,5.0795,-1.3595,-1.5314,1.3997,0.7668
2357 華碩,現股當沖比重,0,0,0,0,0,0,0,0,0,0,0,0,0,0,0,0,0,0,0,0,0,0,0,0,0,0,0,0,0,0,0,6.6,2.67,1.2,3.32,4.44,4.37,2.34,1.36,7.67,2.24,3.35,1.43,2.88,2.38,5.71,3.53,3.66,9.73,4.91,4.55,3.62,1.42,1.67,2.15,1.52
2382 廣達,週報酬率 %,0,-0.0001,6.5573,1.5385,4.5455,-1.8841,4.8744,-3.2397,-5.4096,1.3072,1.613,0.1587,7.6069,-2.0619,-0.7519,-3.1818,0.9391,1.5504,5.8016,-2.5974,0,0.2963,-3.9882,-3.3846,4.9363,0.607,1.8099,0.4445,1.3273,1.3119,-1.31,3.3923,9.5577,0.2604,-2.5974,-0.2667,-1.0695,1.8921,-1.1937,4.6979,4.4872,-4.1717,9.9872,-4.4237,0.8526,-0.8454,-4.9939,3.2051,2.9813,-4.3426,0.6306,1.1278,-0.7434,5.4931,-1.1834,2.3952
2382 廣達,現股當沖比重,0,0,0,0,0,0,0,0,0,0,0,0,0,0,0,0,0,0,0,0,0,0,0,0,0,0,0,0,0,0,0,1.29,1.83,0.81,3.02,5.02,2.28,3.99,1.74,2.45,2.26,2.23,4.29,2.93,4.18,2.56,0.78,1.2,1.6,1.4,2.98,3.21,0.84,1.33,1.41,0.77
2412 中華電,週報酬率 %,-0.4211,0.4227,7.3685,-2.7451,0.8064,0.8556,0.1047,-0.6277,-1.5789,0.5348,-0.8511,1.5023,-0.2114,-0.0001,0.5297,-1.0538,0.1065,-1.2765,0.6464,-1.1778,1.0835,-0.3215,-1.1828,-0.4352,1.4208,-0.9699,0.4352,0.325,0.864,0.7577,-0.6423,-0.9699,0.1088,-0.3261,0.2181,-1.6322,0.885,0.5481,0.3273,0.4348,-0.2164,0.8677,0.4301,0,0.3212,0.8538,-0.8466,0.7471,0.4238,0.1054,1.686,-0.518,-0.6251,0.8386,0.2079,0.1037
2412 中華電,現股當沖比重,0,0,0,0,0,0,0,0,0,0,0,0,0,0,0,0,0,0,0,0,0,0,0,0,0,0,0,0,0,0,0,0.06,0.01,0.02,2.8,0.02,0.11,0.07,0.24,0.12,0.38,0.4,0.09,0.55,0,0.23,0.42,1.74,0.5,0.94,0.28,0.17,1.27,0.15,0,0.11
2454 聯發科,週報酬率 %,-4.8649,-6.25,5.6061,-0.8608,4.1968,-8.11,11.0078,1.3967,-3.3059,2.5642,1.9446,-0.0001,0.6812,-0.9473,1.0929,0.1352,2.4292,1.3175,2.7308,-1.6456,4.1184,5.8097,-4.0888,3.2886,2.8303,-1.3761,-3.0232,3.7171,0.8093,3.7427,-0.1148,-4.2479,-0.4796,-1.8072,-1.7178,2.2471,5.3725,1.0429,2.0643,6.2921,-2.7483,-3.8043,0.5649,2.9213,1.5284,-1.7205,2.6258,7.6759,0.1981,-0.7907,-0.6972,-2.3069,2.6693,0,1.7999,-1.5717
2454 聯發科,現股當沖比重,0,0,0,0,0,0,0,0,0,0,0,0,0,0,0,0,0,0,0,0,0,0,0,0,0,0,0,0,0,0,0,2.44,4,2.45,6.25,2.79,2.99,3.67,5.77,4.75,3.61,2.93,5.09,6.32,4.99,6.88,8.55,3,4.26,7.92,9.9,4.65,5.1,6.38,4.37,3.53
2474 可成,週報酬率 %,2.9126,-3.1447,1.2987,-2.5642,-1.6447,-9.6991,2.2222,-1.8116,5.535,2.4476,-1.0239,2.4577,2.807,-1.024,6.8965,0.6452,6.4103,0,-0.6023,2.4242,1.7752,2.9071,0.2824,-2.5351,4.0463,7.2222,-2.0726,-1.5873,2.4194,1.0444,2.3623,4.1025,0,0.9851,-1.4634,8.9109,-2.9545,1.171,1.8519,1.5909,-3.3557,-1.1575,3.2787,3.8549,-2.1834,5.8036,8.2278,0.1949,0.9729,1.3487,6.4638,-4.2858,5.9702,1.5845,-1.2133,-3.5087
2474 可成,現股當沖比重,0,0,0,0,0,0,0,0,0,0,0,0,0,0,0,0,0,0,0,0,0,0,0,0,0,0,0,0,0,0,0,3.94,2.31,4.77,3.29,7.46,8.24,10.77,4.66,5.12,4.05,4,4.96,3.44,3.45,7.82,5.01,11.29,11.82,5.96,11.26,2.75,9.64,13.72,8.67,12.71
2801 彰銀,週報酬率 %,-2.1021,2.4539,-0.8982,0.9063,4.1917,-0.5747,0.0001,0.578,-4.3104,1.2011,3.4772,0,4.3209,0.5916,0,2.0587,0.2881,-1.1494,1.1628,0.8621,0.2849,-1.1363,0,0.5748,3.7142,-1.9282,0.8427,0,0.2786,2.2284,1.6666,-0.2732,0.822,-0.0001,-2.4457,-1.1142,1.9719,0,-1.6576,0,-1.4045,-1.4245,4.0462,0,-1.111,1.1236,-2.5001,0.5698,-0.0001,1.4165,0.2794,1.3929,-0.5496,1.3811,0.5449,0
2801 彰銀,現股當沖比重,0,0,0,0,0,0,0,0,0,0,0,0,0,0,0,0,0,0,0,0,0,0,0,0,0,0,0,0,0,0,0,3.36,0.35,1.57,0.18,0.48,0.1,2.1,0.16,2.06,0.93,0.41,0.48,0.53,0.09,0.12,0.11,0.06,1.32,1.62,1.39,0.4,0,0.6,0.16,1.64
2880 華南金,週報酬率 %,-2.9154,-2.4024,3.3846,-1.4881,3.9274,0.8721,0.8646,0.2857,-3.1339,2.0644,0.3114,1.2422,2.7607,0.8955,0.5917,0.8824,1.1662,0,0.5763,-1.146,0.5798,-1.441,-1.4619,0,2.0772,-0.8721,1.4663,-1.1561,0.8772,1.4577,0,0.2898,1.156,0.0001,-2.2857,-1.462,2.0771,1.1628,0.0001,0,-1.4368,-0.8747,1.1765,0.2907,0.5796,-0.5763,-0.8696,0.8772,0.2898,0.289,1.1527,4.5584,-0.8175,1.3735,-1.626,2.7547
2880 華南金,現股當沖比重,0,0,0,0,0,0,0,0,0,0,0,0,0,0,0,0,0,0,0,0,0,0,0,0,0,0,0,0,0,0,0,0.26,0.6,0.55,0,1.03,0.01,0.05,0.08,3.43,3.06,2.38,4.18,2.64,0.52,3.07,0.45,0.96,2.29,2.35,0,1.31,1.48,0.34,0.66,0.61
2881 富邦金,週報酬率 %,0.0001,-1.8916,5.0129,-5.3894,9.2837,-2.0631,0.9913,3.4356,-3.796,0.8631,-0.978,1.2346,-0.3659,-0.7344,1.9729,0.2418,1.6887,2.6098,-1.503,-3.1691,2.303,-2.8436,-0.3659,0.8568,2.6699,-1.4184,0.3597,0.717,1.898,2.3475,0.1164,-0.6976,0.8197,0.5808,-1.1547,-2.4533,2.5149,1.4018,-2.4194,-0.118,-2.2459,-1.9347,1.8495,0.7263,0.6009,-0.7169,-4.3321,-0.3772,1.0101,0.4999,3.2338,3.9758,-0.3476,0.0002,0.6976,1.7733
2881 富邦金,現股當沖比重,0,0,0,0,0,0,0,0,0,0,0,0,0,0,0,0,0,0,0,0,0,0,0,0,0,0,0,0,0,0,0,0.37,0.23,1.57,2.01,2.04,0.5,1.27,0.1,0.49,0.86,0.54,1.25,2.05,0.28,1.5,1.65,0.22,2.38,4.57,0.44,0.4,1.2,0.69,0.32,1.06
2882 國泰金,週報酬率 %,2.0645,2.7813,0.615,-1.7115,8.0847,0.4511,-0.2339,2.5791,-5.7143,0.8484,-2.0434,4.0491,1.1793,-1.6317,-0.1185,1.0676,2.1128,4.9426,0.5476,-0.7626,2.7947,-1.9384,1.279,4.248,2.4228,-1.0754,0.6523,0.432,1.5054,2.6595,3.178,-2.464,-1.1579,-0.1064,-2.6652,-1.4238,1.7778,0.655,-3.0369,-0.1119,-0.6718,-2.1421,2.4193,-0.5626,1.81,-2.2222,-1.7045,-1.503,4.8122,1.3438,-0.221,1.6611,0.3269,0.6514,1.1866,1.7338
2882 國泰金,現股當沖比重,0,0,0,0,0,0,0,0,0,0,0,0,0,0,0,0,0,0,0,0,0,0,0,0,0,0,0,0,0,0,0,1.09,1.1,1.57,1.18,2.93,1.05,0.14,0.26,0.7,1.61,1.6,0.34,1.6,2.37,0.36,0.86,1.05,5.32,3.96,1.46,0.72,0.71,0.28,0.22,0.55
2883 開發金,週報酬率 %,-1.533,-2.8742,3.8225,0.1188,3.0841,-1.1508,2.1077,0,-4.4237,0.3654,-1.0922,0.7362,1.827,0.1197,1.9116,0.4688,0.9335,2.4277,-0.79,-1.2513,0.576,-1.8327,-1.1668,-0.4722,2.3725,0,1.6222,0.114,0.9112,2.0408,2.5959,0.7701,-0.6551,0.5495,-3.388,-1.2444,1.4891,1.0158,-1.676,0,-1.3636,-2.0737,2.2352,0.9206,0.5701,-0.5669,-2.1665,1.282,1.4959,1.3605,0.1118,1.8995,0.5482,-0.3272,1.7506,4.6236
2883 開發金,現股當沖比重,0,0,0,0,0,0,0,0,0,0,0,0,0,0,0,0,0,0,0,0,0,0,0,0,0,0,0,0,0,0,0,2.93,1.78,2.02,2.25,0.72,1.67,0.93,1.18,1.17,0.97,1.13,1.77,1.39,1.54,2.65,0.53,1.29,2.63,1.48,1.57,0.95,1.29,0.55,1.83,2.57
2884 玉山金,週報酬率 %,0.838,-1.108,2.5209,-2.7322,8.7079,3.3592,0.5,0.2488,-4.7146,4.4276,2.5069,2.9892,7.124,-1.7242,2.7569,-5.122,-0.5141,2.584,0.7556,-0.5,-1.2563,-1.2722,0,2.5773,-0.2513,-1.5114,-0.7673,1.2887,1.0178,1.0204,-0.7556,-2.538,-1.823,0.7958,-0.7895,-2.122,3.794,2.0888,-2.5575,-1.8373,-2.1391,-0.8197,1.1019,-0.8174,3.5715,1.5191,-2.3937,0.8175,0.2702,2.6955,0.2624,3.665,-2.0203,-0.5154,-0.5182,-0.2603
2884 玉山金,現股當沖比重,0,0,0,0,0,0,0,0,0,0,0,0,0,0,0,0,0,0,0,0,0,0,0,0,0,0,0,0,0,0,0,0.49,0.29,0.11,1.47,0.11,1.12,0.93,0.74,1.31,0.1,0.01,1.08,0.65,0.32,2.54,4.52,0.07,0.13,0.8,0.28,2.25,1.48,0.03,0.26,0.7
2885 元大金,週報酬率 %,-3.8218,1.3245,1.9608,0,3.2051,-1.2423,3.1337,0.0001,-5.6783,-0.3345,-3.3557,4.1667,2.3334,-0.3257,1.9608,-0.9616,2.2653,1.8987,-0.3106,-2.1808,-0.6369,0.3206,-0.9585,-0.3225,3.8835,-0.3116,1.2501,3.395,2.388,5.9524,0.8747,0.0001,1.7341,-2.8408,-1.462,-3.8575,2.7778,0.9009,-5.3571,-2.8302,-1.9418,0.33,0.6579,0.9805,1.6181,-1.5924,-2.5889,0.3322,0.3312,0.9902,-0.3268,2.6229,1.278,2.5238,1.5386,-0.0369
2885 元大金,現股當沖比重,0,0,0,0,0,0,0,0,0,0,0,0,0,0,0,0,0,0,0,0,0,0,0,0,0,0,0,0,0,0,0,0.35,0.35,0.87,0.75,1.57,0.37,2.22,0.28,0.76,0.16,0.13,0.67,0.61,1.38,0.97,1.02,0.29,0.51,2.89,0.77,0.17,1.21,2.34,0.27,1.19
2886 兆豐金,週報酬率 %,-1.525,0.8849,-0.2193,2.4175,6.6523,0.4024,0.2004,2.6,-2.7291,-2.6241,-1.0776,-0.4357,2.1882,0.4283,2.7719,2.0746,1.0162,1.006,0.1992,-0.9941,1.3229,-3.0061,-1.6529,0.8402,3.5417,-2.2132,3.9094,-2.9703,1.6326,1.4141,0.4016,-1.5999,0.4065,0.0001,-1.0121,-0.409,-1.2321,0.8317,-0.2062,0,-4.3388,-1.7279,2.6373,0.2141,1.9231,-0.0001,-3.1445,0.6494,1.0753,1.0638,1.6842,3.7268,-0.998,0.2016,-1.0061,1.4227
2886 兆豐金,現股當沖比重,0,0,0,0,0,0,0,0,0,0,0,0,0,0,0,0,0,0,0,0,0,0,0,0,0,0,0,0,0,0,0,0.05,0.02,0.11,0.52,0.44,0.17,0.33,0.34,0.5,0.21,0.39,0.91,0.29,0.5,0.08,0.59,0.29,0.21,0.31,0.37,0.82,0.13,0.34,0.61,0.4
2887 台新金,週報酬率 %,-0.0001,-1.1583,3.125,-1.5151,3.8461,1.111,1.0988,1.0869,-3.5842,2.8604,1.2,1.9763,2.7132,2.6415,1.4706,-0.3623,1.8182,6.0716,-1.0102,-1.3605,1.3793,-3.0612,1.4035,2.7683,-1.6836,-1.0273,0.0001,-1.038,1.7483,2.0906,-0.3436,1.0344,-0.3412,0.0002,-1.7123,-1.0453,1.7606,1.5277,-2.0619,-0.7018,-2.4735,-1.087,1.0988,0,2.1739,-1.4184,-1.0791,0.7273,1.444,2.847,0.0002,3.1141,-1.0067,3.3898,0.9837,-0.6495
2887 台新金,現股當沖比重,0,0,0,0,0,0,0,0,0,0,0,0,0,0,0,0,0,0,0,0,0,0,0,0,0,0,0,0,0,0,0,0.85,0.31,1.15,0.07,0.09,0.9,0.12,0.18,0.28,2.31,0.28,0.59,0.64,0.09,0.11,1.12,0.9,2.49,0.61,0.81,0.7,0.37,0.04,0,0.02
2890 永豐金,週報酬率 %,-1.0417,-2.1052,2.1506,-2.1052,6.0931,0,1.6892,1.3289,-3.2788,-0.8169,-1.8868,2.6923,0.7491,-1.1152,1.5037,1.4816,4.0146,2.1053,-0.0001,-1.3746,1.7423,-2.3972,1.0526,-0.3472,1.7422,-1.0274,-0.346,0,1.736,2.7681,-0.6826,-1.031,1.0416,-0.6872,-2.4221,-0.3546,3.5587,-0.0001,0,-0.0001,-0.3436,-1.7242,2.4562,-1.0273,-0.692,-2.0906,-3.5587,0.369,-2.9412,1.1364,-1.1236,0.7576,-0.376,1.5095,0,-0.3718
2890 永豐金,現股當沖比重,0,0,0,0,0,0,0,0,0,0,0,0,0,0,0,0,0,0,0,0,0,0,0,0,0,0,0,0,0,0,0,0.02,0,1.45,0.24,0.66,0.83,0.08,0.01,0.24,0.07,0.29,0.96,1.01,3.42,0.31,0.37,2.72,0.64,2,1.04,0.28,0.35,2.11,0.78,0
2891 中信金,週報酬率 %,3.0136,-2.9255,1.6439,-2.426,5.8012,3.466,3.4031,0.5062,-4.5341,5.0132,-0.2587,1.6173,2.9178,0.5154,0.2564,0.7673,0.7613,1.2595,-1.99,0,-2.2842,-1.8182,-0.0001,0.529,1.8421,-0.2584,0.7772,1.2853,1.5228,2.2613,0.5,-1.2439,1.0075,1.2468,-1.4778,-2.25,1.023,1.0126,-2.005,1.023,-3.038,-1.3054,1.5873,-1.302,1.3194,0.7813,-4.3927,-2.1621,1.6575,1.3586,2.1448,0.2624,0.7853,0.7792,0.7733,1.2788
2891 中信金,現股當沖比重,0,0,0,0,0,0,0,0,0,0,0,0,0,0,0,0,0,0,0,0,0,0,0,0,0,0,0,0,0,0,0,0.28,0.07,0.13,0.14,0.34,0.34,0.57,0.72,3.2,1.25,2.51,0.96,0.57,0.15,0.33,0.57,0.49,2.78,0.26,0.75,0.58,1.39,0.73,0.96,0.13
2892 第一金,週報酬率 %,-0.8474,-1.1397,2.3055,-1.1268,3.7037,0.8241,1.9074,1.5026,-2.8736,0.5917,0.2941,1.4663,2.0231,0.5666,0.2816,1.1236,0.8333,0.2755,-0.2748,-0.8265,0.8334,-1.9283,0.0001,-1.1236,1.9887,-0.8357,1.1237,-0.0001,1.1111,3.6314,0.2748,-0.0001,0.2739,0.5464,-1.6304,-1.3811,0.8403,1.3888,-1.096,0.8311,-1.3737,-0.8357,1.1235,1.1111,-0.2747,-0.551,-1.6621,0.845,0.8381,0,0.8311,2.1978,-0.2688,0.8086,0.2674,2.4001
2892 第一金,現股當沖比重,0,0,0,0,0,0,0,0,0,0,0,0,0,0,0,0,0,0,0,0,0,0,0,0,0,0,0,0,0,0,0,0.18,1.48,2.07,0.02,0.85,0.04,0,0.01,0.41,0.5,0,0.49,0.77,0.47,0.06,0.34,1.24,1.04,0.84,0.02,0.11,0.1,0.07,0,0.24
2912 統一超,週報酬率 %,0.8175,0.2702,5.93,2.799,5.6931,1.8736,-4.1379,5.5156,-4.0929,2.1845,2.1378,-2.7907,0.2392,0.0001,-0.716,1.4422,0.9477,-0.0001,0.4694,-0.9346,1.4151,-1.3953,-6.6037,1.0101,4.9999,-2.1429,1.4598,-2.3981,0.7371,0.7317,-0.9756,-1.2316,-3.7406,4.9223,0.4938,-2.4571,-4.2822,-1.3157,0.2667,3.7233,2.8206,2.2444,2.9267,1.4218,1.4018,2.5346,-0.6742,2.4886,-0.8831,0.4455,5.3215,4.421,-5.0403,-1.9108,2.5974,0.211
2912 統一超,現股當沖比重,0,0,0,0,0,0,0,0,0,0,0,0,0,0,0,0,0,0,0,0,0,0,0,0,0,0,0,0,0,0,0,0.25,1.31,2.78,1.57,2.63,3.27,0.93,0.57,2.33,2.8,1.31,4.47,0.71,1.49,1.6,0.72,0.93,2.92,1.16,1.04,1.58,1.39,1.2,0.51,1.66
3008 大立光,週報酬率 %,1.032,-5.8223,4.1214,-1.5625,2.6455,-10.6185,15.3403,3.5001,0.4831,4.3269,-2.5806,0.4807,-3.3493,-7.4257,5.3476,0.9136,3.6217,-3.398,-2.2112,1.7473,0.7071,0.8024,-1.0945,1.1066,4.975,7.109,-0.4425,5.7778,0.8404,0.8299,1.2501,-5.3499,5.2174,-4.1323,0.431,-1.2875,3.0434,5.0632,8.0321,1.8587,2.5546,-3.9146,5.1851,6.3381,8.2782,-2.1407,17.1875,4.5332,-1.5306,-0.7773,8.6163,-5.7691,4.3368,0.2446,6.5854,2.746
3008 大立光,現股當沖比重,0,0,0,0,0,0,0,0,0,0,0,0,0,0,0,0,0,0,0,0,0,0,0,0,0,0,0,0,0,0,0,4.38,6.53,11.22,10.87,12.28,11.09,5.3,11.8,9.82,14.62,11.86,11.41,16.38,14.49,24.39,1.19,19.82,15.87,10.34,14.41,10.08,11.46,8.39,11.06,10.04
3045 台灣大,週報酬率 %,-0.9009,-0.9091,8.7158,-1.2658,-0.876,-0.0001,-0.4526,0.0001,-3.6364,3.302,-4.1096,2.8572,-1.389,0,-0.4694,-0.9434,-0.9523,-8.4615,0.2101,-1.9916,3.6364,1.0321,-1.8385,0.1041,0.7277,-1.9608,0.8421,1.2527,0.6186,-0.1037,-1.0246,-2.6915,0.4255,-4.6611,-1.3333,-2.0271,1.7241,4.4069,-1.407,-1.0977,0.7769,0.9912,3.5987,-0.7368,2.8633,0.4124,-2.2587,1.9959,-0.6178,0.5181,2.9897,-1.0009,-1.0111,0.8172,1.2158,-1.1011
3045 台灣大,現股當沖比重,0,0,0,0,0,0,0,0,0,0,0,0,0,0,0,0,0,0,0,0,0,0,0,0,0,0,0,0,0,0,0,0.24,0.19,0.63,1.05,1.86,0.05,0.59,0.46,0.05,0.02,0.5,0.77,0.72,0.43,0.06,1.12,1.85,0.5,0.66,0.25,0.09,1.54,0.1,0.22,0.2
3711 日月光投控,週報酬率 %,0,0,0,0,0,0,0,0,0,0,0,0,0,0,0,0,0,0,0,0,0,0,0,0,0,0,0,0,0,0,0,0,0,0,0,0,0,0,0,0,0,0,0,0,0,0,0,0,0,0,0,0,0,0,0,0
3711 日月光投控,現股當沖比重,0,0,0,0,0,0,0,0,0,0,0,0,0,0,0,0,0,0,0,0,0,0,0,0,0,0,0,0,0,0,0,0,0,0,0,0,0,0,0,0,0,0,0,0,0,0,0,0,0,0,0,0,0,0,0,0
4904 遠傳,週報酬率 %,0.5548,2.2068,8.6371,-1.2422,-0.5032,0.5057,1.1321,-1.5605,-4.3593,2.21,-1.3515,3.6985,-2.774,0.6794,-0.1348,-0.2703,-1.3549,-4.8077,-6.3492,-4.7766,5.178,0.4615,-1.9907,-4.5312,3.7643,-0.9463,1.5923,0.1568,1.7214,1.0801,-0.6153,-4.6439,1.7858,-4.1468,-0.6656,-1.0051,2.0305,1.8242,0,-0.6514,-1.1475,4.6435,2.3771,-0.4643,1.0886,1.3846,-1.9726,1.548,-0.7623,-1.0752,6.5217,-0.7289,-2.4963,3.4639,-0.5822,0.2928
4904 遠傳,現股當沖比重,0,0,0,0,0,0,0,0,0,0,0,0,0,0,0,0,0,0,0,0,0,0,0,0,0,0,0,0,0,0,0,0.9,0.52,0.42,3.2,1.36,0.57,2.02,0.23,0.82,0.17,1.19,0.26,0.81,0.49,0.14,3.54,0.59,1.32,0.75,1.53,0.41,1.04,1.17,0.23,1.1
4938 和碩,週報酬率 %,1.354,0,-5.5342,2.2222,0.5929,-11.002,0.1105,-1.2129,1.674,4.281,-2.1053,-0.4301,-0.864,-7.6253,2.3585,-1.6129,1.8014,-6.5554,2.2959,-0.2494,0.9999,-0.6188,-8.3437,-6.7935,7.2885,-0.0001,0.6794,-1.2146,3.2786,4.0651,0.5292,2.8947,3.069,0.6205,-1.7263,-2.2585,1.9255,0.8815,1.623,1.5972,1.5719,1.1905,2.8236,6.1784,-1.9397,0.2198,0.4386,0.655,7.3753,5.0506,3.8462,7.4074,-1.7242,-3.5088,3.0909,-5.4675
4938 和碩,現股當沖比重,0,0,0,0,0,0,0,0,0,0,0,0,0,0,0,0,0,0,0,0,0,0,0,0,0,0,0,0,0,0,0,2.1,2.06,0.91,4.19,2.41,1.26,0.54,1.93,2.22,2.45,3.18,1.22,1.6,4.98,6.46,7.08,2.16,7.16,2.78,6.83,5.49,4.42,3.36,2.25,1.59
5880 合庫金,週報酬率 %,-1.4749,-2.3952,1.8405,-0.6024,2.7272,1.18,0.2915,-0.2907,-1.7493,1.1243,-0.3184,2.2365,0.625,0.6211,0.9259,0,0.3059,0.9146,-0.6042,-0.6079,0.3058,-0.305,-0.9175,-0.3086,1.2384,-0.6115,0.6154,0,0,0.3076,-0.6117,0.9231,-0.6098,0.9202,-0.6079,-1.835,1.2461,0.6154,0.3059,-0.9146,-0.9231,0,0.3106,1.2383,0.3058,0.3049,-1.5199,0,0.6173,0,0.3067,0.6116,0.304,0.909,0.6006,1.791
5880 合庫金,現股當沖比重,0,0,0,0,0,0,0,0,0,0,0,0,0,0,0,0,0,0,0,0,0,0,0,0,0,0,0,0,0,0,0,0.04,0,0.05,0.11,0.62,0.44,0.18,0.26,0.56,0.04,0.07,0.07,0.58,0.72,0.05,0.17,0.14,1.44,3.77,0.81,0.02,0.3,0.11,0.09,0.24
6505 台塑化,週報酬率 %,-3.0227,-10.3897,10.8695,-3.3243,8.1411,1.882,-1.1083,-0.7471,-7.152,1.8919,-1.9894,2.8417,1.7106,2.1993,1.7721,-0.8705,0.2509,-0.1252,1.3784,-1.3597,0.5012,-2.7431,-0.1282,-0.6419,4.2635,-2.3544,2.538,-1.2377,1.8796,1.6149,-1.599,1.2501,-2.0988,-3.5309,-0.3922,-0.9186,0.6624,1.0526,1.3021,-1.5425,-0.5223,-1.4436,2.3969,0.6502,-1.1627,0.2614,-0.9127,0.6579,-0.6536,-2.3684,-0.2695,-0.946,0.0001,2.865,0.5304,2.9024
6505 台塑化,現股當沖比重,0,0,0,0,0,0,0,0,0,0,0,0,0,0,0,0,0,0,0,0,0,0,0,0,0,0,0,0,0,0,0,2.59,0.15,0.28,0.62,1.28,1.27,0.96,5.21,1.49,1.03,2.27,11.82,4.57,16.77,2.1,0.1,0.25,3.93,1.13,0.13,0.04,0.47,0,0.15,0.1
9904 寶成,週報酬率 %,-0.3598,0.361,2.3382,2.2847,5.842,2.5975,-1.9934,5.5933,-3.5313,4.8254,-0.3174,4.1402,0.6116,1.2158,-1.5015,2.439,-0.2976,2.0895,0.0001,1.0234,2.4602,-2.5425,1.1594,3.5817,6.5008,1.0391,4.2417,8.0147,1.37,1.7125,-2.027,-4.9426,3.9904,-0.5813,-1.7544,-2.8573,1.9607,-1.923,-0.8579,3.4611,-3.3453,-3.7083,7.8305,-1.5476,0.1208,0,-11.2318,-0.8164,-7.8189,-2.6786,4.2814,-2.9325,6.0423,0,4.5584,-2.5887
9904 寶成,現股當沖比重,0,0,0,0,0,0,0,0,0,0,0,0,0,0,0,0,0,0,0,0,0,0,0,0,0,0,0,0,0,0,0,2.32,0.44,1.49,1.75,2.98,0.57,1.19,1.47,2.61,2.08,2.6,3.06,4.16,6.54,2.18,1.28,4.43,3.97,3.32,3.57,2.95,6.53,6.33,2.24,2.55
9910 豐泰,週報酬率 %,0.2071,1.1364,2.9623,12.1032,13.8053,-4.6657,0.6697,6.8063,-0.4902,-1.642,4.6743,0.3189,1.7488,5.3126,0.5935,1.3274,5.6768,3.5812,1.4628,-1.8348,3.6048,-0.9021,-3.7711,1.7568,0.6641,-3.1664,-7.0845,2.3461,2.4355,1.4185,-6.2937,-4.4777,2.6562,4.414,-0.1458,1.168,3.0303,2.8012,3.8147,3.5432,4.0557,2.436,4.5185,0.4551,-2.1518,1.8519,-6.9319,2.32,-1.5512,-3.0304,2.5,4.1463,1.5223,-0.8074,-0.6977,-0.8197
9910 豐泰,現股當沖比重,0,0,0,0,0,0,0,0,0,0,0,0,0,0,0,0,0,0,0,0,0,0,0,0,0,0,0,0,0,0,0,2.72,5.99,2.73,0.83,1.39,3.38,2.64,2.28,3.72,1.34,2.5,1.07,7.54,0.74,6.05,3.1,1.85,17.35,3.13,9.56,3.01,3.57,5.43,1.17,10.5
1722 台肥,週報酬率 %,-1.9711,-2.815,-0.138,-0.4143,0.8321,0.275,2.1948,-1.3422,-0.8163,-1.2345,-2.7416,1.9288,-0.4366,1.7544,1.7242,-1.2712,1.7168,1.5471,1.8005,-4.2175,-0.8523,-0.573,-0.5765,-2.0291,2.071,-1.7391,-0.7375,-1.0402,0.4505,1.81,-0.2989,-1.7991,0.6106,-2.7314,-1.248,-0.158,0.3164,-1.2618,3.8338,-3.3847,-1.2739,0.3225,0.8038,0.4784,-0.9523,0.3205,-2.0766,-2.6101,0.1674,3.1773,-0.3241,-1.3007,-2.9655,0.8489,0.3367,0
1722 台肥,現股當沖比重,0,0,0,0,0,0,0,0,0,0,0,0,0,0,0,0,0,0,0,0,0,0,0,0,0,0,0,0,0,0,0,0.07,0.38,0.61,0.41,0.9,0,1.01,1.65,0.7,0.08,0.47,2.42,0.8,0.6,1.53,0.43,0.2,1.36,0.39,0.32,0.12,0.38,4.49,1.84,1.65
2201 裕隆,週報酬率 %,-3.1094,-1.9669,1.3728,0.8332,3.3057,-0.7,1.1077,-3.3964,-1.9917,0.2139,-0.9605,6.2501,0,1.3185,-0.6006,-1.712,4.0983,0.0001,1.5749,0.969,-0.9596,-4.845,0.611,-1.9231,0.5159,1.6428,1.01,3.8,2.505,2.6617,5.2633,-5,-0.752,0.7576,-2.0677,-0.9597,1.5504,-1.5266,0.1938,-0.3868,-1.9417,-1.1881,0.8016,-0.6958,-0.3003,-0.8032,-2.0243,-2.4793,-1.695,-0.4312,0.6494,4.4085,-0.5149,-1.2422,1.782,-0.103
2201 裕隆,現股當沖比重,0,0,0,0,0,0,0,0,0,0,0,0,0,0,0,0,0,0,0,0,0,0,0,0,0,0,0,0,0,0,0,1.55,0.95,0.7,2.26,3.11,0.63,1.88,2.57,3.93,1.55,0.46,0.69,1.67,3.45,2.04,1.62,0.52,0.62,0.7,0.8,2.71,4.19,1.59,1.53,0.13
2324 仁寶,週報酬率 %,-3.9547,-5.5883,4.9844,10.089,3.2344,-1.3054,5.8201,3.5,-6.4496,0.5435,1.081,7.754,2.4814,0.7264,4.3269,-2.765,8.2939,1.9693,-2.1459,1.0965,-7.1583,-1.8692,4.762,0.909,0.6758,0.2237,-5.3571,4.7169,1.3514,3.3938,-0.6667,0.2237,2.9018,2.3862,-3.6017,-6.3736,-2.3474,-0.4808,-0.9663,-0.4878,-2.4511,-0.5025,10.6062,0.4566,2.2727,-4,2.3148,-1.3574,4.8164,0.6565,2.8262,4.4398,-1.8219,2.6804,-2.8112,-2.0661
2324 仁寶,現股當沖比重,0,0,0,0,0,0,0,0,0,0,0,0,0,0,0,0,0,0,0,0,0,0,0,0,0,0,0,0,0,0,0,3.44,3.37,4.39,3.19,3.48,3.72,2.13,1.09,1.61,0.6,2.65,3.91,3.81,3.29,2.55,2.03,1.41,4.41,1.32,4.58,3.21,2.84,2.25,1.33,4.26
2354 鴻準,週報酬率 %,-5.0633,-5.0666,2.2473,0,2.8846,-1.0681,2.5641,-2.7631,4.4654,1.9431,1.0165,2.0331,1.8348,-2.5739,1.3211,0.3912,-0.5194,-1.436,-1.1921,-0.4021,-0.9422,-2.038,-5.4092,-5.7185,9.1756,-0.1424,-1.1413,-0.8657,2.3289,-1.1363,-1.138,1.0072,-0.2849,-1.2857,-1.3025,-1.3197,0.1486,1.6321,-0.584,4.9926,0.9791,-2.0776,0.2829,1.4104,2.9208,2.5676,-1.8445,1.3422,-1.3245,-6.1744,-0.143,-0.8597,1.0115,0.143,0.4286,2.5605
2354 鴻準,現股當沖比重,0,0,0,0,0,0,0,0,0,0,0,0,0,0,0,0,0,0,0,0,0,0,0,0,0,0,0,0,0,0,0,1.69,1.96,2.97,2.27,1.72,1.42,2.27,0.41,2.34,1.87,1.24,2.05,1.13,0.72,1.69,1.61,2.7,2.13,3.31,2.09,1.44,1.63,2.76,0.44,1.54
2409 友達,週報酬率 %,-0.0001,-11.3821,0.0001,-2.2936,1.878,-3.6867,2.3924,2.8037,-4.0911,7.583,2.6432,1.2876,-3.3898,0,1.3158,-3.0303,-5.8036,-4.7393,1.9901,-5.2683,-1.1329,-5.7291,-2.21,-3.9547,8.5883,-1.7334,0.5513,-1.7544,4.0178,4.3859,2.5751,0.2092,-2.1921,-1.7076,-2.1716,0.444,2.5414,6.3578,4.3567,-1.4563,-0.9853,1.4924,3.9215,11.3208,0.8474,-2.1009,-1.2875,1.7391,-3.4188,-1.7699,4.0541,-0.8658,4.8035,-0.4167,-2.9289,3.4483
2409 友達,現股當沖比重,0,0,0,0,0,0,0,0,0,0,0,0,0,0,0,0,0,0,0,0,0,0,0,0,0,0,0,0,0,0,0,2.82,3.12,2.45,3.36,5.99,2.29,5.5,2.38,6.26,3.54,3.94,2.51,6.4,2.64,2.99,9.15,7.49,2.98,3.58,4.16,2.87,4.71,2.12,2.14,5.82
2498 宏達電,週報酬率 %,-4.927,-4.6065,-3.823,-15.0628,-5.6651,-12.0104,5.0411,-18.2857,11.1888,-3.1445,0.6493,0.9678,-16.294,6.1067,-0.3596,-6.1372,3.8463,-6.6667,5.5557,12.782,-4,5.9029,-0.328,1.9737,-2.5806,-2.3178,-1.3558,-5.1547,3.6232,-0.0001,-3.1469,-7.5812,5.8594,2.952,-2.509,-2.9412,-3.0303,3.5156,2.6414,1.4705,7.9711,2.0134,-2.3028,3.7036,1.2987,0.9615,-2.2222,2.5974,4.1138,-0.9118,1.5336,-3.3234,-10.625,-1.7484,-3.2029,-0.7352
2498 宏達電,現股當沖比重,0,0,0,0,0,0,0,0,0,0,0,0,0,0,0,0,0,0,0,0,0,0,0,0,0,0,0,0,0,0,0,8.19,8.13,6.64,8.02,8.75,8.02,9.33,8.06,7.94,6.5,6.55,6.23,3.7,11.66,4.63,5.05,7.71,5.92,9.82,9.65,5.38,7.27,8.53,11.3,13.74
3481 群創,週報酬率 %,2.1857,-14.9733,-5.9748,3.3446,-2.9127,-11.0002,0.0001,0.7491,-1.8588,5.303,4.3164,3.4483,-1.6668,-5.7627,3.5971,1.0415,-9.9657,-9.9236,5.0847,-8.4678,0.4406,-10.5264,1.4706,-4.3478,13.1314,-2.6785,-1.8348,-3.2709,8.2125,5.5814,-0.4464,2.6907,-2.6201,-4.4843,-1.4085,0.4762,2.8437,0.9216,-1.3699,-3.7038,-0.9615,0.9709,-0.9615,5.8252,4.5872,-0.8773,-6.6371,1.4218,4.6729,1.7858,4.386,-0.4203,4.6413,-0.8064,-0.813,7.377
3481 群創,現股當沖比重,0,0,0,0,0,0,0,0,0,0,0,0,0,0,0,0,0,0,0,0,0,0,0,0,0,0,0,0,0,0,0,5.72,4.42,1.99,3.32,6.39,4.22,9.12,3.24,6.19,2.66,4.25,2.72,5.99,4.24,8.13,3.73,4.15,1.87,2.79,7.55,7.34,8.8,4.99,5.17,10.32
3673 TPK-KY,週報酬率 %,-0.6981,-7.7328,-8.5715,-14.2631,1.6604,-4.0201,-1.5706,-11.8351,-4.3741,-0.3155,-5.0633,6,4.2452,-14.3288,-2.8169,-2.174,4.4444,-6.0283,-6.0376,-9.237,-14.823,-10.6494,-2.3256,-3.5714,2.1604,3.6253,-2.6239,2.0958,2.346,12.4601,5.1576,-4.3597,11.1111,4.1027,-5.4187,-2.8647,0.8042,-4.2554,0.5556,-2.7624,-2.2728,5.5233,-2.2039,3.662,13.0434,6.9712,-3.146,9.2808,-5.3078,0.6727,2.4498,5.6522,-0.6173,21.7391,-2.0409,-0.5208
3673 TPK-KY,現股當沖比重,0,0,0,0,0,0,0,0,0,0,0,0,0,0,0,0,0,0,0,0,0,0,0,0,0,0,0,0,0,0,0,4.51,7,11.04,7.02,9.19,7.85,10,7.87,9.36,9.44,12.25,9.6,8.77,8.24,13.6,11.56,14.84,10.66,10.38,14.51,9.95,9.86,15.04,15.66,15.46
1210 大成,週報酬率 %,-0.7766,1.957,-1.5354,0.3899,0.9709,3.2693,0.9312,-0.0001,-0.738,-1.1152,0.5638,-0.1334,-1.7647,1.3973,-0.0001,0.5905,4.5009,-0.1874,0.938,-0.1859,-2.4209,-2.29,-0.5859,0.5894,3.9062,-1.6917,-0.5736,0.3846,0,1.9305,1.7242,0.1884,-1.1278,0.0001,-0.3802,-1.5267,0,2.3256,-0.947,1.5298,1.1299,3.3521,4.8649,1.3745,-0.6781,7.1672,-4.1401,1.6611,-0.9805,-1.9801,1.5152,0.8293,15.7895,0.4262,-0.2829,2.1278
1210 大成,現股當沖比重,0,0,0,0,0,0,0,0,0,0,0,0,0,0,0,0,0,0,0,0,0,0,0,0,0,0,0,0,0,0,0,0,0,0,0,0,0,0,0,0,0,0,0,0,0,0,0,0,0,0,0,0,0,0,0,0
1227 佳格,週報酬率 %,-1.3979,-0.7633,4.1759,5.0633,2.4097,6.278,-2.4866,0.776,-1.5402,-2.123,-2.968,3.7646,0.907,0.674,-1.4509,0.5664,2.5901,0.5488,0.2182,-0.3268,-2.623,-1.6836,-0.1142,-2.057,4.7841,0.0001,-0.1113,1.8953,-1.2035,3.2187,2.7685,-2.1552,-0.4406,-0.7743,-1.0033,-1.6891,0.4582,0.6841,-0.2266,-1.3621,-3.107,-2.7317,1.3431,0.7228,0.1196,0.3584,-1.1905,-0.7228,-0.6066,2.3199,-0.5966,-0.8402,-0.3631,-0.486,0.8547,-1.0895
1227 佳格,現股當沖比重,0,0,0,0,0,0,0,0,0,0,0,0,0,0,0,0,0,0,0,0,0,0,0,0,0,0,0,0,0,0,0,4.9,3,0.38,0.63,0.76,0.71,1.38,0.58,0.7,0.3,0.7,0.69,1.8,1.41,1.13,0.73,2.02,1.17,1.31,0.83,0.22,1.14,0,0,0
1229 聯華,週報酬率 %,-0.7692,0.2583,0.7731,-0.7672,1.8041,1.2658,-0.25,0.7481,-2.0942,-1.6043,0.0001,-0.5435,2.7323,-0.2659,0.8,0.7936,0.525,-1.0443,1.3193,-1.302,-0.5277,-1.3264,1.0753,0.2658,1.5915,-0.7833,0.2632,0.2624,0.7854,1.5708,2.3377,-0.2537,-0.509,-0.7672,-0.7732,-0.7792,0.2617,0.5222,0.0001,0,0.7792,-1.5464,1.0472,0.2592,-0.2584,0.7772,-2.8277,1.0582,0.2618,5.2219,3.2257,-0.4807,3.8647,-1.1627,-0.2353,-0.9434
1229 聯華,現股當沖比重,0,0,0,0,0,0,0,0,0,0,0,0,0,0,0,0,0,0,0,0,0,0,0,0,0,0,0,0,0,0,0,0,0,0,0,0,0,0,0,0,0,0,0,0,0,0,0,0,0,0,0,0,0,0,0,0
1314 中石化,週報酬率 %,-5.1282,7.0946,-3.7855,0.3279,1.9608,-1.6025,1.6288,-1.9231,-2.3322,-0.3461,-4.1667,0.3624,1.083,1.0713,1.4134,3.4843,-0.3366,0.0001,0,-1.0136,-1.024,-6.8965,0,-1.1111,4.869,-2.1428,-1.0948,0.0001,0.738,-1.0909,-0.3663,2.2058,-2.518,-0.369,-0.7407,-2.2388,0,0.7634,0,-4.1666,1.5809,-2.3346,-0.7969,1.2047,2.7778,0.386,-6.5384,-4.1152,-2.1459,-3.0702,-0.4525,5.4546,-0.431,1.2987,6.8376,-2.8
1314 中石化,現股當沖比重,0,0,0,0,0,0,0,0,0,0,0,0,0,0,0,0,0,0,0,0,0,0,0,0,0,0,0,0,0,0,0,1.45,2.03,1.29,1.65,1.27,2.63,2.58,6.99,2.17,7.35,1.01,2.27,1.93,7.69,1.61,3.42,9.65,3.21,5.14,1.73,1.32,1.46,3.84,3.97,3.35
1319 東陽,週報酬率 %,-2.3494,-1.5038,8.8551,6.3116,5.9368,1.7434,-1.4689,3.6024,1.3189,-2.9585,1.7214,-3.5936,11.568,2.88,-2.6875,1.381,0.3404,6.448,2.2316,-5.4055,2.7472,-3.3155,-3.8716,2.4167,5.5057,0.3196,-1.5923,-0.1078,-3.4557,-1.1085,-5.0335,-0.8244,0.2376,-1.8957,-0.7246,2.6763,1.0663,2.2274,-3.2111,5.0949,1.2402,-3.7861,0.5787,3.1071,-2.2322,-0.9132,-2.0737,1.8824,-2.8868,-1.5457,0.2415,2.4095,-1.2941,0.596,-0.237,-3.3255
1319 東陽,現股當沖比重,0,0,0,0,0,0,0,0,0,0,0,0,0,0,0,0,0,0,0,0,0,0,0,0,0,0,0,0,0,0,0,2.44,5.11,2.06,1.38,1.56,3.03,1.57,2.29,1.66,1.8,2.94,2.6,2.44,4.03,2.32,2.83,2.71,2.08,2.84,2.45,0.29,0.35,0.22,1.52,9.07
1434 福懋,週報酬率 %,-1.6015,2.8934,0.1758,-0.3508,0.1761,0.1757,2.6317,0.5309,-5.2817,-0.7436,2.06,0.5505,1.0949,2.3466,0.7053,1.7514,17.0396,-1.1765,3.2737,3.4581,-2.507,6.5714,-2.6809,1.9284,1.3514,-0.5333,-4.5576,0.0001,-0.2808,1.4065,-1.5493,-4.0057,-3.1295,-0.6152,-0.774,0.156,0.623,-1.2383,2.6645,-1.832,-3.2659,2.894,4.375,0.5987,-2.3809,-0.6097,-0.7669,-1.2365,-2.9734,-1.613,4.0985,3.7796,0.1517,-0.606,-0.0001,0.6097
1434 福懋,現股當沖比重,0,0,0,0,0,0,0,0,0,0,0,0,0,0,0,0,0,0,0,0,0,0,0,0,0,0,0,0,0,0,0,0.96,1.65,0.86,2.58,2,3.87,0.92,1.92,0.89,1.41,2.35,3.09,2.98,1.41,0.93,3.52,0.08,0.46,0.45,0.2,2.01,0.65,0.23,0.53,0.15
1476 儒鴻,週報酬率 %,2.1078,9.8624,-7.5158,12.4153,7.6305,-4.291,-8.1871,-0.6369,5.7693,5.0506,1.9616,4.902,-1.4953,-3.9848,0.7906,2.3529,6.3219,6.6666,-0.6756,0.8503,7.0826,2.6771,5.2147,6.4141,3.2877,0.6631,-13.307,6.9909,-6.2501,-0.5918,-6.0606,5.4838,-14.5261,20.0357,-1.0432,9.9397,-3.5617,2.983,6.4828,1.2954,0.2557,-6.8878,-9.863,10.0305,-5.5249,-1.4621,-1.0386,0.7496,-3.2737,-2.7693,-9.8102,8.7718,1.129,-2.5518,1.1457,11.4887
1476 儒鴻,現股當沖比重,0,0,0,0,0,0,0,0,0,0,0,0,0,0,0,0,0,0,0,0,0,0,0,0,0,0,0,0,0,0,0,10.03,4.47,7.91,8.92,13.98,9.78,7.17,12.4,8.81,14.91,11.72,10.6,8.9,15.83,10.85,9.89,9.81,9.77,10.21,7.7,8.43,12.87,9.52,9.83,14.05
1477 聚陽,週報酬率 %,7.5758,1.0563,-0.3484,20.6292,7.2464,-5.7038,-5.9347,2.2081,-0.6174,-1.8635,-2.2152,4.5307,2.4768,-9.9698,-4.0268,3.1468,11.8645,1.8181,0.5952,-1.1835,5.0898,-3.7037,1.1834,0.2924,-3.207,-0.3012,-6.6465,0.9709,-2.2437,4.886,3.2787,-3.1746,-6.2295,5.5943,-1.6556,2.0202,2.9703,6.7308,-0.3002,1.2048,0,-4.4643,2.8037,0,-4.8485,3.1847,-1.8519,1.5722,-4.9535,-0.9773,-1.6447,3.01,-1.6233,0.33,2.3026,3.2154
1477 聚陽,現股當沖比重,0,0,0,0,0,0,0,0,0,0,0,0,0,0,0,0,0,0,0,0,0,0,0,0,0,0,0,0,0,0,0,1.01,2.69,1.43,4,4.88,2.6,4.29,3.25,2.56,0.78,7.76,2.17,0.99,1.62,0.91,5.99,2.59,3.76,5.11,5.07,2.03,2.81,2.21,0.26,3.55
1504 東元,週報酬率 %,-2.0583,-0.1752,5.2633,0.0001,4.5,5.1493,2.6604,-1.2196,-4.321,3.5484,-4.673,2.451,-0.9569,0,-0.161,1.129,3.9872,-3.0675,0.3165,0.7886,-2.9734,2.7419,-0.157,-2.5157,4.8387,-4.1538,3.8524,4.4823,1.0355,0,-0.8785,1.3294,-2.3324,3.5821,-4.755,-2.4206,3.411,1.3494,2.9586,-1.7242,-3.3626,-1.3615,3.9877,2.5074,-3.0215,-4.1543,0.4645,4.6224,-1.3254,1.4926,0,-1.1766,5.2084,-3.3945,0.1465,-1.6081
1504 東元,現股當沖比重,0,0,0,0,0,0,0,0,0,0,0,0,0,0,0,0,0,0,0,0,0,0,0,0,0,0,0,0,0,0,0,1.52,4.36,2.05,3.29,4.72,1.16,2.79,2.64,1.96,1.48,2.25,4.5,2.26,1.96,1.91,3.78,1.23,3.7,1.45,0.88,3.84,1.58,2.06,0.34,1.15
1507 永大,週報酬率 %,-3.3228,-2.6186,0.5042,11.224,8.2812,-2.1646,1.77,6.5218,-4.3537,-2.5604,3.9416,-2.5281,5.1873,4.6575,0.5236,-1.6926,9.0066,-2.3087,2.7364,0.3632,2.5332,-3.8824,6.8544,0.3436,5.0228,-2.1739,-0.1112,-1.2236,-0.6757,-5.0001,-7.1429,0.2443,2.9233,-1.7751,0.1205,2.8881,2.3392,1.1428,-3.0509,4.4288,-3.7947,-1.6241,3.5377,2.3917,-0.6675,-1.2317,-1.1337,1.7202,-1.8038,-5.7405,-9.7443,-2.5641,1.108,-1.5068,-5.2851,4.6991
1507 永大,現股當沖比重,0,0,0,0,0,0,0,0,0,0,0,0,0,0,0,0,0,0,0,0,0,0,0,0,0,0,0,0,0,0,0,1.11,0.83,1.65,0.88,0.41,0.67,0.46,0.62,2.64,0.38,0.35,2.21,0.79,3.39,0.27,0.35,0,0,2.15,3.61,1.22,3.23,0.79,2.69,4.17
1536 和大,週報酬率 %,-7.2107,3.0673,0.1984,8.7129,6.7394,11.4333,14.8545,5.0666,6.2182,-6.2126,6.4968,5.3828,-5.5618,6.0095,4.0817,9.1504,9.5808,-7.8325,-1.3835,1.2024,-2.7724,-4.1947,-5.6181,3.5714,7.931,-2.2364,-1.634,0.1107,0.6637,-0.433,0.7692,-0.2182,0.5465,0.6521,-1.2959,4.8141,2.8184,11.269,2.7372,-0.5329,-1.9642,-5.8287,0.7737,6.526,-5.7657,-3.8241,-2.5845,0.4082,-6.0975,2.0562,5.3022,-0.5035,-2.5303,10.0727,-1.5093,0.3832
1536 和大,現股當沖比重,0,0,0,0,0,0,0,0,0,0,0,0,0,0,0,0,0,0,0,0,0,0,0,0,0,0,0,0,0,0,0,0,0,0,0,0,0,0,0,0,0,0,0,0,0,0,0,0,0,0,0,0,0,0,0,0
1590 亞德客-KY,週報酬率 %,3.8194,-3.01,-1.3793,2.4476,10.5803,2.7778,5.4054,7.1226,5.3193,-5.8081,1.8767,3.9473,-5.5696,9.3834,0.7353,0,4.1362,14.486,-6.9388,-7.4561,3.5545,-2.0594,5.8411,-0.6623,4.8889,10.1694,-7.1154,-0.6212,5.2084,-4.3477,-2.1781,-0.4049,6.9105,5.5133,-0.9009,0.1817,4.1742,3.6585,4.3698,5.636,-3.9634,-2.6984,-1.4682,8.6093,-5.4877,5.1613,-0.3068,0.0001,-0.1539,-10.3236,9.2784,2.5157,0.9202,-5.9271,1.8674,0.6472
1590 亞德客-KY,現股當沖比重,0,0,0,0,0,0,0,0,0,0,0,0,0,0,0,0,0,0,0,0,0,0,0,0,0,0,0,0,0,0,0,4.2,6.64,17.46,11.88,5.69,6.8,7.78,8.77,6.16,4.44,13.54,8.81,5.45,10.95,12.59,7.37,12.38,11.03,7.59,4.44,16.27,7.33,8.48,2.69,15.04
1605 華新,週報酬率 %,-4.2792,-0.5882,0.71,0.7051,2.8004,0.454,0.5649,-1.9102,-4.0091,0.9547,-0.7092,5.357,2.26,-1.8786,1.5766,0.6652,0.9912,-1.3087,0.884,-1.862,0.3349,-3.4482,0.2303,-1.839,5.8547,-0.4426,5.9999,-0.8386,0.8457,1.4862,1.153,-0.2072,2.4922,-1.1145,-3.4836,-1.1678,2.2557,0.2101,-1.1529,0.4241,-0.9503,0.6396,2.0128,1.7654,0.9184,0.5055,-1.2073,1.833,0.5,0.995,-1.5764,0.6006,-0.4975,6.0001,2.3586,-2.7649
1605 華新,現股當沖比重,0,0,0,0,0,0,0,0,0,0,0,0,0,0,0,0,0,0,0,0,0,0,0,0,0,0,0,0,0,0,0,1.23,3.35,2.17,1.76,2.71,1.34,1.93,0.35,0.96,2.97,0.47,2.97,5.03,3.9,5.69,1.38,0.89,4.35,3.41,3.48,1.05,8.27,9.4,3.86,6.02
1707 葡萄王,週報酬率 %,6.0466,-7.0176,6.6039,5.6042,-1.2986,0.8772,6.0869,19.6721,-2.7397,-2.1127,0,-7.1943,9.3024,-4.9646,0.7462,-1.4815,8.6467,-3.4603,1.4337,-1.4134,0.7169,-7.1175,5.364,5.4545,4.1379,3.3112,-3.2051,-4.6357,0.6944,3.8062,1.0346,-5.8021,-1.0869,-2.5641,-1.1278,0.7604,-0.3775,0.7575,0.7518,-1.8656,1.9012,-2.9851,-0.3846,6.9498,-2.527,0.7407,-2.5736,1.8868,0,-2.2223,1.1364,-0.749,-1.5095,0.383,-0.7635,0
1707 葡萄王,現股當沖比重,0,0,0,0,0,0,0,0,0,0,0,0,0,0,0,0,0,0,0,0,0,0,0,0,0,0,0,0,0,0,0,0,0,0,0,0,0,0,0,0,0,0,0,0,0,0,0,0,0,0,0,0,0,0,0,0
1723 中碳,週報酬率 %,1.6836,1.9866,-3.2468,2.6846,3.8562,5.9406,3.7383,1.5015,2.6628,-2.8819,0.2968,0.5918,-0.5883,1.7751,1.7442,-1.7144,1.7441,0.2857,3.9886,-4.9314,0.8646,0.5714,-4.5455,-1.1905,0.9036,-0.8954,-1.8072,0.3067,-0.3059,-0.304,2.7607,-2.0896,2.4391,1.1905,-1.1765,0,1.7858,1.462,0.8646,1.4285,0.5634,-3.3613,0.8696,1.4367,-1.4165,1.1493,-0.8523,0.2865,-0.0001,0.5714,1.4206,1.9608,0.8243,4.0871,1.5707,-2.3196
1723 中碳,現股當沖比重,0,0,0,0,0,0,0,0,0,0,0,0,0,0,0,0,0,0,0,0,0,0,0,0,0,0,0,0,0,0,0,1.39,0.23,0.38,0.7,1.29,0,0.61,0.36,1.28,0.93,0.16,0.22,1.29,1.84,2.11,1.66,0.79,0,0,0.8,1.46,0,0.91,0,1.37
1802 台玻,週報酬率 %,-4.9658,-5.045,3.2397,2.3985,1.9819,-0.5301,0,0.3551,-5.6638,0.0001,-0.9381,3.9772,7.4682,2.5423,-0.9918,0,0.1668,0.5001,0.1657,0.9933,-3.9345,-1.0239,3.2758,-1.1686,3.5473,-3.0995,2.6937,3.6066,6.0126,0.1511,-3.4327,0.9273,-0.7656,-5.2469,-3.4202,-1.5176,-0.5137,1.549,1.6949,-4.8334,-0.5255,-1.5846,3.3989,-0.173,0.1732,-0.173,-3.6395,-0.3597,-0.9025,-2.1858,-1.3035,0.9434,-1.6822,-1.1407,-1.7308,-1.5656
1802 台玻,現股當沖比重,0,0,0,0,0,0,0,0,0,0,0,0,0,0,0,0,0,0,0,0,0,0,0,0,0,0,0,0,0,0,0,1.21,0,0.83,1.98,1.04,0.82,1.78,0.51,0.81,0,1.16,2.91,2.03,0.72,1.1,0.65,0.5,0.31,1.24,0.68,0.33,0,0.19,1.57,1.07
2027 大成鋼,週報酬率 %,1.6722,-0.6579,-0.6623,-1.0001,0.6734,1.0033,1.6556,1.6334,-1.0714,1.444,-1.4234,-2.166,5.904,-2.7875,0,-0.7168,0.361,0.3597,0,2.5089,-2.098,-3.5713,-0.0001,-2.5926,3.422,-1.1029,1.8587,1.8249,2.1505,2.9197,-1.0526,-0.7092,0.3571,0.3559,-0.3546,-1.0676,0,-0.3597,0,1.805,0.0001,0.7092,2.1127,0,1.7241,7.7966,1.8868,3.0865,11.3773,-4.0322,0.8403,-3.0555,1.4327,-1.13,2.8572,-2.2223
2027 大成鋼,現股當沖比重,0,0,0,0,0,0,0,0,0,0,0,0,0,0,0,0,0,0,0,0,0,0,0,0,0,0,0,0,0,0,0,0,0,0,0,0,0,0,0,0,0,0,0,0,0,0,0,0,0,0,0,0,0,0,0,0
2049 上銀,週報酬率 %,-2.168,4.1552,-4.7874,-2.2346,9.1428,1.8325,-0.7711,-1.5544,0.1581,7.967,-2.2901,2.0833,1.7856,1.7543,0.4927,-2.9413,3.2828,9.0464,6.7264,-3.7816,1.31,-7.3275,6.9767,3.0434,3.5866,3.8697,-1.1765,-2.3809,1.6259,-0.1985,2,0.0001,1.9608,4.9999,0.7326,-0.3636,5.6569,0.5182,4.1237,1.3202,-4.3974,-2.0442,-1.5653,7.5971,-1.8062,2.0067,-6.3935,5.6043,-2.6534,0.511,2.2035,2.1558,3.2468,0.9435,-3.1153,10.7717
2049 上銀,現股當沖比重,0,0,0,0,0,0,0,0,0,0,0,0,0,0,0,0,0,0,0,0,0,0,0,0,0,0,0,0,0,0,0,4.03,2.44,13.24,10.76,11.12,5.19,10.23,9.13,5.74,5.96,8.43,8.7,8.88,6.76,15.24,4.64,12.17,10.1,9.04,10.15,5.37,8.76,6.67,2.22,14.23
2059 川湖,週報酬率 %,-4.4545,3.4965,-0.9009,6.8182,6.8085,-1.7928,4.2596,4.2984,-4.9617,1.6064,6.3241,-5.5763,-0.7874,3.7698,1.1472,-2.4574,12.597,-10.8434,0.1931,0.1927,-1.1537,9.533,-0.5328,-4.4643,14.5794,3.7521,0.4716,6.1034,1.7699,0.7496,-2.1738,-2.8149,-2.2867,3.4321,0,1.6591,-3.1157,1.3783,6.1933,7.8236,-0.6595,0.9296,9.2105,1.2048,-5.8332,3.6662,-3.2927,1.5132,7.0807,-5.6844,4.1821,-3.1878,0.7317,0.9686,6.4748,-4.955
2059 川湖,現股當沖比重,0,0,0,0,0,0,0,0,0,0,0,0,0,0,0,0,0,0,0,0,0,0,0,0,0,0,0,0,0,0,0,2.85,4.01,6.51,2.43,0.57,3.3,1.44,5.58,10.06,2.09,3.41,11.49,13.08,7.16,8.23,3.59,5.35,7.36,8.62,8.96,2.07,9.28,0.89,6.16,8.61
2101 南港,週報酬率 %,-3.0987,-2.7615,3.8863,1.295,0.9944,1.1253,0.2783,0.1387,-2.493,-0.426,-1.7118,1.5964,0.4286,1.2802,1.4046,-0.554,2.6462,0.9497,3.7634,-3.6269,-0.0001,-2.5537,0.5517,-1.7832,4.4693,-0.5348,-0.9409,-0.9498,1.5069,0.9564,-1.0795,0.5456,0.2714,0.5414,-1.3459,-0.8185,-0.5502,0.6916,1.3736,0,-0.6774,-0.8186,2.0633,-0.4043,0.5414,-1.7497,-5.4794,-1.1594,9.0909,-0.8064,-2.8456,-0.279,-2.5175,0.1435,2.8654,-2.7856
2101 南港,現股當沖比重,0,0,0,0,0,0,0,0,0,0,0,0,0,0,0,0,0,0,0,0,0,0,0,0,0,0,0,0,0,0,0,0.73,2.83,2.74,1.21,2.59,0.19,0.68,1.43,1.22,0.08,0.61,2.97,1.49,0.64,2.67,1.95,0.29,1.6,3.51,3.66,0.69,3.96,0.99,0.75,7.12
2104 國際中橡,週報酬率 %,0.6421,0,0.3191,0.954,1.1024,0.1993,1.3334,0.6579,-0.817,-5.2718,-0.3478,1.047,-0.6908,-1.7391,0.1771,0,1.2368,-1.3961,0.7079,-0.1757,-0.1761,-3.7038,-1.4653,3.7174,1.4337,-0.53,-1.0656,-0.5385,0.722,0.7169,0.7169,0.3559,-0.3545,0.1779,-0.5329,-1.25,0.5425,0.5396,0.7156,0.1776,-0.1774,0.1776,0.532,1.5873,0.1736,0.8665,-1.7182,1.0489,2.5952,1.0119,-1.6694,-1.3583,0,3.0981,0.167,-1
2104 國際中橡,現股當沖比重,0,0,0,0,0,0,0,0,0,0,0,0,0,0,0,0,0,0,0,0,0,0,0,0,0,0,0,0,0,0,0,0,0,0,0,0,0,0,0,0,0,0,0,0,0,0,0,0,0,0,0,0,0,0,0,0
2204 中華,週報酬率 %,-1.2751,-7.1956,5.169,-0.9452,0.6205,0.5895,-0.3906,-0.9805,-4.9505,0.8333,2.6861,3.8229,-0.5813,2.9241,0.0001,0.7576,2.4436,1.2844,1.6304,-2.1391,1.2751,-3.0575,0.5566,-0.9225,2.7933,-1.087,1.8315,2.1583,1.5845,-0.5172,1.7332,-0.8518,-1.031,-2.0834,0,-3.3688,1.2844,1.087,0,-0.3584,-2.8777,-2.4075,1.8975,1.8622,0.3657,2.0037,-2.3215,1.6453,-2.1583,3.4928,1.7762,1.3962,-0.3443,0.518,-1.3745,1.5679
2204 中華,現股當沖比重,0,0,0,0,0,0,0,0,0,0,0,0,0,0,0,0,0,0,0,0,0,0,0,0,0,0,0,0,0,0,0,0.79,3.11,0.37,4.48,5.91,5.61,1.54,1.08,1.09,0.94,1.49,2.12,0.4,10.04,0.24,0.89,5.16,5.3,1.97,0.77,0.68,0.14,0,0.45,0.54
2227 裕日車,週報酬率 %,-4.5936,-4.9999,3.1189,8.8204,2.9198,2.1276,-4.1667,0.3624,-1.8051,3.4927,-0.7104,8.9446,9.0314,5.4218,0.8571,-1.6997,1.0087,0.4279,8.5228,0.5236,-0.1301,-0.9126,1.4474,0.908,2.5707,-0.5014,1.6371,7.3109,-0.4619,0.4761,1.5081,-2.9714,-6.9494,0.0001,-0.2532,-3.4264,-2.7595,1.3513,1.7333,6.6842,-2.2113,-3.1407,-0.5188,2.9987,-2.2786,0.259,-0.9045,-0.9127,-3.6841,-4.2349,1.2838,1.4086,2.9167,-0.1349,0.8108,2.5469
2227 裕日車,現股當沖比重,0,0,0,0,0,0,0,0,0,0,0,0,0,0,0,0,0,0,0,0,0,0,0,0,0,0,0,0,0,0,0,0,3.56,8.21,5.85,13.97,8.92,5.32,5.31,10.27,4.8,3.75,3.3,7.87,7.58,6.58,2.72,4.43,4.69,6.37,6.81,1.7,1.12,1.06,0,1.87
2231 為升,週報酬率 %,-2.317,-6.3671,2.2667,6.6216,0.3862,9.6153,9.0059,4.1845,7.6209,-5.5502,-1.5198,-3.498,7.1427,-0.4975,9,-0.9174,-6.4815,-0.99,-1.7,-1.3224,1.5464,-1.5228,0.0001,5.6701,5.3659,8.7962,11.4893,0.3817,2.2814,-4.3795,-2.6022,-3.0533,0,15.748,0,0,8.5035,11.2852,-0.5634,21.2465,8.1776,-5.1836,4.7836,11.7391,-1.751,-4.3565,7.4533,3.2755,-1.1193,-3.0188,15.3696,11.6357,-3.3233,0.9375,9.9072,12.9578
2231 為升,現股當沖比重,0,0,0,0,0,0,0,0,0,0,0,0,0,0,0,0,0,0,0,0,0,0,0,0,0,0,0,0,0,0,0,0,0,0,0,0,0,0,0,0,0,0,0,0,0,0,0,0,0,0,0,0,0,0,0,0
2313 華通,週報酬率 %,-2.7668,6.0975,1.1494,-1.5152,2.0157,2.7452,3.8168,4.4117,2.4647,-1.3746,-0.6969,-3.5088,1.091,1.0792,2.1352,-0.697,0.351,-5.944,2.6022,1.4493,3.9286,5.842,6.4935,-1.2195,5.8641,0.8746,-1.1561,0.5848,-0.2907,1.4535,2.0408,2.5715,-3.3427,-1.7291,-0.8798,-0.2959,-3.2641,0.6136,-1.2196,1.2346,0.0001,-2.7439,6.2695,10.6195,-4.2666,3.6212,3.7634,4.4042,3.9702,-4.7733,3.7593,0.483,0.7212,-1.1933,-4.1064,-3.5264
2313 華通,現股當沖比重,0,0,0,0,0,0,0,0,0,0,0,0,0,0,0,0,0,0,0,0,0,0,0,0,0,0,0,0,0,0,0,0,0,0,0,0,0,0,0,0,0,0,0,0,0,0,0,0,0,0,0,0,0,0,0,0
2337 旺宏,週報酬率 %,0.8709,-1.0072,1.0174,0.4316,9.7421,-4.0469,0.4081,-3.1164,-1.8181,-0.9973,1.4388,-0.8511,-0.2861,5.8824,-1.084,-1.6438,-0.8358,-2.3876,2.8776,-1.958,-2.7104,-0.4399,-3.0928,-0.4559,1.9847,-0.8982,-3.3232,3.5938,0.0001,1.9757,1.8099,4.8889,0.1413,-5.6417,-0.7474,-1.9578,0.7682,0.7621,1.3614,-1.9403,-0.761,-3.5276,0.4769,0.9494,1.0972,12.5582,-5.0965,0,1.3063,-2.1491,0.2929,6.8614,1.0929,-1.7568,2.751,-2.2758
2337 旺宏,現股當沖比重,0,0,0,0,0,0,0,0,0,0,0,0,0,0,0,0,0,0,0,0,0,0,0,0,0,0,0,0,0,0,0,7.43,6.41,1.75,5.86,7.57,7.77,7.34,8,3.07,1.43,7.4,2.54,9.39,0.98,9.55,8.09,7.6,10.2,3.3,3.51,16.07,11.97,4.1,5.62,5.97
2344 華邦電,週報酬率 %,-2.439,4.5238,-3.4167,-4.7169,-8.5397,0.1352,-4.5946,-6.0906,1.5084,3.8633,0,-1.4306,9.579,4.5033,4.3092,-2.6733,4.4944,-6.0932,0.1271,-4.7014,-3.1999,-1.9284,-0.9832,2.9788,0.6887,-2.4624,0.2806,3.7762,-0.1347,7.6716,10.7962,-1.2181,-4.1924,-2.7026,-2.1164,8.5135,0.8717,1.6049,5.1032,-4.0463,-2.4096,-4.5679,0.3881,2.1907,-0.6305,3.5534,4.1666,10.4706,5.5379,0.9082,1,12.8712,1.3158,-3.4631,5.8297,-2.1187
2344 華邦電,現股當沖比重,0,0,0,0,0,0,0,0,0,0,0,0,0,0,0,0,0,0,0,0,0,0,0,0,0,0,0,0,0,0,0,11.2,6.42,3.87,5.61,11.9,15.52,9.35,12.22,9.11,3.7,3.1,5.47,2.3,3.17,20.15,16.36,22.43,8.2,9.99,9.87,26.65,18.38,9.42,7.02,5.57
2345 智邦,週報酬率 %,0.5618,3.0727,0.813,1.6128,-1.0583,0.6993,3.4581,-4.7353,-0.2924,-4.9853,1.2346,0.3048,-0.608,-1.529,0,0.6211,0.3086,-0.923,0.6211,-2.4692,0.3164,0,-1.5773,-4.1666,2.3412,-0.6536,0.9868,-1.3029,4.9505,3.2787,-0.3144,4.7317,0,0.9036,-2.3881,1.5292,1.506,1.187,0.5866,1.1663,-1.1527,-0.8747,-0.0001,-0.8824,13.65,0.7833,-7.2538,1.9553,-2.4658,0.5618,2.2346,5.4644,-1.0362,1.0471,0.7771,-0.2569
2345 智邦,現股當沖比重,0,0,0,0,0,0,0,0,0,0,0,0,0,0,0,0,0,0,0,0,0,0,0,0,0,0,0,0,0,0,0,0,0,0,0,0,0,0,0,0,0,0,0,0,0,0,0,0,0,0,0,0,0,0,0,0
2347 聯強,週報酬率 %,1.9929,-4.8277,-5.4348,-2.4266,3.1413,-0.1269,3.118,-1.943,6.8692,11.6194,5.2049,-0.7368,4.56,-1.6227,-2.8867,-3.1847,2.8509,0,-0.8529,1.828,-2.5343,-3.3587,-1.3453,-2.2728,3.3721,0.6749,-2.6816,0.0001,2.8703,7.4999,6.5848,-0.3141,11.5546,1.5065,-4.6382,2.3347,-2.0913,-0.1943,0.7782,-0.3862,-2.7131,-2.4899,-1.7363,-3.9501,2.1645,-0.3178,-0.7438,0.5354,2.1298,-0.3127,-1.2552,2.8601,1.3389,3.252,-0.9843,-0.8945
2347 聯強,現股當沖比重,0,0,0,0,0,0,0,0,0,0,0,0,0,0,0,0,0,0,0,0,0,0,0,0,0,0,0,0,0,0,0,3.43,4.29,9.63,6.78,6,2.87,3.2,5.19,5.15,1.76,2.9,4.48,3.94,3.03,1.14,5.2,4.08,7.53,4.83,2.4,2.75,3.5,6.59,3.47,0.76
2352 佳世達,週報酬率 %,-0.5706,-2.726,-0.4425,-0.4445,2.8275,-2.026,0.4432,1.3235,-1.5965,0.1474,2.6508,0.2869,-1.1445,-1.5919,1.1765,0.5813,-0.867,-1.6035,0.8889,-2.2027,0.9009,-4.7619,1.5625,-1.2307,3.4269,-0.9037,-1.9757,6.8217,4.4992,3.2394,9.4444,-0.2539,2.2902,0.1243,0.3727,13.9852,-0.8687,15.5531,-2.3697,-1.9418,1.4851,-5.2683,-2.3686,7.0676,5.9113,-2.3256,-4.2858,-0.0001,0.0001,-3.184,2.6721,3.6035,-0.4831,1.4563,-1.4354,2.9125
2352 佳世達,現股當沖比重,0,0,0,0,0,0,0,0,0,0,0,0,0,0,0,0,0,0,0,0,0,0,0,0,0,0,0,0,0,0,0,0,0,0,0,0,0,0,0,0,0,0,0,0,0,0,0,0,0,0,0,0,0,0,0,0
2353 宏碁,週報酬率 %,-5.5555,-2.2624,-0.463,4.1861,3.7947,-5.1613,1.5872,-1.7858,-8.1818,-3.2179,-1.2788,3.3679,0.7518,-0.2488,0.7481,0.7426,-0.9828,-3.2258,0,-1.5384,-1.3021,-12.9288,-4.5455,4.127,-2.1342,2.1807,2.1341,2.0896,8.4796,1.3851,-4.0431,4.4945,2.1505,-4.7368,-0.8287,-0.5571,0.8403,2.2221,-1.9022,-0.277,0.5556,-1.6574,0.2809,2.521,3.2787,1.3227,-2.3498,2.139,0.5236,2.0834,-1.0205,0.5156,14.8718,-2.9018,-0.9195,-1.6241
2353 宏碁,現股當沖比重,0,0,0,0,0,0,0,0,0,0,0,0,0,0,0,0,0,0,0,0,0,0,0,0,0,0,0,0,0,0,0,2.5,3.18,4.12,3.72,4.28,2.54,5.43,1.29,1.66,1.02,2.55,2.13,3.35,2.33,1.35,2.32,3.3,10.46,2.38,0.61,5.6,6.41,5.18,4.81,0.68
2356 英業達,週報酬率 %,-1.7545,3.2144,15.5709,7.4851,5.2925,0.4722,20.5479,-7.5,-0.2456,0.0001,8.3743,10.6817,13.3471,-2.8987,0.7462,2.7778,4.1441,-1.0381,-6.2937,-1.8656,0.19,-10.8159,-9.7872,0.9433,16.3551,-4.0161,-0.8369,5.6963,4.5908,2.1318,1.145,-1.8869,7.5,4.1143,-3.9519,2.5044,-1.2217,8.3039,4.2415,-5.0078,-1.4827,0.5017,-2.8286,3.4247,-3.3112,0,-6.8493,2.2059,-5.7554,4.7709,0.3643,1.6333,-1.7857,3.6364,0.5262,-1.9199
2356 英業達,現股當沖比重,0,0,0,0,0,0,0,0,0,0,0,0,0,0,0,0,0,0,0,0,0,0,0,0,0,0,0,0,0,0,0,5.36,5.27,3.47,7.21,7.06,4.58,8.35,7.02,4.78,7.83,4.38,6.55,5.19,4.47,7.1,4.53,9.02,8,6.01,4.93,1.77,6.26,6.4,4.02,3.62
2360 致茂,週報酬率 %,0.1835,-7.8755,1.3917,8.6275,7.109,-2.0979,7.1429,4.1666,1.28,1.1057,0.3125,7.944,-4.7618,0.1515,0.7564,-1.8018,2.4465,-1.6418,8.8013,-10.4602,-5.7633,-1.4877,-0.1678,-4.2017,5.2632,2.8333,-3.5656,0.3361,2.345,2.6273,1.4731,0.6451,-0.641,6.6128,-1.6641,4.3077,1.3275,5.6769,0,-3.5813,2.8572,-2.7779,3.1429,1.662,-0.5449,0.2741,6.4208,1.5404,-4.2984,-0.3963,2.9178,-3.4794,8.2777,3.4526,-2.503,1.4669
2360 致茂,現股當沖比重,0,0,0,0,0,0,0,0,0,0,0,0,0,0,0,0,0,0,0,0,0,0,0,0,0,0,0,0,0,0,0,1.8,0.53,4.71,4.7,5.1,3.45,6.02,4.9,1.3,2.89,1.91,4.2,1.77,2.34,2.15,8.45,6.61,1.57,4.26,3.37,3.75,2.52,5.74,3.14,12.5
2371 大同,週報酬率 %,-3.7453,-0.9078,-1.1781,2.3841,-1.8112,-1.1858,-0.2667,1.2033,-2.1136,-0.6748,-1.4946,-0.0001,3.8622,0.5313,-0.1321,1.5873,1.0416,2.8351,4.1354,-1.5643,-0.8557,-3.2059,1.5287,-0.6274,1.8939,0.4958,-0.3699,0.6188,1.1071,1.3481,-0.2433,5.7319,-0.1154,-0.1155,0,1.6185,4.8919,10.0866,-1.7733,-4.1124,-0.6277,-0.8421,-0.1061,-1.169,0.7527,-0.9604,-1.2932,6.2226,0.4111,-3.7871,1.7021,0.1046,1.5675,1.9547,-4.1372,-0.421
2371 大同,現股當沖比重,0,0,0,0,0,0,0,0,0,0,0,0,0,0,0,0,0,0,0,0,0,0,0,0,0,0,0,0,0,0,0,0,0,0,0,0,0,0,0,0,0,0,0,0,0,0,0,0,0,0,0,0,0,0,0,0
2376 技嘉,週報酬率 %,-2.4649,-0.3609,1.4493,0.3572,1.2318,1.8904,0.5566,-0.738,-0.3717,1.8657,-0.1831,-0.9173,6.2964,-2.2648,0,1.0695,3.351,3.0716,1.9868,3.7337,1.8779,-1.6897,3.5936,3.6199,7.5692,0.9472,3.8875,-4.2581,-2.291,-0.8264,3.0345,0.0001,2.8112,2.9948,0.6321,-0.6281,4.9304,1.4458,6.8883,-2.3333,-3.4129,1.06,-0.4662,5.3865,4,5.7693,-5.7576,1.8221,3.3685,-1.9348,3.2191,3.823,-4.9419,-1.5291,-1.2422,-1.0482
2376 技嘉,現股當沖比重,0,0,0,0,0,0,0,0,0,0,0,0,0,0,0,0,0,0,0,0,0,0,0,0,0,0,0,0,0,0,0,0,0,0,0,0,0,0,0,0,0,0,0.92,0.68,2.63,3.71,0.66,2.95,2.23,3.4,4.39,3.54,1.95,0.76,0.87,0.65
2377 微星,週報酬率 %,-1.6233,-1.6501,5.3691,0.637,1.2658,4.6875,6.2686,-1.4046,1.4245,1.1053,4.4379,-0.5665,10.5414,-4.6392,2.7027,-0.5264,3.9683,-1.5267,0.7753,-0.7691,1.0336,-4.6037,5.0938,5.8673,2.6506,7.0422,5.7018,2.0747,-2.2358,1.4674,3.3264,-2.012,-0.0001,6.7762,1.9231,8.6792,-0.868,0.8757,5.0347,-7.6033,4.8301,2.5597,0,0.6656,4.1323,2.2223,-0.3106,3.8941,7.1964,14.8251,2.6797,5.8126,-0.2242,-3.0336,5.446,-2.3077
2377 微星,現股當沖比重,0,0,0,0,0,0,0,0,0,0,0,0,0,0,0,0,0,0,0,0,0,0,0,0,0,0,0,0,0,0,0,0,0,0,0,0,0,0,0,0,0,0,0,0,0,0,0,0,0,0,0,0,0,0,0,6.02
2379 瑞昱,週報酬率 %,0.4213,-4.4756,3.9531,-1.9718,4.1667,-3.0344,2.4182,3.0557,-6.469,3.1632,-1.3335,-0.3004,6.7771,-2.9618,4.7964,-1.1096,2.2442,-5.0754,-0.2889,1.5943,-0.7132,2.4425,1.2623,-5.4017,4.9779,1.8131,3.8357,4.4854,-0.3788,2.8276,3.2952,-2.3312,5.7789,-0.5938,-0.8363,1.8072,0.7101,0.4701,5.2631,1.4445,-0.3287,-3.4066,2.3891,1.5555,-2.6258,1.6854,-6.8509,4.9823,-0.0001,0.9039,3.4714,0.1082,3.3515,3.3474,-2.5303,-2.2846
2379 瑞昱,現股當沖比重,0,0,0,0,0,0,0,0,0,0,0,0,0,0,0,0,0,0,0,0,0,0,0,0,0,0,0,0,0,0,0,2.64,5.37,5.42,9.74,8.47,3.6,2.77,3.98,5.06,2.35,2.75,4.73,2.71,2.01,2.88,2.77,2.96,2.86,4.76,6.76,2.76,4.87,3.42,1.57,5.11
2383 台光電,週報酬率 %,-1.9749,-3.4799,0.1897,1.3257,-0.5607,0.3759,2.6217,-0.365,-0.9158,-0.7394,0,-1.7522,3.252,-1.1811,-0.3984,0.6001,-0.1987,-2.7888,-1.0245,0.8281,-0.6159,0,1.8596,-0.4057,3.8696,-0.3922,-2.5591,-1.0101,2.2448,1.4198,0.1996,3.984,1.3411,-0.1891,-1.5152,5.577,-2.1857,2.7933,-1.4493,-1.2868,0.0001,0,1.676,2.9304,-1.6014,1.6275,-3.3808,0.5525,-0.7326,3.8745,1.5987,0,1.2237,3.2815,0.669,0
2383 台光電,現股當沖比重,0,0,0,0,0,0,0,0,0,0,0,0,0,0,0,0,0,0,0,0,0,0,0,0,0,0,0,0,0,0,0,0,0,0,0,0,0,0,0,0,0,0,0,0,0,0,0,0,0,0,0,0,0,0,0,0
2385 群光,週報酬率 %,2.6733,-2.2485,-0.6053,-0.641,2.0425,-4.2146,-5.3332,-0.7042,-3.546,2.0588,0.5763,-0.8596,4.3352,-0.277,0.6944,3.7241,-2.1278,-2.0381,-0.1387,-1.1111,3.2304,-2.1768,0.5563,2.0746,0.271,-1.2161,1.7784,-0.2688,0.1348,0.9434,3.3646,0.6511,0.2587,1.4193,-1.3995,-2.3226,0.0001,1.9815,2.7202,-2.0177,0.1287,-1.4138,1.3038,1.4157,0.0001,-1.5227,0.902,0.6386,0.8884,0.629,-0.375,1.7566,4.6857,0.1178,-0.733,1.0024
2385 群光,現股當沖比重,0,0,0,0,0,0,0,0,0,0,0,0,0,0,0,0,0,0,0,0,0,0,0,0,0,0,0,0,0,0,0,1.96,1.03,1.52,2.58,2.57,3.69,1.04,2.93,1.98,2.95,0.89,1.46,1.63,0.79,3.49,3,2.18,1.18,0.72,0.55,0.75,0.44,2.15,1.81,1.96
2439 美律,週報酬率 %,3.2479,7.4504,-4.3143,5.475,5.3435,-4.4928,5.238,6.2992,2.2222,0.7247,4.4605,-0.1377,8.9655,3.4176,2.2032,-3.3533,0.3718,2.5926,14.32,3.6842,3.5532,2.9411,2.381,10.6977,7.563,5.4687,-0.3704,15.9851,5.7693,13.7255,2.7273,-13.2744,5.4422,19.3548,-5.1351,-1.1397,1.4409,-3.1249,-1.7595,3.8806,8.3333,-14.0584,3.395,5.9701,-8.7325,-4.9383,5.5196,1.2307,-0.304,6.4024,8.023,-1.3263,-8.8709,-1.7699,0.3003,-4.491
2439 美律,現股當沖比重,0,0,0,0,0,0,0,0,0,0,0,0,0,0,0,0,0,0,0,0,0,0,0,0,0,0,0,0,0,0,0,0,0,0,0,0,0,0,0,0,0,0,6.13,13.4,9.58,12.15,13.58,7.55,8.35,13.26,7.62,7.9,0,4.93,5.73,6.68
2441 超豐,週報酬率 %,-1.9455,1.1904,-1.5687,0.7968,0.3952,-1.1811,1.5936,-0.0001,3.1372,0,0.3803,0.4033,0.4016,-0.8,1.8146,1.1881,-0.7828,-0.9862,0.3984,0.1984,0.5941,1.181,-0.9727,-1.3752,1.3945,0.5894,2.5389,3.0476,-0.3696,2.9963,4.6382,3.5462,0.1712,-0.1709,-0.3425,3.4364,-2.3256,1.8708,1.0017,0.3305,3.6244,-2.7028,3.2681,4.7469,5.1359,3.3046,-0.6954,2.8011,5.8583,-2.3166,1.7129,0.6477,4.5044,2.7094,-2.3981,-1.9656
2441 超豐,現股當沖比重,0,0,0,0,0,0,0,0,0,0,0,0,0,0,0,0,0,0,0,0,0,0,0,0,0,0,0,0,0,0,0,0,0,0,0,0,0,0,0,0,0,0,0,0,0,0,0,0,0,0,0,0,0,0,0,0
2449 京元電子,週報酬率 %,-3.0024,-1.1905,6.506,3.1674,1.0023,-7.2892,4.4226,-4.4706,-0.2463,2.716,7.2114,-0.6726,-0.2258,0.4525,-5.4055,-2.3808,-2.4391,-4.2501,2.8721,-2.0304,4.6632,-6.4357,0,0.7937,-0.5248,0.5277,-0.2625,-2.1053,4.5699,8.7766,7.9692,-2.8572,4.1668,0.9412,-2.0979,0.9524,0.9434,0.9346,13.426,-1.6327,5.6017,4.9116,-7.116,2.6209,-3.34,0,-7.1139,4.1576,0.8405,1.4584,6.9815,-0.192,6.5385,-2.1662,-1.107,3.7314
2449 京元電子,現股當沖比重,0,0,0,0,0,0,0,0,0,0,0,0,0,0,0,0,0,0,0,0,0,0,0,0,0,0,0,0,0,0,0,2.04,2.57,3.02,2.68,3.88,6.19,1.76,9.51,6.78,5.85,3.41,3.44,3.41,7.53,4.33,5.64,4.25,3.56,2.98,3.92,3.02,6.8,6.49,3.56,5.28
2451 創見,週報酬率 %,-3.9595,-1.6912,0.0001,-0.8632,3.4882,2.4719,-2.9605,-2.2599,-0.5781,1.2792,-2.0666,3.517,2.1518,0.887,2.5275,0.3215,0.9615,-1.5873,-0.1075,-0.1077,0.2155,-1.2903,-1.7429,-2.3282,0.0001,-1.8162,-1.8498,-2.238,0.723,2.6348,3.3493,2.0834,0.3401,2.8248,-0.8791,-0.4434,1.1136,1.6522,0.1083,-1.8397,0.5513,5.1534,1.6685,4.6154,-0.4901,-1.4778,-1.8,1.3238,5.5275,0.9524,0,2.8302,0,0,0.4589,-0.4566
2451 創見,現股當沖比重,0,0,0,0,0,0,0,0,0,0,0,0,0,0,0,0,0,0,0,0,0,0,0,0,0,0,0,0,0,0,0,5.34,0,0.19,2.77,1.53,2.08,3.88,0.59,0.73,0.22,6.08,3.26,1.6,3.29,1.61,1.86,1.65,5.02,4.94,1.66,0.83,7.6,0.3,0.41,0
2492 華新科,週報酬率 %,-7.0197,-3.1787,2.5992,1.0667,-0.2639,-1.5874,4.1667,-1.1612,-0.3916,-0.3932,-0.5264,-0.5291,6.516,-4.4944,0.7844,3.7612,1.5,-2.3399,1.5132,-2.1117,-1.1422,-4.6213,0.2692,-2.5503,5.2342,0.1309,0.6536,0.2597,2.5906,2.564,0.7575,3.1327,1.0936,3.4855,-0.6969,3.6257,3.2731,1.858,-1.5022,-3.5947,0.452,0.6749,-2.5699,1.7202,0.6764,1.5678,-0.7718,0.5556,1.6575,-1.1957,5.3906,8.5595,17.3078,2.0492,-0.4015,-4.8387
2492 華新科,現股當沖比重,0,0,0,0,0,0,0,0,0,0,0,0,0,0,0,0,0,0,0,0,0,0,0,0,0,0,0,0,0,0,0,0,0,0,0,0,0,0,0,0,0,0,0,0,0,0,0,0,0,0,0,0,0,0,0,0
2542 興富發,週報酬率 %,-3.6698,-3.3333,3.4482,-0.7938,4.8001,3.7474,-0.6153,5.5728,6.0118,0.415,-8.4021,0.0001,-0.3007,0.6033,-1.0495,-3.0303,2.3437,-1.6794,2.1738,-3.4955,-1.7323,0.8013,3.4977,-1.3824,1.8692,-4.1284,0,0.957,-1.1059,0.3184,-0.639,-4.0193,0.6701,1.1648,0.1645,-0.821,0.6622,3.6184,-2.2222,1.948,-0.7962,1.4446,11.2341,-0.1423,0.1426,-0.9957,-5.0287,3.4796,-0.8772,1.0324,0.438,1.5989,-2.7181,0.294,-0.8798,-1.7752
2542 興富發,現股當沖比重,0,0,0,0,0,0,0,0,0,0,0,0,0,0,0,0,0,0,0,0,0,0,0,0,0,0,0,0,0,0,0,9.08,8.07,6.45,2.14,0.69,1.93,0.91,3.94,0,0,2.48,1.62,2.7,1.63,0.09,1.44,0.49,0.32,0.22,1.47,0.59,1.42,4.21,2.43,0.29
2603 長榮,週報酬率 %,-2.4316,1.8692,0.3057,-0.6098,1.8405,3.6145,-2.035,-0.2967,-0.8928,-0.9009,2.4243,0,4.142,3.125,1.3774,-2.9891,-1.1205,-2.2663,0,-0.29,-1.1627,-0.0001,-0.5881,-1.1835,4.7904,-2.0001,0.0001,2.3324,3.1339,0.0001,0.0001,-2.4861,1.6997,1.3929,-2.1978,-0.8427,-0.2834,0.8523,1.4084,-0.8332,-2.2409,-1.7191,2.3324,1.4245,-1.1236,1.1364,-3.3709,-0.2907,0,1.4576,-0.8621,-0.29,-3.1977,0.0001,0.3003,-2.3951
2603 長榮,現股當沖比重,0,0,0,0,0,0,0,0,0,0,0,0,0,0,0,0,0,0,0,0,0,0,0,0,0,0,0,0,0,0,0,0.19,0.83,0.8,5.35,4.64,0.64,0.43,0.3,2.4,1.85,2.33,1.36,0.75,0.09,4.08,0.27,0.35,2.55,1.97,0,2.71,1.39,0.81,0.51,0.31
2606 裕民,週報酬率 %,-3.2433,-3.5754,8.9224,0.2127,0.2123,5.6701,-1.0571,-1.4957,-1.3014,-1.2087,-1.4459,4.0631,3.2538,6.7226,2.5591,3.6468,0,-4.6296,-1.5535,-3.353,0.5103,1.5229,-1,-2.0203,7.6287,-0.7663,1.3513,-0.3809,2.868,0.3752,-3.7175,2.3167,0,0.5661,-5.6285,0.994,0,-0.1969,0.1972,0.9842,-0.9748,-0.7873,1.1905,0.9804,-0.5825,-0.9766,-0.5918,0.5951,0.1972,1.5749,-0.7752,-1.3673,-1.2872,1.5044,-0.9881,0.9979
2606 裕民,現股當沖比重,0,0,0,0,0,0,0,0,0,0,0,0,0,0,0,0,0,0,0,0,0,0,0,0,0,0,0,0,0,0,0,0.31,0.09,0,0.66,1.13,0,1.04,1.06,0.78,1.39,0.08,1.11,0.64,0.45,0.63,0.6,0,0.43,0.79,0.31,0.1,0.36,1.18,0.25,0
2610 華航,週報酬率 %,-3.8961,0.9009,0.8928,0.4426,-1.3216,1.7858,-1.3158,-1.3333,-3.6036,0.9345,-2.3148,-0.474,0.4763,2.8436,-0.9217,2.7907,-1.3575,-2.7523,0.4717,-0.0001,0,0.4695,-0.4673,-0.939,2.8436,-1.8434,0,0,1.878,2.3364,-0.9216,0.4652,0,-1.3889,0,-2.817,0.9662,-0.957,0.4831,-0.9616,-0.9708,-0.9803,-0.495,0.995,0.9852,0.4878,-1.9417,0.495,1.4778,-0.9709,0.4903,-0.9756,0,-0.0001,-0.9852,-0.4975
2610 華航,現股當沖比重,0,0,0,0,0,0,0,0,0,0,0,0,0,0,0,0,0,0,0,0,0,0,0,0,0,0,0,0,0,0,0,1.71,3.47,2.25,2.07,2.68,0.39,0.16,1.64,0.25,0.16,0.17,0,4.31,2.67,0.45,0.72,0.79,0.91,2.01,2,2.14,0.66,0.65,1.22,1.36
2615 萬海,週報酬率 %,-5.6427,0.0001,2.6578,2.2654,8.297,3.3846,-0.2976,-3.2837,-6.1729,0.6579,1.3071,4.5162,2.1605,-0.0001,2.1148,-0.5918,2.0834,-1.7494,0,-2.6707,-2.1342,-4.9844,0.3278,-1.3073,2.3178,-3.5599,0.6711,-0.6667,3.0201,2.3102,-0.9772,0.329,-0.6557,0.6601,-3.2787,-0.6781,1.0239,-0.3378,-4.0678,0.3533,0,1.0563,0.3484,0.3472,2.7681,2.6937,-0.6556,0.99,2.6144,-4.4585,-1,-1.6835,0.3424,3.4129,2.9702,-1.9231
2615 萬海,現股當沖比重,0,0,0,0,0,0,0,0,0,0,0,0,0,0,0,0,0,0,0,0,0,0,0,0,0,0,0,0,0,0,0,0,2.2,0.74,0.12,1.31,1.53,0,0.02,0.64,1.9,1.04,0,0.99,0.2,0.35,1.28,1.19,2.32,1.33,0.11,0.34,0,0.66,0,0.07
2618 長榮航,週報酬率 %,-0.5848,-1.4706,2.388,-0.8747,-0.5883,1.1835,-1.1697,-0.2958,-3.2641,0,-1.227,-1.2422,2.2014,1.2309,0.6079,2.4169,-1.77,-1.8018,1.529,-1.8073,-0.6135,-0.6173,1.8633,-1.2195,5.247,-2.3461,-0.3003,-0.3012,0.3021,-0.3003,0.6024,-0.2994,-1.5015,-0.6097,-1.227,-1.2423,-1.5724,-0.3194,-0.3204,0.9647,-1.5925,-0.6474,0.6515,0,1.9417,0,-3.1745,0.6558,0.6515,-0.6472,-0.6515,-0.9836,0,-1.6556,-3.0304,-0.3472
2618 長榮航,現股當沖比重,0,0,0,0,0,0,0,0,0,0,0,0,0,0,0,0,0,0,0,0,0,0,0,0,0,0,0,0,0,0,0,0.21,0.31,0.12,0.48,0.38,0.98,2.42,1.21,0.4,1.42,4.68,0.23,0.67,0.86,1.02,0.62,1.22,1.1,2.43,4.15,0.48,0.57,0.47,0.21,0.62
2723 美食-KY,週報酬率 %,-1.6949,-3.4483,6.1544,-7.2254,13.7071,-5.4795,2.6086,-3.9548,-3.8236,12.5383,3.2609,2.1052,15.4639,2.4553,-5.4466,-3.6866,0.4784,-0.4762,3.3492,-5.0926,-2.439,0.75,-3.2257,5.6409,2.4272,-1.4219,-3.6058,-0.7481,2.2614,0.7501,-1.9656,-0.2506,-4.0202,-4.9738,0.8264,1.3662,9.1645,11.8516,0.4414,-0.4396,5.9603,8.3335,-9.4231,-2.1231,2.1692,3.1847,0.2058,-0.616,1.4463,0.8147,-7.2728,-1.3073,3.3113,0.8547,-0.0001,-1.9986
2723 美食-KY,現股當沖比重,0,0,0,0,0,0,0,0,0,0,0,0,0,0,0,0,0,0,0,0,0,0,0,0,0,0,0,0,0,0,0,1.18,0,0,3.57,1.13,2.94,3.76,3.76,2.31,7.2,8.41,14.77,11.75,6.25,8.48,4.14,9.54,4.72,4.55,0,0.21,0,0.88,0.95,0
2809 京城銀,週報酬率 %,-1.8868,-3.6538,1.7964,-0.5884,1.3806,2.3346,3.2432,1.9494,-2.2944,0.3914,-2.3391,1.5968,0.9823,-1.9455,0.3968,-0.5929,4.5726,-0.5703,-0.3824,0.7678,-0.1906,-0.7632,0.577,-0.7647,0.578,-0.7662,1.7374,1.5181,2.4298,4.0293,2.7373,0.7105,2.2929,1.3793,0.5102,1.0153,-5.1925,1.9434,-0.5199,0.871,-0.6907,-3.3044,1.2589,1.5985,-1.2239,1.239,-2.6224,2.5134,0.8756,-1.3889,0.1761,0.5273,1.0489,0.8652,-1.3722,-0.5217
2809 京城銀,現股當沖比重,0,0,0,0,0,0,0,0,0,0,0,0,0,0,0,0,0,0,0,0,0,0,0,0,0,0,0,0,0,0,0,0.25,0.68,0.69,2.13,1.05,0.37,0.44,2.4,2.42,0,0.81,0.12,2.03,1.76,0,0.04,0.55,1.49,0,0,0,0.06,0.24,1.14,0
2812 台中銀,週報酬率 %,-0.4607,-0.4629,0.9303,0,1.3824,-0.9092,0.9175,0,-0.9091,0.4587,-0.4566,0,1.8348,0.4212,0.4854,0.0001,1.4492,1.9048,2.8037,-1.8182,0.0001,-0.0001,-0.9259,0.4673,0.9302,-0.4608,0.463,-0.4607,0.4631,1.389,0.4609,0.4588,-0.4566,0,0,0,-0.9174,0.4631,-0.4609,-2.3148,-0.4739,-1.9048,0,0.4854,-0.0001,-0.9661,-1.9513,0.4975,0.9901,0.4902,-0.4878,2.451,-0.9569,1.4493,0.9524,0
2812 台中銀,現股當沖比重,0,0,0,0,0,0,0,0,0,0,0,0,0,0,0,0,0,0,0,0,0,0,0,0,0,0,0,0,0,0,0,0,0,0.68,0.2,1.23,0.3,0.17,0,0.3,0.06,0.1,1.05,0.17,0.16,0,0.19,0.22,0.16,0.15,0.41,0,0,0,0.07,0.07
2834 臺企銀,週報酬率 %,-2.5359,1.81,-0.6667,0.2236,1.674,-0.2195,1.2103,0.4348,-3.3551,0.5061,-1.3905,1.6451,1.6185,-0.9102,0.5741,1.0274,0.565,1.6854,0.1105,-1.5453,0.7848,-1.7798,0.3398,1.3545,0.1113,-0.6674,0.3359,0.4464,0.4444,1.0022,0.332,0.1102,0.7709,-0.1092,-1.5317,-0.5555,1.5642,0.1101,-0.5495,-0.5525,-0.2222,-1.3363,1.3544,0.8909,0.2207,-0.6607,-0.9978,-1.0079,0.7919,1.5712,0.3315,1.6519,-0.9752,0.1093,0.5464,0.5435
2834 臺企銀,現股當沖比重,0,0,0,0,0,0,0,0,0,0,0,0,0,0,0,0,0,0,0,0,0,0,0,0,0,0,0,0,0,0,0,0.15,0.11,0.31,0.36,0.09,0.01,0.06,0.08,0.38,0.02,0,0.12,0.65,0.04,0.48,0.11,0.33,0.8,0.04,0.46,0.93,3.89,0.19,0.16,0.78
2845 遠東銀,週報酬率 %,-2.0243,2.0662,-1.6193,-0.8231,3.3195,-0.8032,0.8097,0.4015,-2,0.8164,-0.4049,-1.2195,4.6963,-0.4201,0.8439,0,-0.4183,2.1008,0.823,-0.8163,0,-1.2345,0.4166,0,0.4149,-0.8264,1.2499,-0.4115,2.0661,0.8097,0,0,-2.0243,-2.4794,0.4237,-0.4219,-3.3898,0.4386,-0.8734,-0.8811,-1.3334,-3.6036,1.8691,0,0.4587,-0.4566,-2.7522,0.4717,-0.4695,-0.0001,0.4717,1.4086,0.4629,0,-0.4608,1.389
2845 遠東銀,現股當沖比重,0,0,0,0,0,0,0,0,0,0,0,0,0,0,0,0,0,0,0,0,0,0,0,0,0,0,0,0,0,0,0,0.11,0.23,3.11,0.53,1.34,0.3,0.09,0.96,0.42,0.05,0.32,0.13,0,0.17,0.17,0.12,0.29,0.07,0.18,0.22,1.2,0,0,0,0
2867 三商壽,週報酬率 %,-1.548,-1.5723,0.9585,-2.2151,10.6797,9.6491,-0.7999,-0.2688,-3.1429,2.065,-0.8671,0.583,2.6088,-0.2825,0,-0.5666,1.4245,12.3595,2.25,-3.423,4.8101,-1.2078,-0.7336,1.724,1.4527,0.2387,-0.9523,1.9232,-0.4717,0.2353,-0.7109,-0.9546,-2.6506,-1.7327,-1.7632,1.2821,-0.7595,0.5102,-1.269,-0.257,-2.3197,-2.3747,-2.7028,2.7778,-0.2703,-3.5231,-4.1284,-0.8798,0.5917,-1.4705,-0.8955,3.3133,-1.7493,0.5935,1.7699,2.6087
2867 三商壽,現股當沖比重,0,0,0,0,0,0,0,0,0,0,0,0,0,0,0,0,0,0,0,0,0,0,0,0,0,0,0,0,0,0,0,0,0,0,0,0,0,0,0,0,0,0,0,0,0,0,0,0,0,0,0,0,0,0,0,0
2889 國票金,週報酬率 %,-1.4778,0,0,1,-1.2871,0.2007,0,0.6006,0.2816,-0.9365,-0.4202,1.2658,-0.2083,3.7577,0.2012,1.4056,0,0,0.99,-1.9608,0,0,-0.1,0,1.1011,-0.495,-0.995,-0.9045,0.7101,1.2159,0.6042,0.1001,0,0.5,-0.796,-0.4011,-2.0142,-0.1027,1.7491,-0.5055,-1.8294,-2.6915,0,0.7447,0.4224,-0.2104,-0.5268,0.106,-0.2117,0.106,-0.3179,1.0626,-0.7361,0.3178,-0.3169,0.5296
2889 國票金,現股當沖比重,0,0,0,0,0,0,0,0,0,0,0,0,0,0,0,0,0,0,0,0,0,0,0,0,0,0,0,0,0,0,0,0,0,0,0,0.17,0.53,0,0,0.98,0.1,0.29,0,0,0,0,0,0,0,0,0,0,0,0,0,0
2903 遠百,週報酬率 %,-1.4519,1.4733,3.6298,-1.5761,1.0676,1.4084,0.3472,1.7301,2.551,2.3217,-0.6482,0.3262,4.878,0.9854,1.1345,-1.7629,4.894,0.1554,-1.3974,-2.9922,-0.1624,-4.0651,-1.6949,0,4.1379,-2.4834,0,-3.905,2.2969,2.4306,-1.3816,-1.2258,-2.305,-0.1814,0.5455,-2.17,1.2939,1.2775,-0.3603,-1.2658,-1.0989,-1.2963,1.1257,2.0407,0.1819,0.726,-1.2612,2.1897,-2.1428,0.1824,0.1822,1.2728,0.5386,0.7143,-0.8865,0.7155
2903 遠百,現股當沖比重,0,0,0,0,0,0,0,0,0,0,0,0,0,0,0,0,0,0,0,0,0,0,0,0,0,0,0,0,0,0,0,0.72,1.76,0.51,0.86,0.72,0.05,0.48,0.22,2.79,0.14,0.43,1.87,4.63,0.89,2.27,0.31,2.02,0.13,3.31,0,0.05,0.43,0.05,0.34,2.48
2915 潤泰全,週報酬率 %,0,-2.9197,-0.4512,0,6.1933,2.526,-0.7248,0.0001,8.175,-1.3495,0.1368,1.5027,7.9408,-1.8704,1.6518,-6.3751,1.2017,-0.3957,1.0596,-1.0485,-0.9272,-1.3369,12.8727,-2.641,0.1993,0.3741,-2.9814,0.128,-2.0461,0.1308,-0.6528,-1.1826,-1.7287,1.0826,-2.1419,-3.0096,1.6925,-0.4161,-0.4179,-1.2587,-3.1161,2.4853,1.2839,2.8169,1.37,-0.135,-3.1124,-0.0001,0.4189,0.5563,-0.2766,2.6352,-2.7027,6.25,0.0001,-0.6536
2915 潤泰全,現股當沖比重,0,0,0,0,0,0,0,0,0,0,0,0,0,0,0,0,0,0,0,0,0,0,0,0,0,0,0,0,0,0,0,0.84,1.97,1.57,1.69,1.45,2.04,1.1,2.99,1.5,0.63,1.62,0.86,0.76,1.59,0.81,3.89,0.14,0.42,1.23,0.78,0.65,0.84,2.87,1.97,0.11
3005 神基,週報酬率 %,-5.5556,6.5744,-0.9742,1.6393,-0.9677,0,0.6516,1.3268,-2.3103,-2.7027,1.3888,1.0274,1.017,-2.6845,-0.3448,5.5363,1.9671,-1.2861,8.1434,-1.5061,-1.5291,-8.0746,-3.0405,-1.7421,4.2552,0.3402,0.6779,-0.6734,3.0509,4.3919,2.9605,-1.5974,0.6493,-0.6452,-2.5974,0,1.3334,2.3026,0.3215,2.8847,6.2306,-0.2932,-2.9411,6.0606,-3.7143,1.4835,-5.848,0,-0.6211,-0.3125,0.627,7.4767,-2.6087,0.8929,-0.885,-1.1906
3005 神基,現股當沖比重,0,0,0,0,0,0,0,0,0,0,0,0,0,0,0,0,0,0,0,0,0,0,0,0,0,0,0,0,0,0,0,0,0,0,0,0,0,0,0,0,0,0,0,0,0,0,0,0,0,0,0,0,0,0,0,0
3023 信邦,週報酬率 %,-1.9678,-0.5474,0,0.5506,0.9125,0.3615,2.8829,2.4518,9.5727,2.3401,-0.1523,7.2629,4.0847,-1.4536,0.295,2.6471,2.5788,-4.609,-0.7321,4.7198,-1.1268,-2.9914,1.3216,-3.0435,0.8969,6.0741,-0.9776,7.3343,7.4902,-1.9632,-1.7115,-2.9851,-1.4103,-0.5201,-1.4379,3.0504,-1.1583,2.3439,1.5268,6.6416,-2.7028,2.4154,2.1226,6.4665,-3.2538,-0.8968,-0.1132,2.1518,-0.5542,-1.6721,1.1338,1.2333,0.1107,3.0973,1.9313,2.6316
3023 信邦,現股當沖比重,0,0,0,0,0,0,0,0,0,0,0,0,0,0,0,0,0,0,0,0,0,0,0,0,0,0,0,0,0,0,0,0,0,0,0,0,0,0,0,0,0,0,0,0,0,0,0,0,0,0,0,0,0,0,0,0
3034 聯詠,週報酬率 %,-5.9234,-4.4445,12.7908,-0.6873,-8.6505,-7.1971,6.5305,0.7662,-11.4069,3.5983,-0.8695,9.2105,2.8113,-2.7344,-0.8032,-0.8097,-1.2243,-3.7191,-3.8626,0.4465,5.7777,-5.4621,-0.4445,-1.3392,8.1447,2.092,-3.2786,1.6949,0,2.9536,2.9168,3.6438,-4.2969,-0.4082,-0.4098,2.0575,7.2582,2.6316,1.8315,0.3598,-0.7168,0,0.7221,3.9428,-1.3793,1.7484,-4.4674,2.518,3.1579,-2.0408,2.7779,3.7162,-3.583,-4.054,3.8732,-2.3729
3034 聯詠,現股當沖比重,0,0,0,0,0,0,0,0,0,0,0,0,0,0,0,0,0,0,0,0,0,0,0,0,0,0,0,0,0,0,0,0.88,3.44,6.38,4.87,2.68,3.46,1.51,2.1,2.58,5.91,4.36,1.97,2.15,4.91,2.13,0.87,3.04,2.36,6.29,2.02,0.91,1.18,2.02,3.58,1.86
3037 欣興,週報酬率 %,-4.065,-6.7797,4.3635,0.3485,2.0833,1.0204,0.1491,-10.9948,-6.2745,2.0921,0.6148,-1.0183,3.0865,0,0.3992,0.7953,0.3945,-4.1258,-0.6148,-0.8249,-5.8212,-9.4923,0.2439,0.4867,6.2956,2.0501,-5.3572,-0.9435,3.3333,7.3634,2.9953,8.0536,2.0704,-4.0568,-1.9027,-3.2327,0.4455,-5.5432,0.4694,1.1682,-1.8475,3.0588,10.0458,1.2448,0.4098,9.9999,-2.9685,3.0592,2.4119,4.529,0.8666,-5.3264,-1.9964,7.9629,-0.1715,-1.7183
3037 欣興,現股當沖比重,0,0,0,0,0,0,0,0,0,0,0,0,0,0,0,0,0,0,0,0,0,0,0,0,0,0,0,0,0,0,0,2.02,4.34,2.35,3.06,4.4,3.8,7.47,3.09,1.48,1.32,6.41,5.93,6.03,2.82,6.68,6.61,4.95,6.16,7.23,5.71,4.1,6.23,9.07,7.12,2.6
3044 健鼎,週報酬率 %,-3.6145,-4.2187,5.5466,3.0912,-0.8995,2.118,-2.2222,-0.7874,-4.2858,0.1658,-1.49,-0.3362,2.6982,-2.6273,-0.5059,-0.5086,-2.385,0.1745,0.6968,-2.0762,0.7066,-10.1755,-5.2734,-5.7732,11.5974,-0.7843,2.5692,-0.0001,3.0829,0,1.8691,6.055,-2.2492,-1.593,-0.7194,-0.9059,1.2797,3.4297,1.2216,-1.2069,4.363,-2.0067,0.1706,1.5333,-3.6912,1.0454,-2.069,4.9296,-4.0268,-2.2727,3.22,1.9064,-0.8502,-0.5146,0.3447,-2.5772
3044 健鼎,現股當沖比重,0,0,0,0,0,0,0,0,0,0,0,0,0,0,0,0,0,0,0,0,0,0,0,0,0,0,0,0,0,0,0,7.62,2.29,0.75,0.78,0.31,1.62,1.72,0.93,1.7,3.07,8.63,9.16,2.69,1.98,4.27,4.03,5.96,4.08,1.23,1.12,1.01,2.21,0.27,2.02,1.93
3231 緯創,週報酬率 %,0.1667,-1.4976,2.1961,-6.9421,1.2433,-3.1579,3.8043,1.7087,-6.6414,3.6585,-1.1765,6.5476,12.8492,-1.6501,1.3424,-3.1458,-1.7093,-8.174,6.4394,-2.1353,-0.1818,-3.4609,-5.283,0.3984,5.3571,-1.13,-4.762,-2,2.4489,0.2,-1.7928,2.6368,0.7905,-1.9607,0.4,-0.3983,-0.4,0,1.2047,-1.1904,0,0.4016,0.0001,1.4,1.3807,0.3892,-2.5194,0.1987,-0.3968,-0.5976,2.004,0.1966,5.4902,3.7173,-1.0752,-1.9927
3231 緯創,現股當沖比重,0,0,0,0,0,0,0,0,0,0,0,0,0,0,0,0,0,0,0,0,0,0,0,0,0,0,0,0,0,0,0,1.29,1.62,1.3,1.8,0.84,2.18,0.67,2.04,0.89,0.91,1.62,5.95,1.11,1.8,1.88,2.74,0.72,1.15,1.85,0.69,1.04,3.17,3.65,1.37,1.97
3406 玉晶光,週報酬率 %,-8.2011,2.5937,-3.9325,1.7544,1.4368,-3.1652,2.071,-11.0145,9.1205,-0.597,6.9069,-2.528,0,-7.781,0.625,-12.4224,7.0922,-10.2648,-7.011,-3.9683,-5.3719,-11.7903,-13.3663,-8.3429,9.7257,-1.1363,-4.138,6.235,1.5801,3.3144,-0.8889,-1.3454,6.2501,0.5348,-1.4894,2.5918,-3.1579,1.7392,-2.0299,-5.5616,3.3487,1.6759,-0.989,8.8791,15.1885,-0.4426,-0.4445,-6.25,-5.9047,-10.9311,5.9091,-1.6095,1.4178,2.7957,-3.2426,-0.4325
3406 玉晶光,現股當沖比重,0,0,0,0,0,0,0,0,0,0,0,0,0,0,0,0,0,0,0,0,0,0,0,0,0,0,0,0,0,0,0,0,0,0,0,0,0,0,0,0,0,0,0,0,0,0,0,0,0,0,0,0,0,0,0,0
3443 創意,週報酬率 %,1.3859,4.5216,-2.3138,3.5016,-0.9951,-1.7739,2.0042,-1.9648,-2.9536,-4.3478,-0.7955,2.6346,1.7858,-2.4124,-2.5841,1.0381,-0.9134,-9.5623,-0.6369,-0.5127,-10.4381,-2.7338,3.2544,-3.5816,12.1842,1.8543,-3.1209,-2.5504,1.5152,1.9283,0.9497,8.7365,-2.2249,-5.1833,0.4,5.1793,-4.0403,3.2895,0.6369,7.5951,0,1.1764,-0.3489,2.6837,0.341,1.2457,-6.7114,3.7171,2.8902,-2.809,11.5607,2.5907,-0.7071,-0.3052,0.0392,-2.1053
3443 創意,現股當沖比重,0,0,0,0,0,0,0,0,0,0,0,0,0,0,0,0,0,0,0,0,0,0,0,0,0,0,0,0,0,0,0,0,0,0,0,0,0,0,0,0,0,0,0,0,0,0,0,0,0,0,0,0,0,0,0,0
3532 台勝科,週報酬率 %,4.085,-5.1805,0,1.3245,0.6557,-1.7915,0.1658,-1.6557,-1.1784,-2.2145,0.697,-0.692,5.5749,-3.6303,1.0275,-1.6949,4.4828,-2.6403,2.8814,-3.295,0.1702,0.5101,0.1691,-5.7433,3.0466,-0.8696,1.0527,-0.8681,5.0788,12.8472,11.8333,6.5573,-5.8741,-5.2005,-3.2915,-0.9724,1.8003,0.6431,5.1119,1.2158,-1.2012,-4.8632,-1.278,0.4855,-0.9661,2.2764,-1.7487,1.1327,-1.44,0.1624,0.4863,10,11.7302,-1.1812,-1.992,-4.607
3532 台勝科,現股當沖比重,0,0,0,0,0,0,0,0,0,0,0,0,0,0,0,0,0,0,0,0,0,0,0,0,0,0,0,0,0,0,0,0,0,0,0,0,0,0,0,0,0,0,0,0,0,0,0,0,0,0,0,0,0,0,0,0
3682 亞太電,週報酬率 %,0.4357,-0.434,-0.1452,5.0181,3.1296,4.5871,-1.8219,-0.3437,29.2681,-3.1446,1.2987,6.0898,8.1571,-4.4692,4.386,-1.4007,-0.2841,1.4245,0.5618,-4.4692,3.5088,2.8249,-3.022,0.8499,-5.0562,-2.3668,-7.5758,1.9673,0,0.6514,-0.6431,3.2363,-4.3886,-0.9837,-0.9934,-4.3479,3.8462,2.0202,-0.6601,-2.99,0.6849,-1.3604,-2.0689,1.7606,-1.3842,-1.0525,1.0638,5.9649,13.5762,1.1662,-0.8645,3.4884,-4.7752,1.4751,-0.5815,3.5087
3682 亞太電,現股當沖比重,0,0,0,0,0,0,0,0,0,0,0,0,0,0,0,0,0,0,0,0,0,0,0,0,0,0,0,0,0,0,0,0,0,0,0,0,0,0,0,0,0,0,0.34,1.69,0.58,0.8,4.66,5.36,14.49,6.5,3.21,2.32,2.34,2.77,1.37,3.85
3702 大聯大,週報酬率 %,-2.1708,1.6272,3.3479,-0.4226,2.4046,0.2762,7.701,0.0001,-5.7377,-0.2899,0.5814,-0.578,1.7442,0.5715,0.7102,-1.5514,1.0028,-2.1277,3.1885,-0.2808,-2.8169,-4.2029,0.3025,-1.2066,2.9008,0,-0.7418,-1.1959,2.2694,2.2355,1.4792,2.0408,0.857,2.1246,-2.0804,0.7083,-0.8439,0.851,1.2658,0.9723,1.2379,-4.0761,3.6827,0.8196,0.813,-0.2688,-1.6173,7.8082,-0.1271,-0.6362,0.256,6.7689,2.8708,-0.9302,-0.1173,-3.8779
3702 大聯大,現股當沖比重,0,0,0,0,0,0,0,0,0,0,0,0,0,0,0,0,0,0,0,0,0,0,0,0,0,0,0,0,0,0,0,1.98,0.36,1.12,0.79,1.82,0.54,0.28,0.92,2.77,1.72,1.3,0.69,0.72,0.79,2.29,0.63,2.97,1.47,1.51,1.91,2.63,1.94,0.45,0.28,1.18
3706 神達,週報酬率 %,0,0,0,0,0,0,0,0,0,0,0,0,0,6.7532,-0.7299,12.0098,17.2867,1.4925,6.4338,-5.6994,-4.2125,-3.824,-3.7773,-4.9586,8.913,2.1957,2.1484,-1.912,5.653,8.2707,6.0886,-1.5651,-6.8905,2.277,-2.2263,3.6053,-3.4799,4.1745,-1.275,5.9042,-0.1742,-0.5236,-2.2807,-0.1796,-0.5395,-2.3507,-7.7777,1.2048,3.5714,-4.2145,3.2001,1.7441,-0.7618,2.4952,-1.8726,2.0992
3706 神達,現股當沖比重,0,0,0,0,0,0,0,0,0,0,0,0,0,0,0,0,0,0,0,0,0,0,0,0,0,0,0,0,0,0,0,0,0,0,0,0,0,0,0,0,0,0,0,0,0,0,0,0,0,0,0,0,0,0,0,0
4958 臻鼎-KY,週報酬率 %,0.4161,-3.453,-2.1459,-2.0467,6.2687,-5.1966,8.434,-0.7375,3.4175,8.4769,3.7086,1.4049,-4.534,-6.0687,0.5617,-0.8381,1.2677,-1.5299,-2.2598,1.5897,-4.4097,2.6786,-0.8695,-0.2925,4.5454,0.9817,-1.1111,2.6686,-0.4103,-2.0463,0,6.5934,-0.7732,-0.1299,-1.5605,-2.5099,0.542,1.4825,-1.1951,-1.6128,-1.6393,2.6389,3.9243,4.1667,2.6251,7.1863,0.5682,0.5649,0,-1.0112,2.2701,4.7724,2.6484,-1.2385,-0.627,1.2617
4958 臻鼎-KY,現股當沖比重,0,0,0,0,0,0,0,0,0,0,0,0,0,0,0,0,0,0,0,0,0,0,0,0,0,0,0,0,0,0,0,1.42,3.43,5.01,3.23,2.81,3.88,5.12,1.11,2.27,0.24,2.03,2.28,2.04,4.6,11.1,9.65,5.57,5.25,5.21,2.41,1.06,7.14,1.92,6.02,1.24
5269 祥碩,週報酬率 %,-4.8924,-2.8807,-0.7415,0.7471,-3.6017,-3.2968,3.5226,-4.3909,1.8369,7.328,-5.0787,-5.6206,3.8461,-5.7348,-1.9012,1.0336,-0.5115,-9.7686,0.5698,6.0907,-3.3378,-5.2486,-10.7872,3.1047,3.9619,3.811,-2.3495,-2.5563,14.5062,2.6991,2.8302,5.1114,-3.6159,0.9056,-3.5897,-0.5319,22.1925,8.5338,-3.4274,16.2838,3.2317,-9.5652,0.7693,7.4427,6.5719,0.8333,30.4131,2.4082,16.0891,10.3411,38.6473,14.9825,13.6364,-8.7999,-3.5087,15.1515
5269 祥碩,現股當沖比重,0,0,0,0,0,0,0,0,0,0,0,0,0,0,0,0,0,0,0,0,0,0,0,0,0,0,0,0,0,0,0,0,0,0,0,0,0,0,0,0,0,0,0,0,0,0,0,0,0,0,0,0,0,0,0,0
5522 遠雄,週報酬率 %,-2.5736,-2.8303,6.7961,1.4544,1.6128,0.7054,1.4766,-0.7339,-1.4788,1.3133,-0.1852,0.3711,0,1.109,0.1828,0.365,-0.3636,-1.6424,0.5565,-1.2915,0.3739,-0.745,0.7504,-2.4209,0.7589,-1.9011,-1.1628,-1.7646,0.5988,-1.3672,-0.1984,-1.7892,0.3036,-2.1189,0.2062,-4.1152,4.0773,2.6804,-0.4016,1.2097,-0.6972,-0.702,3.4343,2.3438,-0.3818,-1.1495,-3.4884,-0.3012,-0.3022,1.8182,-1.1904,0.4016,-12.1999,-4.5559,-0.4772,-3.7171
5522 遠雄,現股當沖比重,0,0,0,0,0,0,0,0,0,0,0,0,0,0,0,0,0,0,0,0,0,0,0,0,0,0,0,0,0,0,0,0.86,0.93,0.55,0.99,0.54,0.89,0,5.04,2.04,1.27,3.14,0.8,1.18,0.86,1.13,1.27,0,1.99,0.79,0.94,0.25,5.43,1.03,1.14,1.03
5534 長虹,週報酬率 %,-3.6698,3.8095,-0.9176,0.926,2.7524,7.1428,1.6667,2.4591,-1.4264,-4.8458,-6.4815,-0.0001,0,-2.2771,6.8896,-4.7394,0.4975,-0.9901,0.5,-3.1841,-1.6444,-0.209,1.8848,-2.8777,2.6454,-5.567,-2.0742,5.5742,-3.2735,-2.7631,-3.2752,-7.4492,2.0731,-2.5091,0.2451,0.2445,2.683,0.4751,-0.7092,-0.119,0.8344,-0.2363,5.2133,3.9416,1.5167,-2.1345,-7.4154,-0.1179,0.1178,-1.4134,-0.3584,1.0791,-1.5421,-3.0121,-0.8696,-0.1254
5534 長虹,現股當沖比重,0,0,0,0,0,0,0,0,0,0,0,0,0,0,0,0,0,0,0,0,0,0,0,0,0,0,0,0,0,0,0,2.58,4.49,1.84,5.96,1.8,2.8,1.73,1.51,2.2,0.29,0.47,2.22,1.5,5.5,1.23,2.71,1.42,0.8,1.93,0,0.21,1.19,0.31,0.66,0
6176 瑞儀,週報酬率 %,0.4166,0.4149,1.5496,6.8159,-0.9524,3.8462,-2.3149,-2.0266,-4.6386,0.7918,3.2548,3.2609,9.4737,-1.4423,6.3415,-2.2936,2.8169,1.8264,0.8968,-0.8889,-4.0359,2.3365,-6.8493,-3.7256,7.4338,0.9478,-1.878,5.7415,-4.5249,2.3473,5.2132,18.018,-1.5268,4.2636,-1.8587,-2.2727,3.8761,-7.0896,-1.2047,-3.252,1.2604,-1.2447,1.2605,7.054,-4.6511,6.9106,-5.7034,0.8064,-3.2,0.8264,-2.0492,2.9289,-0.4066,4.898,-1.5564,-0.7906
6176 瑞儀,現股當沖比重,0,0,0,0,0,0,0,0,0,0,0,0,0,0,0,0,0,0,0,0,0,0,0,0,0,0,0,0,0,0,0,4.25,5.5,7.2,5.01,5.23,8.44,6.25,2.87,2.31,3.56,3.08,2.65,4.16,3.34,6.15,1.77,4.67,2.28,2.02,2.73,0.76,1.65,4.35,6.05,2.16
6213 聯茂,週報酬率 %,-1.7622,1.9433,-1.7596,-0.0833,1.6129,-1.4287,6.7632,-1.8099,-1.6896,-6.2499,0,-1.3333,4.3919,-1.4563,0.9852,-1.3007,3.4597,-1.2739,4.1936,-0.3096,0.3106,-3.5604,-2.0867,-0.4918,3.6243,-2.3848,-1.3029,1.8151,0,1.9639,3.7277,2.0312,-0.3062,-0.3071,-1.5408,3.4429,1.059,-0.0001,2.6947,0.5831,0.2898,-1.7341,-0.2941,1.3275,-0.1456,1.6035,-0.4304,-1.2968,-1.8978,-7.2916,2.2472,0.1571,1.2539,-0.1548,-0.3101,-0.7776
6213 聯茂,現股當沖比重,0,0,0,0,0,0,0,0,0,0,0,0,0,0,0,0,0,0,0,0,0,0,0,0,0,0,0,0,0,0,0,0,0,0,0,0,0,0,0,0,0,0,0,0,0,0,0,0,0,0,0,0,0,0,0,0
6239 力成,週報酬率 %,-1.4467,2.0183,1.2589,1.0658,2.6362,-3.5959,4.6181,0.9037,-7.0922,3.6259,-1.105,1.8622,1.0969,-3.7974,2.0677,1.8417,0.7234,-5.2064,2.2726,-2.963,-5.9161,-11.6632,-1.6074,-3.6172,10.7748,-1.5301,-3.3295,0.574,2.968,2.8217,3.9911,0.1066,-5.9637,-3.6241,-1.4101,-0.8343,-0.2404,2.0482,-0.118,0.3546,2.4735,3.4483,-0.5556,4.1341,-2.7896,1.5453,-2.8261,15.66,-0.3868,4.8544,1.4815,5.657,-6.0449,-1.2867,1.1174,-0.9208
6239 力成,現股當沖比重,0,0,0,0,0,0,0,0,0,0,0,0,0,0,0,0,0,0,0,0,0,0,0,0,0,0,0,0,0,0,0,0.89,2.22,2.09,2.64,3.16,2.17,3.22,2.56,3.34,2.07,2.46,2.44,3.98,3.12,8.89,2.62,6.35,5.62,11.67,5.27,4.76,2.26,2.47,4.5,1.46
6269 台郡,週報酬率 %,7.4767,-2.6088,-8.0358,-0.9708,7.8432,-5.4546,4.327,-4.6083,1.4493,19.4176,0,0.4256,-3.8136,-11.0133,2.9703,-2.8847,0.9901,-5.7843,-6.1394,0.887,-1.0988,3.6668,-1.3933,-3.0434,7.1749,-1.4643,-3.8217,3.2009,2.6738,2.3453,2.2916,-2.0367,-0.9355,-3.3578,-1.0858,-2.0857,-0.112,-0.1122,2.4719,-2.4124,-2.6966,1.6166,2.8409,1.4365,0.2179,2.0651,-4.6859,-9.4973,-0.247,-2.599,-0.127,0.8905,2.7742,1.2271,-2.1818,-2.1066
6269 台郡,現股當沖比重,0,0,0,0,0,0,0,0,0,0,0,0,0,0,0,0,0,0,0,0,0,0,0,0,0,0,0,0,0,0,0,2.47,3.63,5.17,1.62,4.76,4.69,1.92,2.56,4.31,2.66,1.99,0,0,0,0,0,0,0,0,0,0,0,0,0,0
6285 啟碁,週報酬率 %,-5.9918,-5.6045,3.0268,3.0509,-0.4385,-0.6608,3.5478,0.6423,6.5957,4.3139,5.4584,10.1563,9.9291,-3.3871,5.1753,1.5873,1.5625,-1.5384,12.3438,-1.9472,-0.7092,1.7145,-2.2473,-1.8677,3.6603,4.8023,2.4259,-1.7106,0.2677,3.4759,3.4713,-2.3226,-0.7926,5.5926,-2.1438,-2.7062,0.6623,4.4738,-1.2596,-3.0612,-6.1842,-3.2258,1.5942,-1.1412,-3.4632,6.876,-4.8951,6.1764,-5.8172,-3.2353,2.2795,6.6866,0.557,1.8006,-1.2246,-1.6528
6285 啟碁,現股當沖比重,0,0,0,0,0,0,0,0,0,0,0,0,0,0,0,0,0,0,0,0,0,0,0,0,0,0,0,0,0,0,0,0,0,0,0,0,0,0,0,0,0,0,0,0,0,0,0,0,0,0,0,0,0,0,0,0
6409 旭隼,週報酬率 %,1.173,-3.8911,8.1282,-2.521,-0.7673,5.5426,4.5353,9.4488,-0.3309,0.332,0.7195,-4.6429,-1.8726,0.7634,2.2727,-1.1334,-0.7567,1.9176,3.2962,1.1114,0,-1.7731,0.361,-1.4388,1.0948,2.8086,6.0397,-0.6556,14.3666,8.301,-2.0694,-2.9763,1.5338,-1.8127,-0.6154,-0.1238,-0.186,2.354,11.9546,7.9246,-1.3109,-1.7812,6.3524,28.7671,10.1062,-7.7294,1.0472,6.2176,6.5854,5.2631,-4.7826,1.3699,-1.8018,10.0917,0,-4.1667
6409 旭隼,現股當沖比重,0,0,0,0,0,0,0,0,0,0,0,0,0,0,0,0,0,0,0,0,0,0,0,0,0,0,0,0,0,0,0,0,0,0,0,0,0,0,0,0,0,0,0,0,0,0,0,0,0,0,0,0,0,0,0,0
6415 矽力-KY,週報酬率 %,0,0,0,0,0,0,0,0,0,0,0,0,0,0,0,0,0,0,0,0,0,0,0,0,0,0,71.4285,-5,-2.6315,-1.2929,-0.6755,4.7619,-6.9264,1.8604,-1.8265,4.8837,4.6562,-3.178,1.5317,28.4482,-6.3758,0.896,1.2433,3.158,-6.2926,2.7224,-6.8905,-3.7951,-1.7751,5.2208,-2.4809,8.0235,4.7101,-3.1142,-3.5715,0.5555
6415 矽力-KY,現股當沖比重,0,0,0,0,0,0,0,0,0,0,0,0,0,0,0,0,0,0,0,0,0,0,0,0,0,0,0,0,0,0,0,0,0,0,0,0,0,0,0,0,0,0,0,0,0,0,0,0,0,0,0,0,0,0,0,0
6456 GIS-KY,週報酬率 %,0,0,0,0,0,0,0,0,0,0,0,0,0,0,0,0,0,0,0,0,0,0,0,0,0,0,0,0,0,0,0,0,0,0,0,0,0,0,0,0,0,0,0,0,0,0,0,0,0,0,0,0,0,0,0,0
6456 GIS-KY,現股當沖比重,0,0,0,0,0,0,0,0,0,0,0,0,0,0,0,0,0,0,0,0,0,0,0,0,0,0,0,0,0,0,0,0,0,0,0,0,0,0,0,0,0,0,0,0,0,0,0,0,0,0,0,0,0,0,0,0
6669 緯穎,週報酬率 %,0,0,0,0,0,0,0,0,0,0,0,0,0,0,0,0,0,0,0,0,0,0,0,0,0,0,0,0,0,0,0,0,0,0,0,0,0,0,0,0,0,0,0,0,0,0,0,0,0,0,0,0,0,0,0,0
6669 緯穎,現股當沖比重,0,0,0,0,0,0,0,0,0,0,0,0,0,0,0,0,0,0,0,0,0,0,0,0,0,0,0,0,0,0,0,0,0,0,0,0,0,0,0,0,0,0,0,0,0,0,0,0,0,0,0,0,0,0,0,0
8341 日友,週報酬率 %,0,0,0,0,0,0,0,0,0,0,0,0,0,0,0,0,0,0,0,0,0,0,0,0,0,0,0,0,0,0,0,0,0,0,0,0,0,0,0,0,0,0,31.392,5.4054,0.171,1.57,-5.0739,0.6726,-3.2701,-3.3624,-3.7992,-2.0526,11.7365,2.6795,-1.531,-2.3322
8341 日友,現股當沖比重,0,0,0,0,0,0,0,0,0,0,0,0,0,0,0,0,0,0,0,0,0,0,0,0,0,0,0,0,0,0,0,0,0,0,0,0,0,0,0,0,0,0,0,0,0,0,0,0,0,0,0,0,0,0,0,0
8454 富邦媒,週報酬率 %,0,0,0,0,0,0,0,0,0,0,0,0,0,0,0,0,0,0,0,0,0,0,0,0,0,0,0,0,0,0,0,0,0,0,0,0,0,0,23.4177,-9.7436,2.5568,-3.0472,1.8857,3.4774,-1.9025,-0.8233,-1.1143,0.2817,1.6237,0.0608,1.6574,5.1681,-0.0053,14.4112,-1.0902,7.6791
8454 富邦媒,現股當沖比重,0,0,0,0,0,0,0,0,0,0,0,0,0,0,0,0,0,0,0,0,0,0,0,0,0,0,0,0,0,0,0,0,0,0,0,0,0,0,0,0,0,0,0,0,0,0,0,0,0,0,0,0,0,0,0,0
8464 億豐,週報酬率 %,0,0,0,0,0,0,0,0,0,0,0,0,0,0,0,0,0,0,0,0,0,0,0,0,0,0,0,0,0,0,0,0,0,0,0,0,0,0,0,0,0,0,0,0,0,0,0,0,0,0,0,0,0,0,0,0
8464 億豐,現股當沖比重,0,0,0,0,0,0,0,0,0,0,0,0,0,0,0,0,0,0,0,0,0,0,0,0,0,0,0,0,0,0,0,0,0,0,0,0,0,0,0,0,0,0,0,0,0,0,0,0,0,0,0,0,0,0,0,0
9914 美利達,週報酬率 %,-1.8567,-8.9189,5.638,8.9887,5.4123,1.7116,-5.7694,5.6122,-0.7958,0.75,-2.9777,0.2557,8.9286,-5.6205,-3.2258,-1.5386,16.1458,3.3631,-1.9523,-4.6459,4.6403,-2.6607,-4.5559,-2.6253,7.8431,3.6363,-4.3859,-1.835,0.2336,0.6976,0.2331,0.4651,-7.4075,-2.25,-4.3478,-0.8022,1.6173,-0.2652,8.2447,-1.9656,2.5062,-1.7114,0.2489,-1.4889,-2.0151,5.1414,-1.7114,1.4926,-2.4509,2.01,0.2463,2.2113,-1.9231,-0.9804,-1.9802,-0.7576
9914 美利達,現股當沖比重,0,0,0,0,0,0,0,0,0,0,0,0,0,0,0,0,0,0,0,0,0,0,0,0,0,0,0,0,0,0,0,1.68,3.1,3.89,5.05,6.28,3.87,2.08,5.99,3.43,1.44,1.17,2.76,1.71,2.81,10.36,7.21,2.29,7.36,1.13,0.47,3.05,0.64,2.43,0.38,1.23
9917 中保,週報酬率 %,-0.9736,-3.6518,6.2682,-3.2922,0.7092,-0.8877,-0.0001,1.0449,0.5908,3.9649,0,0.2824,-1.1268,0.2848,-0.5682,0.8572,0.2833,0.1413,1.2694,-0.8357,-0.4214,-0.2822,0.4243,0,2.2536,2.617,1.4765,-2.1164,2.4325,-1.0581,0.264,-1.1842,1.0652,1.054,0,-1.043,1.4494,-0.7793,0.9162,-0.7783,0.3921,-1.0417,2.2368,1.0296,0.8916,-1.01,-4.3368,2.4,-0.6511,-0.3932,0,1.8422,-0.3875,-0.1297,0.1298,0.6485
9917 中保,現股當沖比重,0,0,0,0,0,0,0,0,0,0,0,0,0,0,0,0,0,0,0,0,0,0,0,0,0,0,0,0,0,0,0,0,0.37,0,0.72,0,1.79,0,0,0,0,0,0,0,0,0,0,0.52,0,0,0,0.13,0,0,0,0.54
9921 巨大,週報酬率 %,1.3158,-1.2987,8.421,2.4272,9.0047,2.6088,-6.7797,5.4546,-8.6207,-0.2358,-2.8627,0.75,3.722,-1.4355,-0.9708,4.4118,1.6431,-1.1547,1.4018,-3.2258,7.3811,-1.5521,-9.9099,0,4.2499,-0.0001,-4.5563,0.5025,1,2.2444,0,-0.2476,-1.7371,-0.5051,-2.5381,1.3022,1.0284,1.2722,3.7688,0.7265,-3.8461,-1.25,3.038,1.7199,-1.2077,13.4476,6.681,-2.2221,-7.6447,3.5793,0.216,2.3708,-0.6315,0.4236,0,-2.7426
9921 巨大,現股當沖比重,0,0,0,0,0,0,0,0,0,0,0,0,0,0,0,0,0,0,0,0,0,0,0,0,0,0,0,0,0,0,0,1.31,1.85,0.21,1.64,2.05,1.71,0.84,1.77,1.1,1.26,0.69,0.7,0.31,6.03,10.04,6.08,4.53,1.97,5.58,4.19,0.98,3.78,1.92,0,1.06
9933 中鼎,週報酬率 %,-0.5101,-3.9316,-2.8469,8.2417,-0.5077,1.7007,-2.5084,-0.5986,-2.9038,-7.8504,-5.781,7.8579,-1.4969,-0.1012,-2.8398,-0.4176,7.7568,-1.3619,0.9862,-0.3906,0.0001,-2.9411,-3.5353,-6.911,5.7369,0.8511,-2.9537,0.6522,2.3758,3.8709,-0.633,-3.9277,1.6574,-7.826,-2.5943,0.4843,-0.6025,2.6666,-1.4169,1.7964,-1.294,-1.7878,8.1312,4.4893,1.7185,6.019,-6.2749,2.4442,4.7717,-0.1981,-0.5952,3.7924,1.9231,4.3397,-7.5949,0.3913
9933 中鼎,現股當沖比重,0,0,0,0,0,0,0,0,0,0,0,0,0,0,0,0,0,0,0,0,0,0,0,0,0,0,0,0,0,0,0,0,0.05,0.99,1.27,2.94,0.48,2,0.34,2.5,0.44,1.53,2.73,3.99,0.86,1.11,0.77,3.41,2.1,1.09,0.08,0.55,0.49,0.56,2.6,0.63
9941 裕融,週報酬率 %,-0.683,-2.3384,2.1126,-0.2758,3.3195,-1.2047,2.3035,0.4882,-0.5486,-2.4827,0.1414,0.565,2.2472,0.8242,1.6348,-0.0001,0.5361,-2.5334,3.6935,-3.562,1.0943,-1.3531,3.978,-0.6597,4.648,1.7766,-2.4937,0.0001,-0.8951,1.0364,-1.8064,-0.2628,2.1079,-1.8064,-1.4455,-0.6666,0.5369,0.534,0.9296,1.9735,0.3871,-1.5424,2.7414,2.6683,-1.7326,1.2595,-4.4776,0.2604,-0.3897,1.695,0.3846,0.8939,-0.3797,1.6518,-0.1249,2.6282
9941 裕融,現股當沖比重,0,0,0,0,0,0,0,0,0,0,0,0,0,0,0,0,0,0,0,0,0,0,0,0,0,0,0,0,0,0,0,0,0,0,0,0,0,0,0,0,0,0,0,0,0,0,0,0,0,0,0,0,0,0,0,0
9945 潤泰新,週報酬率 %,0.1739,-7.6388,2.0677,3.7197,10.6463,4.4674,-4.2763,-0.6872,0.1729,1.5544,0.5102,0.0001,4.23,2.5974,-1.1076,-3.3599,2.4833,0.3232,1.4492,-3.0159,0.1637,-4.2483,9.8975,-6.8322,1.3333,-0.6579,-1.9868,-2.0271,0.1725,0,-0.6885,-5.7193,-2.3897,-0.1884,0.7547,-0.3745,1.3158,0.1855,-0.3703,-0.5575,-4.8599,6.4832,0.9224,1.2798,-0.722,-0.7273,-2.7473,0.3766,0.3752,-0.9346,0.566,3.1895,-2.1819,-0.186,1.1173,-0.1843
9945 潤泰新,現股當沖比重,0,0,0,0,0,0,0,0,0,0,0,0,0,0,0,0,0,0,0,0,0,0,0,0,0,0,0,0,0,0,0,1.72,0.96,2.41,4.54,3.16,1.74,0.93,3.39,2.77,1.4,1.66,1.45,0.91,2.36,0.47,2.17,0.39,3.72,0.73,0.53,0.32,1.2,0.87,4.63,2.28
