證券代碼,Data Field,2014/1/27,2014/2/27,2014/3/31,2014/4/30,2014/5/30,2014/6/30,2014/7/31,2014/8/29,2014/9/30,2014/10/31,2014/11/28,2014/12/31
1101 台泥,月報酬率 %,-4.216,9.0293,-2.6915,1.9149,-6.8893,1.3454,4.448,5.9086,-4.6315,2.5388,-2.1529,-4.5104
1101 台泥,現股當沖比重,3.62,0.75,1.44,0.67,0.95,4.73,2.46,1.6,6.39,2.84,1.14,8.44
1102 亞泥,月報酬率 %,-3.3678,2.681,-0.7832,4.4736,-1.6372,4.7374,2.2005,4.2868,-5.244,0.9009,1.2755,-1.7633
1102 亞泥,現股當沖比重,1,0.05,1.97,15.92,0.26,0.58,2.05,2.06,4.83,2.35,0.18,2.95
1216 統一,月報酬率 %,-6.8901,1.2,4.743,-3.585,2.7399,2.0952,7.0894,3.8055,-3.4735,-1.1364,-4.2146,0.4001
1216 統一,現股當沖比重,0.73,1.04,1.87,7.94,0.86,1.11,0.42,0.91,2.43,5.08,1.56,5.63
1301 台塑,月報酬率 %,-3.1056,-1.282,-1.0389,2.0997,-1.4139,4.0418,-0.7614,0.2587,-6.9677,-2.6351,1.1396,1.8309
1301 台塑,現股當沖比重,3.53,0.44,2.1,4.22,1,1.74,1.39,0.34,4.35,0.56,1.75,4.91
1303 南亞,月報酬率 %,-4.0638,-1.8152,-0.6165,2.4805,1.9667,6.6763,0.109,0.5707,-5.5318,-5.5555,3.0207,1.0801
1303 南亞,現股當沖比重,2.51,0.38,0.25,5.61,0.88,1.1,0.51,0.49,2.58,8.42,1.23,6.41
1326 台化,月報酬率 %,-5.4762,-2.8968,-4.5394,-0.8151,-1.5067,5.1462,0.3337,1.5005,-5.5108,0.7113,-1.1301,-4.4284
1326 台化,現股當沖比重,0.31,1.32,1.06,6.41,0.63,0.54,0.41,0.74,3.21,2.81,2.07,6.88
1402 遠東新,月報酬率 %,-8.7208,1.433,1.5697,-4.4823,0.3237,3.7097,4.8212,0.8337,-4.3682,4.2414,-3.2864,1.6181
1402 遠東新,現股當沖比重,1.13,2.18,2.61,1.82,0.94,0.39,0.07,0.69,2.17,1.39,0.28,3.45
2002 中鋼,月報酬率 %,-3.5186,-1.3434,-0.1947,-1.1696,-2.9588,2.0324,3.3866,4.1833,0.7751,0.7694,-0.3816,0.7664
2002 中鋼,現股當沖比重,0.59,0.07,1.81,5.26,0.26,1.81,0.14,0.03,3.43,0.18,0.23,4.56
2105 正新,月報酬率 %,-1.9231,3.137,10.1392,-0.3453,-6.4665,-5.6791,2.759,-8.6094,-2.7537,5.8121,0.9861,3.7656
2105 正新,現股當沖比重,0.34,0.28,2.67,1.06,0.09,1.63,1.31,1.49,2.39,1.44,0.88,3.72
2207 和泰車,月報酬率 %,-0.1359,1.2248,-1.0752,-3.8042,-1.1299,8.8572,5.9318,7.5448,-1.5457,7.4877,9.1013,-2.0596
2207 和泰車,現股當沖比重,9.47,2.26,1.68,1.3,1.68,1.77,13.58,4.37,9.16,9.87,18.84,21.5
2301 光寶科,月報酬率 %,-6.1717,-0.669,1.9078,1.5421,5.4229,2.5722,7.8556,-2.4607,-11.5035,-2.8506,-11.972,-2.9334
2301 光寶科,現股當沖比重,0.55,0.59,1.8,4.07,0.41,2.06,2.89,2.87,2.07,1.64,1.88,5.32
2303 聯電,月報酬率 %,0,-0.405,4.4715,1.5564,7.6629,6.4056,-3.0741,-2.8471,-7.6925,6.3491,2.6119,7.2725
2303 聯電,現股當沖比重,4.76,0.71,1.29,9.34,4.12,1.96,5.93,8.2,6.96,2.13,3.74,4.14
2308 台達電,月報酬率 %,-2.0587,1.2011,11.5726,-1.5954,5.4053,11.5385,-2.6526,1.9417,-8.5715,-5.2084,2.7473,0.8023
2308 台達電,現股當沖比重,3.18,0.52,1.29,3.55,1.26,3.64,1.4,1.2,5.68,3.97,5.13,5.96
2317 鴻海,月報酬率 %,5.9925,-1.0599,2.738,0.3474,6.6974,8.2253,3.5,12.1159,-5.8823,0,1.0416,-9.3815
2317 鴻海,現股當沖比重,1.96,0.96,1.88,2.17,0.47,1.85,4.64,2.44,6.91,2.41,1.69,4.62
2330 台積電,月報酬率 %,-0.4739,2.8572,9.7222,0.0001,0.8439,5.8577,-2.1822,2.4794,-3.2257,8.7499,8.4293,-0.3534
2330 台積電,現股當沖比重,1.59,1.1,0.27,0.36,0.28,0.37,1.94,2.93,2.38,1.86,1.82,4.04
2357 華碩,月報酬率 %,5.224,3.3688,3.4307,3.4826,6.0898,0.6042,-3.904,4.3332,-7.3481,6.8967,8.7096,2.8187
2357 華碩,現股當沖比重,3.32,1.36,1.22,3.43,3.62,2.58,4.43,8.1,3.87,1.95,1.02,3.52
2382 廣達,月報酬率 %,7.9136,-0.6666,10.067,0.9756,-2.5363,7.8067,-2.9886,4.7202,-8.5308,-1.0364,0.7853,2.8573
2382 廣達,現股當沖比重,3.02,1.74,3.83,4.24,3.21,1.25,3.22,3.49,4.13,0.5,1.69,2.55
2412 中華電,月報酬率 %,-1.289,0.1088,1.8479,0.5336,1.9109,0.2082,-0.2075,1.5301,-1.2916,1.0905,0.3238,1.0753
2412 中華電,現股當沖比重,2.8,0.24,0.33,2.07,0.17,0.29,0.41,0.06,1.65,3.09,0.2,3.1
2454 聯發科,月報酬率 %,-9.6955,11.1111,1.0112,5.0055,3.178,3.696,-4.4802,6.5031,-9.8097,-3.8845,7.3903,-0.6451
2454 聯發科,現股當沖比重,6.25,5.77,3.15,5.26,4.65,4.25,6.9,2.75,6.57,5.45,3.9,5.39
2474 可成,月報酬率 %,4.3927,8.911,0.2271,15.4196,5.3044,3.9179,-10.9513,22.1777,-5.3575,-9.2197,2.3436,-5.9159
2474 可成,現股當沖比重,3.29,4.66,2.36,6.58,2.75,10.7,9.95,13.5,12.7,12.8,7.1,3.51
2801 彰銀,月報酬率 %,-2.18,-0.8356,1.4045,-2.77,3.7038,1.6481,6.4866,-0.5306,0.2687,2.681,-4.1775,-1.0899
2801 彰銀,現股當沖比重,0.18,0.16,0.34,0.48,0.4,0.46,0.11,0.01,0.71,0.34,0.67,3.74
2880 華南金,月報酬率 %,-1.7242,1.7545,-0.8621,-1.4494,7.941,1.9072,3.4759,2.4908,-4.3128,1.4086,-0.8333,-0.5603
2880 華南金,現股當沖比重,0,0.08,2.46,0.29,1.31,0.12,0.27,1.99,1.93,0.83,0,7.69
2881 富邦金,月報酬率 %,-1.8347,-1.0516,-2.4793,-5.569,10.6409,3.5672,10.0812,2.7367,-4.3033,10.0642,-1.3622,-0.0001
2881 富邦金,現股當沖比重,2.01,0.1,1.17,1.16,0.4,0.61,2.63,0.48,4.21,5.14,0.8,3.91
2882 國泰金,月報酬率 %,-5.3883,-2.081,-0.6713,-4.0542,7.7463,4.9626,13.4406,1.1905,-2.8433,0.9083,-0.2,-5.9118
2882 國泰金,現股當沖比重,1.18,0.26,1.46,1.41,0.72,0.45,1.6,2.77,5.12,2.88,0.57,3.49
2883 開發金,月報酬率 %,-1.7777,-0.4525,-1.0229,-0.6889,5.4334,7.6754,5.8113,1.2022,-7.5247,4.4967,1.537,1.9174
2883 開發金,現股當沖比重,2.25,1.18,2.63,0.88,0.95,3.73,1.04,1.78,2.1,1.54,1.36,2.64
2884 玉山金,月報酬率 %,-4.7979,1.061,-3.6747,1.2345,8.4931,-3.2828,4.6999,8.1843,-6.1069,4.3362,1.8184,0.2552
2884 玉山金,現股當沖比重,1.47,0.74,0.3,1.59,2.25,1.13,0.41,7.62,1.12,1.85,0.56,3.32
2885 元大金,月報酬率 %,-5.3369,-5.6379,-3.4591,-1.9543,3.9867,7.3875,4.0248,-1.7705,-6.8325,2.0002,-0.6536,1.3159
2885 元大金,現股當沖比重,0.75,0.28,1.41,0.56,0.17,2.44,7.78,1.7,2.45,0.42,1.09,2.09
2886 兆豐金,月報酬率 %,-2.5894,-1.0225,-2.4794,-2.1186,8.4418,-0.7985,6.4386,1.7969,-3.2948,1.002,-0.0001,-2.9762
2886 兆豐金,現股當沖比重,0.52,0.34,1.97,0.13,0.82,0.13,2.83,0.34,1.14,0.28,1.05,7.9
2887 台新金,月報酬率 %,-2.0476,0.1272,-3.158,-0.7245,8.7592,2.6845,5.2287,6.519,-6.2499,1.7545,-1.0344,-9.0593
2887 台新金,現股當沖比重,0.07,0.18,0.64,0.72,0.7,0.73,1.58,1.31,1.94,0.71,0.65,3.4
2890 永豐金,月報酬率 %,-5.0505,3.1914,0.6872,-8.1911,-1.1152,1.1278,5.2046,6.6284,-4.3955,2.0215,-1.5153,-0.0001
2890 永豐金,現股當沖比重,0.24,0.01,0.55,1.29,0.28,0.08,0.25,1.03,2.88,1.05,0.44,3.03
2891 中信金,月報酬率 %,-1.72,-2.2501,-2.5575,-5.7741,6.4066,4.1886,8.0348,3.0806,-2.4982,4.1566,-1.1737,-2.3753
2891 中信金,現股當沖比重,0.14,0.72,1.33,0.55,0.58,0.95,1.86,0.92,1.91,3.38,0.56,5.56
2892 第一金,月報酬率 %,-2.426,-0.2763,0.2769,-2.21,5.085,3.2259,6.5102,-0.7841,-0.8109,1.9074,0.5347,-0.7978
2892 第一金,現股當沖比重,0.02,0.01,1.61,0,0.11,1.53,0.5,1.05,1.37,3.63,0.61,5.98
2912 統一超,月報酬率 %,-1.4528,-7.6168,14.3615,4.4185,10.4676,-3.629,0.2092,-2.9227,-3.7528,4.5871,5.702,1.4523
2912 統一超,現股當沖比重,1.57,0.57,2.58,4.63,1.58,0.9,0.95,0.36,2.29,1.84,3.01,6.37
3008 大立光,月報酬率 %,-4.1153,15.4505,7.063,30.9027,3.9789,21.4288,-2.1007,7.4924,-11.9194,-2.0643,11.7095,0.4193
3008 大立光,現股當沖比重,10.87,11.8,7.42,9.93,10.08,20.3,16.43,14.57,20.84,29.13,29.32,19.96
3045 台灣大,月報酬率 %,-7.7883,2.5901,4.7202,2.0966,1.5403,-0.9586,-0.433,3.5872,-3.1481,6.9342,-0.3041,6.1992
3045 台灣大,現股當沖比重,1.05,0.46,0.32,4.28,0.09,0.37,2.35,1.28,3,1.96,1.36,2.97
3711 日月光投控,月報酬率 %,0,0,0,0,0,0,0,0,0,0,0,0
3711 日月光投控,現股當沖比重,0,0,0,0,0,0,0,0,0,0,0,0
4904 遠傳,月報酬率 %,-8.8549,2.8476,5.0489,1.2405,4.2878,-0.1468,-2.9888,2.2473,-8.4772,15.4373,-0.4459,8.9554
4904 遠傳,現股當沖比重,3.2,0.23,1.3,6.27,0.41,1.33,0.91,1.65,8.45,1.91,0.16,3.17
4938 和碩,月報酬率 %,3.776,2.133,11.4252,0.8819,26.776,-1.7243,0.8772,10.261,-7.493,-1.4285,30.0724,1.6712
4938 和碩,現股當沖比重,4.19,1.93,3.52,1.81,5.49,1.65,2.5,6.92,5.36,5.23,8.29,6.29
5880 合庫金,月報酬率 %,0.3066,0.3058,-0.6097,-1.5339,2.4923,3.9513,4.6781,0.8053,-1.7965,-0.9144,0.3076,-0.0001
5880 合庫金,現股當沖比重,0.11,0.26,0.1,0.24,0.02,0.38,0.44,2.68,1.25,0.33,0.42,6.73
6505 台塑化,月報酬率 %,-6.846,2.0998,-0.3857,-2.0645,-3.4255,6.1393,1.7995,-1.5648,-2.2518,-3.3877,-1.8232,-1.8571
6505 台塑化,現股當沖比重,0.62,5.21,4.85,6.24,0.04,0.35,5.35,6.13,2.1,5.75,2.14,8.63
9904 寶成,月報酬率 %,-5.7238,-3.6906,6.1804,-10.5938,-13.8019,8.6102,-2.9443,2.0681,-2.1709,-1.0354,11.8086,2.8076
9904 寶成,現股當沖比重,1.75,1.47,3.86,9.57,2.95,2.65,4.08,2.36,1.66,2.88,6.26,5.46
9910 豐泰,月報酬率 %,-4.196,11.2411,17.0602,-6.3902,2.2755,-0.8196,2.1252,6.9004,-1.0515,-7.32,13.8853,7.6064
9910 豐泰,現股當沖比重,0.83,2.28,1.32,1.98,3.01,10.73,4.07,0,1.12,1.08,1.47,2.03
1722 台肥,月報酬率 %,-6.2222,2.6855,-1.8463,-5.9561,1.1668,-2.4712,3.3787,-4.1691,-11.2873,7.1572,-5.5659,9.6269
1722 台肥,現股當沖比重,0.41,1.65,0.77,0.39,0.12,1.24,0.81,1.65,1.4,0.91,0.09,1.42
2201 裕隆,月報酬率 %,-3.5185,-0.7678,-2.7079,-6.7595,3.5179,0.1031,2.7777,-2.5381,-5.2086,-1.5387,3.7947,0.0002
2201 裕隆,現股當沖比重,2.26,2.57,2.94,1.21,2.71,7.36,1.51,0.9,6.41,7.94,2.5,4.77
2324 仁寶,月報酬率 %,-0.4376,-9.8902,5.3659,-0.2315,14.6173,-1.2146,13.9344,-0.735,-14.4737,-1.3188,-11.8041,12.1213
2324 仁寶,現股當沖比重,3.19,1.09,5.22,7.42,3.21,3.41,5.16,2.36,5.42,7.59,1.12,3.73
2354 鴻準,月報酬率 %,-2.0116,-0.1466,5.4332,4.4568,-7.7332,4.6243,3.315,6.6212,0.2667,7.7126,6.79,-1.3873
2354 鴻準,現股當沖比重,2.27,0.41,1.19,1.35,1.44,2.49,0.79,4.81,5.22,6.69,3.99,3.49
2409 友達,月報酬率 %,-5.3573,14.3175,4.3687,6.0464,0.4386,10.4804,9.0698,8.7914,-13.4679,12.0623,1.389,10.9588
2409 友達,現股當沖比重,3.36,2.38,6.19,3.62,2.87,8.68,12.29,8.84,9.23,8,9.24,5.88
2498 宏達電,月報酬率 %,-3.5461,-0.0002,12.4998,1.3072,3.2255,-13.7501,-3.9856,3.7737,-4,1.8938,1.8588,3.6497
2498 宏達電,現股當沖比重,8.02,8.06,5.08,9.63,5.38,9.55,11.25,7.72,10.17,13.95,13.71,6.16
3481 群創,月報酬率 %,-7.4889,2.8572,-3.2408,-0.4785,13.9423,18.1433,4.3815,6.2936,-13.4867,5.3231,6.8594,4.054
3481 群創,現股當沖比重,3.32,3.24,3.37,3.72,7.34,7.26,8.1,4.81,9.54,12.02,8.41,6.81
3673 TPK-KY,月報酬率 %,9.091,-5.7294,-0.2763,27.424,5.6522,22.6338,-34.7109,6.2829,-10.0985,-1.9178,11.1731,-4.7738
3673 TPK-KY,現股當沖比重,7.02,7.87,4.71,12.94,9.95,19.73,20.47,20.83,19.64,26.23,16.87,18.31
1210 大成,月報酬率 %,-0.7574,-0.1908,15.1055,3.8205,-2.7199,19.5725,-1.7882,13.5919,-2.4672,-7.0826,-2.5409,2.6072
1210 大成,現股當沖比重,0,0,0,0,0,0,0,0,0,0,0,0
1227 佳格,月報酬率 %,-4.5162,-0.7883,-5.789,-0.0002,-0.4816,0.4844,3.1324,-0.3413,-10.8073,2.3358,2.4251,-2.507
1227 佳格,現股當沖比重,0.63,0.58,0.09,2.23,0.22,0.64,1.68,1.39,1.19,1.53,3.1,4.55
1229 聯華,月報酬率 %,-0.773,0.0001,1.2988,-2.0513,8.377,1.4493,3.3333,1.3576,-3.1027,-2.7093,0.7594,2.7638
1229 聯華,現股當沖比重,0,0,0,0,0,0,0,0,0,0,0,0
1314 中石化,月報酬率 %,-1.4707,-1.4925,-4.5456,-5.5557,-2.521,4.7414,0.8232,-13.0613,-10.6104,0.8403,-7.2915,29.7751
1314 中石化,現股當沖比重,1.65,6.99,1.68,1.82,1.32,2.43,5.33,1.46,9.45,6.49,3.07,10.01
1319 東陽,月報酬率 %,-7.8474,2.6762,5.2136,-2.59,-1.7342,-4.353,-5.675,2.1505,-14.7368,-4.3212,9.3548,8.1121
1319 東陽,現股當沖比重,1.38,2.29,3.87,2.81,0.29,3.21,3.12,4.15,2.15,7.31,4.4,5.85
1434 福懋,月報酬率 %,-11.0954,2.1841,3.8169,-7.2058,4.4376,0.1517,3.743,-4.5113,-5.8267,2.6754,-1.3028,3.6302
1434 福懋,現股當沖比重,2.58,1.92,1.45,0.68,2.01,0.23,0.45,1.19,2.2,5.1,0.52,6.2
1476 儒鴻,月報酬率 %,-1.1907,16.2651,-8.8084,-6.2502,-6.0607,16.7741,-4.8197,-22.9628,10.6,4.5207,6.7476,4.0518
1476 儒鴻,現股當沖比重,8.92,12.4,5.13,8.34,8.43,13.34,9.65,18.51,20.35,25.17,22.83,16.79
1477 聚陽,月報酬率 %,-7.764,11.7846,1.8073,-6.2131,-2.8391,4.8701,2.6356,-4.2209,4.7459,2.9128,-1.5721,7.9872
1477 聚陽,現股當沖比重,4,3.25,12.89,1.27,2.03,4.09,1.95,1.69,15.2,4.72,4.96,3.09
1504 東元,月報酬率 %,-3.2211,5.2952,-2.4425,-3.3873,2.4391,2.2324,15.1824,-1.8277,-16.8882,8.1598,-5.0295,-6.075
1504 東元,現股當沖比重,3.29,2.64,1.09,3.45,3.84,0.23,5.84,4.8,6.82,6.05,1.09,4.95
1507 永大,月報酬率 %,-2.8069,3.2489,1.8647,1.8307,-18.8764,-1.662,12.3517,-3.7663,-5.2632,-3.8463,5.3334,11.533
1507 永大,現股當沖比重,0.88,0.62,2.21,0.14,1.22,1.21,4.67,3.38,1.01,0.96,3.22,2.58
1536 和大,月報酬率 %,-0.6524,23.1949,-5.6838,-9.6044,2.9167,7.2876,-3.9623,7.0726,7.9559,-2.8673,4.059,-0.7093
1536 和大,現股當沖比重,0,0,0,0,0,0,0,0,0,0,0,0
1590 亞德客-KY,月報酬率 %,13.6363,12.909,1.6103,2.8527,0.4622,0.6237,-11.353,7.8949,-20.1626,-9.5724,25.9007,2.3256
1590 亞德客-KY,現股當沖比重,11.88,8.77,12.85,15.19,16.27,11.39,5,2.7,8.01,8.33,20.1,10.09
1605 華新,月報酬率 %,-1.4645,0.1063,2.7572,2.1672,1.5151,5.9705,5.6339,-4.889,-6.5421,0.9999,-1.1881,-0.2004
1605 華新,現股當沖比重,1.76,0.35,5.37,2.49,1.05,4.77,1.04,1.42,6.24,9.18,2.58,2.19
1707 葡萄王,月報酬率 %,-12.3332,1.9009,-1.8655,2.6615,-1.8518,1.8866,10.9013,-8.3045,-3.0189,-1.1673,1.181,-1.1672
1707 葡萄王,現股當沖比重,0,0,0,0,0,0,0,0,0,0,0,0
1723 中碳,月報酬率 %,2.439,4.1667,-0.5715,-0.0002,4.5977,6.3187,2.7847,-1.3124,-5.053,-7.283,-6.9486,0.6494
1723 中碳,現股當沖比重,0.7,0.36,0.21,2.33,1.46,2.7,1.64,5.06,3.75,2.77,1.17,0.73
1802 台玻,月報酬率 %,-10.558,1.1805,-2.1669,-5.9625,-3.0798,-5.7945,5.5701,-2.6413,-2.3257,-6.5476,1.4863,3.3472
1802 台玻,現股當沖比重,1.98,0.51,2.57,2.3,0.33,0.08,0.73,1.84,1.46,3.51,0.5,17.91
2027 大成鋼,月報酬率 %,-0.3546,-1.4235,5.0541,15.464,3.8691,1.4327,14.8124,11.4506,-14.8402,-0.2681,6.4514,5.0508
2027 大成鋼,現股當沖比重,0,0,0,0,0,0,0,0,0,0,0,0
2049 上銀,月報酬率 %,9.3439,10.1819,-2.6402,-2.7119,7.317,19.643,-11.5332,-6.9612,-6.8491,-11.7646,8.3334,1.9229
2049 上銀,現股當沖比重,10.76,9.13,8.1,9.73,5.37,12.66,16.31,12.58,17.13,15.79,13.4,6.86
2059 川湖,月報酬率 %,-1.3395,6.0332,18.0655,-5.3011,4.3257,4.1463,-5.8549,1.6896,-14.3391,16.0117,0.3764,1.4998
2059 川湖,現股當沖比重,2.43,5.58,16.69,5.45,2.07,7.04,6.4,15.27,6.14,18.16,4.57,9.28
2101 南港,月報酬率 %,-0.8119,0.6822,0.2711,-7.2973,4.2274,-2.3776,3.7408,-2.1368,-2.3291,-0.7452,-1.9519,3.3691
2101 南港,現股當沖比重,1.21,1.43,0.78,4.41,0.69,0.3,1.59,11.75,5.87,0.1,5.84,4.68
2104 國際中橡,月報酬率 %,-0.3558,0.5358,0.888,1.7604,0.519,2.9261,3.0693,4.0472,5.0241,-3.0865,-1.9109,6.8181
2104 國際中橡,現股當沖比重,0,0,0,0,0,0,0,0,0,0,0,0
2204 中華,月報酬率 %,-2.2531,-1.0639,-2.509,0.3678,6.4105,2.5816,1.118,-1.549,-5.2447,2.214,-0.9025,1.8216
2204 中華,現股當沖比重,4.48,1.08,1.31,0.9,0.68,2.01,0.06,0.12,3.74,2.61,1.48,3.12
2227 裕日車,月報酬率 %,-6.635,-3.1726,1.1795,-0.5184,-6.2498,6.1112,3.5059,-12.3504,-7.4242,-6.8739,10.8963,5.5469
2227 裕日車,現股當沖比重,5.85,5.31,5.25,4.7,1.7,1.72,10.87,4.87,2.25,6.61,20.81,11.83
2231 為升,月報酬率 %,12.2138,20.068,32.2947,14.3468,23.9701,20.5439,-13.5339,4.5101,12.2976,-7.6369,-4.9922,-1.8065
2231 為升,現股當沖比重,0,0,0,0,0,0,0,0,0,0,0,0
2313 華通,月報酬率 %,-3.1519,-4.142,11.7284,9.116,5.3163,-5.5288,-6.582,1.9552,-1.6438,-6.6854,6.5669,-0.0002
2313 華通,現股當沖比重,0,0,0,0,0,0,0,0,0,0,0,0
2337 旺宏,月報酬率 %,-1.0431,0.9035,-5.8209,12.6783,2.9537,0.5463,5.9782,-0.6412,-11.9999,0.1469,-5.4172,7.2756
2337 旺宏,現股當沖比重,5.86,8,3.52,13.57,16.07,6.62,12.29,22.17,8.94,8.65,1.87,9.23
2344 華邦電,月報酬率 %,-7.5,16.8917,-7.9769,13.9449,25.6891,5.2633,-8.7501,-7.3061,-10.0492,6.5719,-2.7749,14.6936
2344 華邦電,現股當沖比重,5.61,12.22,2.42,17.83,26.65,16.13,10.14,14.14,17.73,17.75,7.58,11.87
2345 智邦,月報酬率 %,3.8094,4.8932,-0.8746,5.5885,7.5207,1.0363,-2.0992,0,-2.4726,-12.6762,-7.0967,11.1111
2345 智邦,現股當沖比重,0,0,0,0,0,0,0,0,0,0,0,0
2347 聯強,月報酬率 %,8.668,0.7781,-5.4051,-4.1835,3.4078,3.6046,-0.7004,-3.39,-7.8947,1.5475,5.5099,2.4445
2347 聯強,現股當沖比重,6.78,5.19,3.26,2.22,2.75,2.23,4.42,0.52,4.91,2.31,0.81,2.73
2352 佳世達,月報酬率 %,10.2319,27.4751,-1.9416,-3.1684,5.8283,4.3478,38.8888,1.3334,-11.1842,0.7407,2.5736,4.3011
2352 佳世達,現股當沖比重,0,0,0,0,0,0,0,0,7.31,9.73,3.92,4.77
2353 宏碁,月報酬率 %,-1.9125,0.5569,-0.554,3.8997,4.5577,9.4872,12.4123,3.1251,-13.5352,-2.5699,-5.7554,8.6513
2353 宏碁,現股當沖比重,3.72,1.29,2.8,3.23,5.6,1.99,6.54,7.14,5.75,5.19,3.46,5.09
2356 英業達,月報酬率 %,6.0718,14.3112,-6.1032,-7.3332,0.7192,2.1426,-0.3362,-12.8015,-15.7447,6.5658,-2.3695,3.6405
2356 英業達,現股當沖比重,7.21,7.02,7.17,7.34,1.77,4.41,2.13,7.3,8.61,7.4,5.89,4.12
2360 致茂,月報酬率 %,4,11.6923,-0.0001,7.025,-3.6037,11.6155,-1.4063,9.9999,-3.9774,-10.4142,10.4362,-1.7942
2360 致茂,現股當沖比重,4.7,4.9,1.71,4.55,3.75,6.95,4.68,5.38,12.14,7.44,20.69,8.7
2371 大同,月報酬率 %,4.5949,15.2601,-4.8145,0.6321,0.2093,-0.6269,4.1009,-2.2222,-8.2644,-2.9279,-5.5687,9.9509
2371 大同,現股當沖比重,0,0,0,0,0,0,0,0,0,0,0,0
2376 技嘉,月報酬率 %,10.5556,13.0653,-0.2222,4.8998,9.5543,-7.2675,-7.4239,-3.8553,-14.6617,2.4965,1.4328,4.5197
2376 技嘉,現股當沖比重,0,0,3.8,1.14,3.54,1.48,2.44,8.65,5.48,2.01,0.95,2.9
2377 微星,月報酬率 %,9.5041,14.151,-0.4958,9.6347,35.1515,0.8968,3.4444,-7.7042,-8.5262,-1.0651,-9.1521,1.0368
2377 微星,現股當沖比重,0,0,0,0,0,6.55,14.76,7.98,13.18,7.43,4.29,4.35
2379 瑞昱,月報酬率 %,3.7501,8.4337,1.9999,-6.2092,7.4332,2.2704,1.3741,18.8502,-0.9173,-6.9448,2.4874,2.9129
2379 瑞昱,現股當沖比重,9.74,3.98,4.29,3.72,2.76,1.49,5.66,6.03,10.49,22.28,9.64,4.65
2383 台光電,月報酬率 %,3.9998,4.6156,1.8383,-2.7076,6.1225,5.4195,14.2622,4.9446,-1.3103,5.4572,6.0141,7.9154
2383 台光電,現股當沖比重,0,0,0,0,0,0,0,0,0,0,0,0
2385 群光,月報酬率 %,3.4712,2.3227,-0.3782,-0.6328,3.3123,5.0838,4.6148,16.8058,-7.1427,-4.0661,-3.551,5.1071
2385 群光,現股當沖比重,2.58,2.93,1,2.46,0.75,3.07,0.33,5.49,1.8,3.4,11.05,6.53
2439 美律,月報酬率 %,0.8619,-4.5583,-0.5971,-1.8018,13.7615,-14.2473,1.5082,13.9073,-17.7327,-13.4275,-14.2858,6.1908
2439 美律,現股當沖比重,0,0,10.13,7.05,7.9,13.31,8.06,11.68,13.89,12.73,13.22,6.49
2441 超豐,月報酬率 %,5.8182,3.9519,6.7769,10.5263,8.8237,3.4749,-2.9849,10.3521,-4.6341,-2.8136,-4.4735,5.9229
2441 超豐,現股當沖比重,0,0,0,0,0,0,0,0,0,0,0,0
2449 京元電子,月報酬率 %,2.6896,16.6668,3.0613,-8.9111,13.0436,7.8847,-7.324,10.0604,-5.3018,-7.3358,4.1667,1.8001
2449 京元電子,現股當沖比重,2.68,9.51,2.75,3.2,3.02,6.68,3.25,6.18,6.77,3.82,0.69,0.45
2451 創見,月報酬率 %,5.2508,2.4393,7.143,0.606,9.4377,0.1836,0.4877,-2.4272,0.4976,1.4851,-0.9756,-2.7586
2451 創見,現股當沖比重,2.77,0.59,1.07,2.39,0.83,0.9,0.55,6.39,3.51,0.43,3.87,3.87
2492 華新科,月報酬率 %,6.8747,7.3685,-3.7037,1.81,15.5556,13.9425,-5.4851,5.3574,-2.5424,-8.6958,9.5237,5.6522
2492 華新科,現股當沖比重,0,0,0,0,0,0,0,0,0,0,0,0
2542 興富發,月報酬率 %,-3.3332,1.1494,16.5583,-6.2672,3.8635,-4.4349,3.8921,17.566,-8.3018,8.2302,11.7869,8.6733
2542 興富發,現股當沖比重,2.14,3.94,1.01,0.29,0.59,0.88,1.28,2.88,2.11,1.09,11.63,3.66
2603 長榮,月報酬率 %,-2.1976,1.1235,-1.1109,-3.6518,0.2913,-5.2324,6.4415,5.187,-2.1915,0.5603,2.2284,22.0706
2603 長榮,現股當沖比重,5.35,0.3,0.85,0.45,2.71,0,0.45,0.92,6.52,4.62,6.66,10.47
2606 裕民,月報酬率 %,-5.9812,0.9939,1.378,-1.3593,-0.5908,-0.1983,-1.6649,3.3614,-5.8944,2.8079,2.1008,2.675
2606 裕民,現股當沖比重,0.66,1.06,0,0.42,0.1,0,0.25,1.34,1.91,2.59,0.55,4.57
2610 華航,月報酬率 %,-2.7396,-2.3476,-3.3653,0.4975,0.495,0.9852,-0.4877,-1.9607,2,16.6667,9.6635,11.1112
2610 華航,現股當沖比重,2.07,1.64,0.25,0.67,2.14,5.69,11.52,1.11,5.36,7.76,11.56,12.88
2615 萬海,月報酬率 %,-4.8386,-4.0679,3.8868,2.3811,-2.99,4.7942,3.268,24.3673,15.6625,2.9815,21.6037,1.6481
2615 萬海,現股當沖比重,0.12,0.02,0.69,1.25,0.34,0,0.08,3.8,5.52,4.11,7.53,4.92
2618 長榮航,月報酬率 %,-3.012,-3.4161,-1.6079,0.0001,-1.3071,-4.9669,3.484,1.0101,7.3332,10.5594,12.3594,14.4393
2618 長榮航,現股當沖比重,0.48,1.21,0.28,1,0.48,3.92,2.98,0.1,2.14,7.74,5.64,14.2
2723 美食-KY,月報酬率 %,-9.1812,24.3167,3.7364,3.6018,-7.362,2.7777,10.3669,-5.2838,3.5124,-23.1538,-15.8442,-0.3086
2723 美食-KY,現股當沖比重,3.57,3.76,3.59,7.09,0.21,1.42,1.03,11.99,3.19,0.88,6.4,0
2809 京城銀,月報酬率 %,4.0494,-2.8764,-1.5681,-0.8851,2.1429,0.6994,11.2171,10.6734,-0.1482,-1.3373,-1.0543,0.0001
2809 京城銀,現股當沖比重,2.13,2.4,3.06,0,0,0.42,0.91,4.38,0.62,8.59,0,0
2812 台中銀,月報酬率 %,-0.4565,-0.9173,-4.6297,-2.4273,3.9801,1.9139,2.3475,3.2388,-1.4354,-0.9709,0,0.4902
2812 台中銀,現股當沖比重,0.2,0,0.41,0,0,0.03,0.46,0.09,0.17,9.01,0.1,3.26
2834 臺企銀,月報酬率 %,-0.7716,0.5556,-0.663,-2.1134,4.8863,0.8666,3.1149,1.4003,-4.0598,1.7818,-1.0941,1.6592
2834 臺企銀,現股當沖比重,0.36,0.08,0.41,0,0.93,0.61,0.29,0.1,0.7,0.13,0.48,3.9
2845 遠東銀,月報酬率 %,-4.8193,-4.2194,-4.846,-1.8518,1.8868,1.8519,3.1818,1.7028,-5.0927,0.0001,0.4877,1.9417
2845 遠東銀,現股當沖比重,0.53,0.96,0.06,0.05,1.2,0,0.42,0.06,0.48,4.47,0.21,1.95
2867 三商壽,月報酬率 %,-8.4506,-0.2564,-6.684,-6.8043,1.4794,3.4986,4.2251,1.8782,-0.5571,-4.4817,-1.4662,0.8927
2867 三商壽,現股當沖比重,0,0,0,0,0,0,0,0,0,0,0,0
2889 國票金,月報酬率 %,-0.2002,-0.8023,-4.8535,0.5313,0.5284,-0.3157,1.6877,-0.697,-5.805,-1.7443,-0.5917,-0.4762
2889 國票金,現股當沖比重,0,0,0,0,0,0,0,0,0,0,0,0
2903 遠百,月報酬率 %,-6.271,0.0003,-2.8933,4.6556,-0.8896,0.7182,9.091,4.1423,-2.4915,-6.4737,-2.5501,5.4205
2903 遠百,現股當沖比重,0.86,0.22,0.47,1.01,0.05,1.94,0.45,0.29,2.6,1.95,2.09,1.39
2915 潤泰全,月報酬率 %,-4.4443,-2.189,1.8183,-1.511,3.2078,4.3244,5.1425,-4.6051,-6.6205,-4.1358,-3.6982,6.7199
2915 潤泰全,現股當沖比重,1.69,2.99,2.88,0.59,0.65,2.29,5.25,0.18,2.04,2.43,0.64,3.2
3005 神基,月報酬率 %,-2.9126,4,9.2951,-5.8652,7.4767,-3.1886,0.8981,2.374,-5.2306,-0.6493,3.9215,4.4022
3005 神基,現股當沖比重,0,0,0,0,0,0,0,0,0,0,0,0
3023 信邦,月報酬率 %,-5.6321,5.8358,15.7893,-2.8138,0.5571,7.6411,-1.4402,-0.5017,-13.3039,0.6393,5.7179,6.4904
3023 信邦,現股當沖比重,0,0,0,0,0,0,0,0,0,0,0,0
3034 聯詠,月報酬率 %,-0.4097,14.4034,0.3598,0.0002,10.036,-4.2345,4.762,3.5462,-1.9543,4.3188,11.465,1.7141
3034 聯詠,現股當沖比重,4.87,2.1,2.63,3.44,0.91,0.46,5.94,6.27,8.29,0.88,5.8,4.04
3037 欣興,月報酬率 %,2.6549,-7.7585,14.4863,4.6936,7.4076,4.9001,-10.3864,-0.3946,-10.0991,2.8636,-2.3554,5.9212
3037 欣興,現股當沖比重,3.06,3.09,6.09,9.03,4.1,3.47,7.6,4.98,5.07,6.61,1.15,6.13
3044 健鼎,月報酬率 %,3.3706,5.0725,3.2759,-0.8345,-1.0101,-2.0407,3.6353,5.7493,3.4595,-9.5542,7.9225,1.3049
3044 健鼎,現股當沖比重,0.78,0.93,2.75,3.72,1.01,3.3,0.45,6.3,3.37,3.55,2.62,1.08
3231 緯創,月報酬率 %,0.1996,0.3984,-0.5951,0.5989,1.1905,6.8627,14.9545,21.107,-11.2859,2.7376,-11.2855,1.4133
3231 緯創,現股當沖比重,1.8,2.04,0.53,1.09,1.04,0.31,2.94,4.17,9.86,7.11,6.27,2.15
3406 玉晶光,月報酬率 %,2.4336,-0.9718,-1.3087,14.3645,-11.4009,-0.109,2.9475,-13.1494,37.3627,-24.6221,36.2032,-8.6578
3406 玉晶光,現股當沖比重,0,0,0,0,0,0,0,0,0,0,0,0
3443 創意,月報酬率 %,1.7568,4.9137,12.1519,-5.1919,17.8572,-3.0562,-8.3869,-1.9953,9.461,0.328,-2.6174,3.8073
3443 創意,現股當沖比重,0,0,0,0,0,0,0,0,0,0,0,0
3532 台勝科,月報酬率 %,-5.0769,6.6451,-5.9271,-0.3229,10.535,4.5454,7.7605,-3.0184,-0.1353,-15.9893,-0.8064,72.3578
3532 台勝科,現股當沖比重,0,0,0,0,0,0,0,0,0,0,0,0
3682 亞太電,月報酬率 %,-3.2361,0.6689,-4.9832,1.0489,23.1836,0.8428,2.0055,8.1235,-8.29,1.6948,-0.8333,-2.2409
3682 亞太電,現股當沖比重,0,0,0.72,1.51,2.32,3.99,0.85,8.05,7.5,1.74,0.29,2.08
3702 大聯大,月報酬率 %,2.9153,1.9829,2.0833,0.9524,12.6683,-1.6747,-2.798,3.3366,-4.4931,-0.5376,-2.8378,2.5037
3702 大聯大,現股當沖比重,0.79,0.92,0.35,1.02,2.63,1.67,3.25,1.32,1.54,2.78,2.28,1.66
3706 神達,月報酬率 %,-8.5068,2.8462,4.4282,-13.7807,7.582,2.2857,-2.7989,1.3726,-2.9015,-6.3745,-4.2555,4.0001
3706 神達,現股當沖比重,0,0,0,0,0,0,0,0,0,0,0,0
4958 臻鼎-KY,月報酬率 %,5.4318,-1.7171,4.9734,12.0358,7.8857,4.1313,-7.6296,8.8106,-7.9223,-5.4484,0.1201,1.9182
4958 臻鼎-KY,現股當沖比重,3.23,1.11,2.93,5.1,1.06,6.2,1.75,5.69,10.32,5.67,6.22,5.27
5269 祥碩,月報酬率 %,-1.1824,27.3937,11.691,47.6635,108.8604,12.1214,-12.9729,4.6561,-1.1976,-15.7576,20.8633,2.3809
5269 祥碩,現股當沖比重,0,0,0,0,0,0,0,0,0,0,0,0
5522 遠雄,月報酬率 %,-3.7622,2.0577,4.6372,-4.6244,1.0101,-18.7,7.8893,-1.8913,-13.6146,-16.039,16.113,8.0114
5522 遠雄,現股當沖比重,0.99,5.04,0.66,4.65,0.25,0.63,0.2,0,1.71,1.51,5.84,8.93
5534 長虹,月報酬率 %,-10.6013,2.6896,10.0002,-9.8486,1.2004,-6.1685,4.0454,-1.0936,-3.0861,-10.0719,6.7201,1.6492
5534 長虹,現股當沖比重,5.96,1.51,5.37,1.09,0.21,0,0,0,0,0,0,0
6176 瑞儀,月報酬率 %,21.1009,-6.818,0.0001,-1.2194,1.2346,4.0649,3.5157,2.7888,-6.5893,-12.0331,-4.2452,0
6176 瑞儀,現股當沖比重,5.01,2.87,1.78,4.34,0.76,3.07,3.78,3.76,4.49,5.24,7.5,5.27
6213 聯茂,月報酬率 %,2.5684,7.3552,0.2916,1.1629,-8.3331,0.4701,-0.3121,-8.2954,-5.6983,-7.6021,-0.4221,1.6949
6213 聯茂,現股當沖比重,0,0,0,0,0,0,0,0,0,0,0,0
6239 力成,月報酬率 %,-7.9034,0.8344,8.8653,6.0805,18.5263,-6.7357,-2.8285,12.2774,-2.9984,-7.2727,1.3725,4.8357
6239 力成,現股當沖比重,2.64,2.56,2.74,3.77,4.76,1.32,0.71,2.52,7.6,5.53,3.79,3.77
6269 台郡,月報酬率 %,-5.1042,0.1099,-0.6581,-9.4924,-3.2927,0.2523,2.5158,17.8719,-9.327,-16.4063,0.1559,10.2642
6269 台郡,現股當沖比重,1.62,2.56,0,0,0,0,0,0,0,0,0,0
6285 啟碁,月報酬率 %,0.2584,1.0309,-12.5,2.6239,1.9886,2.2283,11.4439,1.1069,-8.4617,-4.2018,-11.9883,11.2959
6285 啟碁,現股當沖比重,0,0,0,0,0,0,0,0,0,0,0,0
6409 旭隼,月報酬率 %,-3.2935,14.2354,26.3699,6.504,12.9771,4.054,-8.8745,21.4064,1.2712,2.5103,11.8367,4.3796
6409 旭隼,現股當沖比重,0,0,0,0,0,0,0,0,0,0,0,0
6415 矽力-KY,月報酬率 %,-6.1135,7.9068,31.2498,-17.8982,10.3999,1.2681,9.5906,3.7549,-8.5715,-12.2916,14.7266,7.6604
6415 矽力-KY,現股當沖比重,0,0,0,0,0,0,0,0,0,0,0,0
6456 GIS-KY,月報酬率 %,0,0,0,0,0,0,0,0,0,0,0,0
6456 GIS-KY,現股當沖比重,0,0,0,0,0,0,0,0,0,0,0,0
6669 緯穎,月報酬率 %,0,0,0,0,0,0,0,0,0,0,0,0
6669 緯穎,現股當沖比重,0,0,0,0,0,0,0,0,0,0,0,0
8341 日友,月報酬率 %,0,0,29.2613,4.3958,-12.1053,9.5806,-1.5059,-3.1537,6.6127,-4.3772,-2.5905,-0.4199
8341 日友,現股當沖比重,0,0,0,0,0,0,0,0,0,0,0,0
8454 富邦媒,月報酬率 %,0,23.4177,-6.4104,-2.4604,8.7069,23.9474,1.8982,-1.2418,0.8456,12.134,10.8207,45.8697
8454 富邦媒,現股當沖比重,0,0,0,0,0,0,0,0,0,0,0,0
8464 億豐,月報酬率 %,0,0,0,0,0,0,0,0,0,0,0,0
8464 億豐,現股當沖比重,0,0,0,0,0,0,0,0,0,0,0,0
9914 美利達,月報酬率 %,-13.6259,8.8236,-0.737,0.0001,2.9703,-4.8076,19.4447,0.2826,-3.6365,-0.9434,0.9524,1.1793
9914 美利達,現股當沖比重,5.05,5.99,2.36,4.05,3.05,0.35,1.21,0.42,4.06,2.4,2.77,7.16
9917 中保,月報酬率 %,2.54,0.5216,1.2968,-1.9207,1.0444,0.3876,3.7323,11.2988,-1.06,-4.0475,-0.2481,3.2338
9917 中保,現股當沖比重,0.72,0,0,0,0.13,0,0.93,0.5,0.49,0.53,0,0
9921 巨大,月報酬率 %,-6.3417,7.5522,0.2423,14.0099,0.6356,-2.1053,6.8818,2.5862,-4.6278,3.7974,10.5693,3.309
9921 巨大,現股當沖比重,1.64,1.77,0.32,3.45,0.98,2.13,1.97,4.89,2.98,7.57,2.7,4.5
9933 中鼎,月報酬率 %,-14.4925,1.0894,9.3416,5.586,7.8837,-0.5769,0.4497,7.1071,-3.1775,-4.054,1.207,0.1989
9933 中鼎,現股當沖比重,1.27,0.34,2.66,1.52,0.55,0.68,3.1,0.41,1.32,0.21,0.15,5.51
9941 裕融,月報酬率 %,-3.8462,1.3334,5.2629,-4.3749,3.2679,3.4177,5.3684,-0.8621,-3.1056,-5.7691,2.7209,3.1788
9941 裕融,現股當沖比重,0,0,0,0,0,0,0,0,0,0,0,0
9945 潤泰新,月報酬率 %,-7.6126,0.7491,3.5315,-4.1292,2.9961,-1.6366,8.4935,-0.7393,-8.473,-7.8331,6.512,4.4559
9945 潤泰新,現股當沖比重,4.54,3.39,4.31,3,0.32,0.69,5.64,2.28,3.69,1.72,3.99,2.6
