證券代碼,Data Field,2014/1/10,2014/1/17,2014/1/24,2014/1/27,2014/2/7,2014/2/14,2014/2/21,2014/2/27,2014/3/7,2014/3/14,2014/3/21,2014/3/28,2014/4/3,2014/4/11,2014/4/18,2014/4/25,2014/5/2,2014/5/9,2014/5/16,2014/5/23,2014/5/30,2014/6/6,2014/6/13,2014/6/20,2014/6/27,2014/7/4,2014/7/11,2014/7/18,2014/7/25,2014/8/1,2014/8/8,2014/8/15,2014/8/22,2014/8/29,2014/9/5,2014/9/12,2014/9/19,2014/9/26,2014/10/3,2014/10/9,2014/10/17,2014/10/24,2014/10/31,2014/11/7,2014/11/14,2014/11/21,2014/11/28,2014/12/5,2014/12/12,2014/12/19,2014/12/27,2014/12/31
1565 精華,週報酬率 %,-4.1667,0,-0.6212,-1.875,1.0191,-2.7742,9.4683,-0.237,-4.9882,-3.125,-9.0323,-1.2766,1.4368,-7.5071,6.5849,-5.1724,3.4848,5.1245,-2.5069,4.4286,2.4624,-3.0708,-2.4793,1.4124,1.1143,-2.8926,-8.5105,0.7753,-4.6153,3.3872,-6.0843,2.99,2.7522,0.6515,7.6052,-0.9024,-1.2139,-1.3824,2.648,-15.0227,-8.5715,-4.4922,9.2024,-7.1161,-4.4355,1.8987,-1.3458,1.3642,17.1843,-8.1271,0.5769,-0.1912
1565 精華,現股當沖比重,2.61,1.52,4.26,4.75,3.31,3.91,8.67,7.59,6.55,8.27,9.36,5.05,13.9,6.42,9.37,16.82,2.79,8.68,11.18,12.57,13.99,4.85,6.28,7.23,4.99,3.75,5.59,11.43,9.19,9.52,11.54,7.39,9.7,1.67,13.57,17.97,2.37,3.7,28.51,9.92,11.45,9.79,7.65,7.26,11.82,16.59,9.13,4.02,16.36,8.08,10.05,6.9
1785 光洋科,週報酬率 %,1.4926,2.022,0.1802,-2.8777,0.5555,-3.4991,6.2978,-1.0772,-1.8149,1.8483,-3.2667,-0.938,1.1363,7.8653,-0.0001,-7.4653,3.1895,-1.2728,0.1841,3.6764,-1.4184,1.4389,5.4965,-1.3445,-1.5333,0.3461,-1.724,4.2105,0.1683,-2.9926,-4.6594,2.2555,-0.5515,2.5877,-0.5405,-2.1739,1.1112,-3.2967,-0.1894,-0.5693,-12.4046,2.8323,1.4831,-1.4614,-1.4831,0,-0.6452,0.8658,6.2232,0.404,2.0121,-0.789
1785 光洋科,現股當沖比重,2.24,1.52,1.23,2.6,6.87,4.43,1.72,2.27,3.94,3.62,0.32,1.7,5.26,6.87,4.68,2.66,2.22,4.11,0,4.79,4.58,4.5,4.98,6.62,9.38,2.32,9.17,5.81,6.3,1.62,1.8,2.2,5.79,2.77,3.32,10.45,2.07,7.22,4.44,4.15,4.76,7.09,17.48,0.79,0.93,3.03,7.46,2.27,17,11.46,4.21,3.24
1795 美時,週報酬率 %,-8.0208,4.1902,-1.5217,0,5.1876,3.5677,23.1004,9.4649,4.8872,1.0754,-6.383,-1.5152,0,4.6154,-3.6764,-6.8702,-2.459,14.2858,-0.7353,1.4815,16.7884,-7.5,6.4189,3.4921,6.7484,-4.023,-1.7964,7.3171,2.5569,-18.5596,-13.2654,-4.706,4.9383,6.6667,-0.7354,-7.037,2.3904,-5.8366,2.4794,-14.5161,-21.0377,-4.4205,10.125,-5.4483,6.2426,-1.695,10.2298,13.66,4.1284,-12.2467,6.9277,-1.878
1795 美時,現股當沖比重,0,0,0,0,0,0,0,0,0,0,0,0,0,0,0,0,0,0,0,0,0,0,0,0,0,0,0,0,11.74,13.14,35.82,18.08,23.89,14.43,16.8,13.78,10.99,14.79,11.95,15.37,15.51,18.75,18.77,25.19,17.82,14.16,18.78,20.8,15.54,19.01,18.09,19.97
3081 聯亞,週報酬率 %,0,0,0,0,0,0,0,0,0,0,0,0,0,0,0,0,0,0,0,0,0,0,0,0,0,0,0,12.5,-2.1164,-2.1621,-3.8674,10.3448,-3.6457,-0.1622,-0.0541,-0.325,8.6901,1.0001,1.4902,5.6097,-8.0832,-2.5124,-0.969,3.7374,-3.161,0.7773,3.3266,2.0052,-1.7074,-0.7445,1,0.2475
3081 聯亞,現股當沖比重,0,0,0,0,0,0,0,0,0,0,0,0,0,0,0,0,0,0,0,0,0,0,0,0,0,0,0,0,0,0,0,0,0,0,0,0,0,0,0,0,0,0,0,0,0,0,0,0,0,0,0,0
3105 穩懋,週報酬率 %,1.6015,-4.7287,-0.5515,-2.0333,2.0755,-0.7394,0.5586,2.2223,-2.174,-1.4816,-3.0075,1.1628,1.5325,-1.1321,4.3894,-1.6453,2.7881,-0.5426,0.0001,0.5454,4.7016,5.5268,-1.1457,0.1655,-0.9916,3.005,-7.6175,0.7019,1.2085,-4.537,3.232,6.63,2.7633,2.521,-1.1475,-0.6634,0.1669,-1.4999,6.2606,-5.414,-12.7947,2.7027,3.0075,1.6423,3.7701,2.4222,-0.5068,2.7165,-0.9917,-4.6745,5.4292,-1.6612
3105 穩懋,現股當沖比重,2.4,2.99,2.67,1.12,2.65,2.09,2.64,2.94,4.14,3.48,1.9,0.96,1.22,1.35,7.53,6.77,6.71,4.61,2.2,1.31,4.79,4.2,4.21,5.4,1.83,7.73,3.8,4.59,2.46,3.85,1.16,6.1,3.02,1.91,4.12,5.32,2.37,3.22,8.95,8.9,8.54,8.54,1.99,6.35,7.37,1.84,2.53,4.53,9.12,5.94,6.24,2.09
3152 璟德,週報酬率 %,-4.6729,-0.6536,-7.8947,-0.7143,0,3.5971,1.0417,1.031,4.4218,-0.9772,-2.3026,2.3569,1.9737,-4.8386,3.0508,-2.9606,3.3899,-1.9673,-3.6789,0.3472,2.7681,2.6936,-2.2951,-0.3357,-2.3569,3.4483,-2.6667,0.6849,1.3605,-1.9444,-4.2857,-0.7463,-0.7519,1.1364,1.8726,-6.25,-0.7843,-2.7668,0.8131,2.4193,-7.0866,-2.5424,-0.4348,9.6069,6.3745,-4.4944,0.7843,2.7237,-3.4091,-0.3922,-0.7874,0.7937
3152 璟德,現股當沖比重,3.43,1.55,2.26,2.58,5.52,12.35,6.79,4.67,4.23,1.47,1.71,5.5,0.5,0.6,3.48,4.32,6.9,2.07,1.8,1.67,0,2.7,0,0.95,0,4.05,0.66,1.96,2.75,3.84,4.47,2.99,1.53,0,0,3.1,4,0,0,1.75,2.7,0,0,0,0,0,0,0,0,0,0,0
3227 原相,週報酬率 %,6.2746,0.5535,-4.5871,-2.3077,2.756,1.7241,9.4162,0.8606,-1.0238,5.3449,8.0196,3.0304,-2.0589,-4.2041,-0.7836,-6.635,1.692,8.1531,0,4.1539,1.9202,18.2608,3.9217,-3.7735,-7.3529,10.3175,-8.2733,7.8432,7.2727,-1.9208,-16.3595,-5.372,3.9302,1.1936,1.7094,-1.4006,7.8125,-1.0539,3.1957,-6.0645,-9.6154,-0.3039,2.8963,-3.1112,-2.1406,3.5937,-1.3575,8.4097,-2.1157,-5.4755,3.811,-0.7343
3227 原相,現股當沖比重,0,0,0,0,0,0,0,0,0,0,0,0,0,0,0,0,0,0,0,0,0,0,0,0,0,0,0,0,0,0,0,0,0,0,0,0,0,0,0,0,0,3.9,3.7,9.42,5.51,5,3.27,7.47,7.17,7.05,5.1,6.56
3264 欣銓,週報酬率 %,2.8446,0,6.383,0,6.8001,-5.2435,5.9289,-2.7985,-2.1114,2.9412,-3.2382,2.3623,4.6153,-1.8384,1.3108,-6.4695,3.5574,-1.9084,-5.8366,2.686,8.8531,1.8484,-2.541,0.3723,-0.3711,7.8212,-5.1814,-2.0036,-3.3456,-1.3462,-1.1696,2.3669,5.9731,5.7413,1.444,-1.9574,-0.3629,-1.6394,2.5926,-7.2202,-4.8638,-1.4316,-0.8298,1.4644,1.8557,-1.8218,1.0309,0.204,-2.0366,1.2475,8.8295,-1.5094
3264 欣銓,現股當沖比重,4.19,1.13,2.33,3.41,4.52,1.43,4.57,1.76,6.22,2.92,3.34,2.39,6.4,2.84,3.99,2.86,2.16,2.5,6.66,5.22,1.14,5.3,2.4,3.88,1.31,2.32,5.6,2.06,2.14,5.19,3.28,3.63,6.95,2.47,4.29,3.36,4.68,4.59,5.34,6.38,12.86,5.94,8.66,8.68,5.88,2.76,1.38,2.5,4.99,5.31,3.66,4.88
3293 鈊象,週報酬率 %,0.3362,0.1674,-3.8462,-2.7826,-0.3578,-0.7182,6.3292,10.5441,13.0771,11.5645,-5.122,5.3983,10.4878,0.3311,-0.99,-4.4444,-0.4651,0.1168,-1.4002,31.361,14.8648,13.3334,3.1141,4.698,1.6026,0.3154,1.8868,-2.4692,4.4304,-9.091,-9,6.227,-5.5171,19.8865,4.6296,-0.59,2.0772,-10.1745,11.974,-5.7803,-0.6135,-11.4198,-7.6655,-4.1508,5.9056,5.5762,2.1127,12.7585,-3.9756,-7.0063,1.7123,1.6835
3293 鈊象,現股當沖比重,0,0,0,0,0,0,0,0,0,0,0,0,0,0,0,0,0,0,0,0,0,0,0,0,0,0,0,0,0,0,0,0,0,0,0,0,0,0,0,0,0,13.33,20.88,28.39,16.28,16.93,15.83,15.67,17.93,12.68,24.19,18.63
3324 雙鴻,週報酬率 %,11.8183,-2.8455,0.2093,-2.9228,4.0861,-0.0001,8.6777,11.4069,-6.9966,0.1835,1.6484,-3.9639,-0.5629,-1.8868,-2.3078,-8.071,5.3532,-1.2194,0,4.9383,7.255,-3.2907,-7.9395,-1.0267,-1.4523,-6.7368,-6.3205,7.7108,2.6845,-3.9216,-4.5351,3.7882,-3.4965,2.6571,-2.1177,-2.8846,-1.2376,-4.5113,0.5249,-3.3942,-10.2702,1.506,1.4836,-7.0176,-6.9182,0,0.0001,27.027,-1.0639,-3.4947,6.9639,-2.0833
3324 雙鴻,現股當沖比重,0,0,0,0,0,0,0,0,0,0,0,0,0,0,0,0,0,0,0,0,0,0,0,0,0,0,0,0,0,0,0,0,0,0,0,0,0,0,0,0,0,0,0,0,0,0,0,0,0,0,0,0
3529 力旺,週報酬率 %,11.4322,4.6222,1.7241,-0.8475,-0.5342,5.0484,18.6094,11.207,13.566,13.6519,1.5015,16.864,20.5064,-9.2437,-3.2407,-6.2201,9.6939,-1.3954,3.7736,33.1817,-2.3891,6.6434,-4.9179,20.6896,7.4285,-6.8798,-6.0693,-1.5386,-12.8125,-6.81,-24.8077,39.642,2.1977,2.1505,-2.456,14.3885,13.2075,-6.3889,6.8249,-12.9167,-7.496,12.069,0.923,-4.5732,-1.5974,3.896,9.6875,0.7123,2.9703,-1.2362,2.9208,-0.2703
3529 力旺,現股當沖比重,0,0,0,0,0,0,0,0,0,0,0,0,0,0,0,0,0,0,0,0,0,0,0,0,0,0,0,0,0,0,0,0,0,0,0,0,0,0,0,0,0,0,0,0,0,0,0,0,0,0,0,0
3611 鼎翰,週報酬率 %,-1.1493,1.8604,5.7078,1.9438,-1.9068,6.6955,-1.6194,8.8478,12.2874,0,-4.0404,-0.1754,4.0422,-5.7433,-4.3011,-11.6106,7.6271,-1.9685,-11.8474,18.451,0.5769,11.6635,-8.5615,3.3709,12.3189,-2.258,-5.2806,0.9021,3.5715,4.3103,-9.0909,3.4546,-1.2302,1.2455,-3.6907,-4.7445,-3.4483,-6.1508,5.2855,-2.6105,-7.4227,-10.0223,12.3762,0.6608,4.814,-6.4718,1.7858,9.2105,-2.6104,0.6185,4.5082,1.1765
3611 鼎翰,現股當沖比重,0,0,0,0,0,0,0,0,0,0,0,0,0,0,0,0,0,0,0,0,0,0,0,0,0,0,0,0,0,0,0,0,0,0,0,0,0,0,0,0,0,0,0,0,0,0,0,0,0,0,0,0
4107 邦特,週報酬率 %,-7.6347,-0.8104,-0.1634,-1.473,1.4951,4.7462,9.5313,-0.7132,-2.1552,3.3774,-2.6989,-1.6058,3.5609,-0.8596,-4.3353,-0.1511,5.2949,2.7299,-1.2588,-1.4164,1.2932,8.0852,-0.2625,-1.9737,1.6108,2.2458,-7.6228,3.0769,-1.8996,-4.7026,-1.0162,-2.1995,8.6958,0.4864,-2.813,0.0001,1.3024,-6.8572,3.3743,2.2255,-5.6604,1.6922,3.6308,2.1898,-1.4285,-2.6087,-0.8928,3.6037,0.7245,-4.0287,1.6492,0.295
4107 邦特,現股當沖比重,0,0,0,0,0,0,0,0,0,0,0,0,0,0,0,0,0,0,0,0,0,0,0,0,0,0,0,0,0,0,0,0,0,0,0,0,0,0,0,0,0,0,0,0,0,0,0,0,0,0,0,0
4123 晟德,週報酬率 %,-5.8267,-0.1672,2.1776,-0.3279,0.1645,2.7915,-0.9585,11.1291,4.4993,1.5278,-4.5142,-1.7193,2.1865,-4.2796,5.0671,-2.4114,13.6627,10.3581,-1.7383,10.2595,0.4278,3.5144,10.0822,-5.1402,16.2563,15.2543,-5.8823,-0.3907,3.5295,-10.2273,-5.9071,1.0762,2.0409,4.5,-3.3493,-4.5545,8.4026,-1.9139,0.9755,-5.314,-4.1837,-2.2363,0.2178,-2.6087,8.3706,-0.824,1.8691,11.6208,6.3927,-10.7296,8.1732,1.3335
4123 晟德,現股當沖比重,3.88,0.46,1.7,1.55,2.22,2.35,5,5.73,7.39,9.2,8.14,4.67,2.82,5.19,12.22,7.74,0.04,7.59,12.17,8.86,5.89,3.85,8.76,9.26,11.77,11.01,15.26,21.81,16.52,16.45,22.62,12.88,17.66,18.11,16.24,18.76,15.07,11.63,23.45,16.6,18.62,17.03,11.15,17.66,14.53,17.27,13.27,16.13,17.3,13.08,13.45,15.71
4162 智擎,週報酬率 %,-2.7543,-3.9215,-0.2269,5,5.1948,1.8518,3.0302,-2.7451,2.6209,1.9647,-4.8169,-2.4293,1.2449,-3.6885,11.2766,-4.2065,7.7844,12.2222,2.9704,5.7691,2.1211,-3.5609,3.5385,-4.6063,-0.6231,-4.232,-12.1113,2.7933,-1.0869,-8.0586,-11.3545,-7.4158,11.8933,6.9414,-0.4057,-6.3137,3.0435,6.5401,9.703,-4.5126,-8.3176,3.0928,-2.1999,-1.8405,-0.8333,3.9916,0.0001,12.9293,5.9035,-9.2906,3.3521,4.3242
4162 智擎,現股當沖比重,15.97,7.63,13.27,7.83,9.06,9.14,10.79,4.21,7.65,17.95,14.49,20.94,15.78,10.85,11.05,23.7,0,24.96,27.65,3.6,25.66,24.77,26.93,14.69,15,20.47,14.78,28.32,25.25,21.97,40.33,15.96,28.4,33.78,20.42,21.79,29.47,16.32,26.64,31.11,31.13,31.44,28.37,20.75,9.91,15.12,25.03,32.94,33.97,24.46,24.88,19.62
4736 泰博,週報酬率 %,-4.0868,-0.799,-1.3423,0.2721,6.5128,0.2547,8.5134,4.2155,1.1236,-0.6667,8.5011,-7.2164,5.3334,-5.8017,-2.2398,4.4674,3.0702,9.5745,10.6796,7.0176,6.5574,-0.3845,-0.3861,-7.752,-4.6219,0.4405,-8.772,-2.4038,8.2802,-6.0953,0.4057,-1.8181,3.3951,1.4925,-2.7451,-4.2339,1.4736,1.4523,1.9428,-0.6019,-3.8345,-0.3148,2.2105,-3.5015,-0.3202,0.3212,-1.7076,4.1259,14.7028,-4.091,8.057,3.0702
4736 泰博,現股當沖比重,0,0,0,0,0,0,0,0,0,0,0,0,0,0,0,0,0,0,0,0,0,0,0,0,0,0,0,0,0,0,0,0,0,0,0,0,0,0,0,0,0,0,0,0,0,0,0,0,0,0,0,0
4947 昂寶-KY,週報酬率 %,-1.1494,0.3876,12.3552,-3.4364,3.9146,4.9658,-2.7733,-0.3356,8.4176,1.8634,-7.317,5.921,9.9379,-10.5931,4.2654,-9.2425,-5.8431,-3.5461,-0.7353,3.1482,4.1293,-1.5518,-9.2819,-1.9305,-3.1496,-3.6585,-2.5316,-7.7923,5.6338,-4,-16.6667,2.5618,-1.4124,3.1518,-2.7776,-0.2856,1.7191,-0.2816,16.9492,-18.3575,-11.2426,3,2.589,1.5771,1.5527,0.0001,4.2814,5.2787,-3.6212,-5.2023,4.878,-0.8721
4947 昂寶-KY,現股當沖比重,0,0,14.72,11.42,10.52,14.85,12.56,9.19,13.24,9.35,10.89,9.91,12.56,12.21,17.54,6.79,13.6,15.06,17.8,6.72,12.59,13.03,12.37,12.32,14.19,10.88,17.15,18.36,14.21,17.91,4.6,16.62,16.28,8.44,14.83,6.47,15.22,7.14,12.22,12.32,16.79,0,0,0,0,0,0,0,0,0,0,0
4966 譜瑞-KY,週報酬率 %,-3.3613,9.3479,-8.35,-6.2907,1.6204,-0.0001,-2.7334,9.602,11.752,5.5449,-6.7029,-3.4952,3.0181,1.5625,0,-6.7308,10.103,-1.1237,-1.7046,16.763,13.6964,18.7229,-2.6894,-2.7637,5.4263,-3.4315,-5.9646,-1.4846,8.0822,-8.6185,-12.8988,10.1911,-1.445,5.3979,-2.6649,-3.17,4.7619,-4.8295,7.612,-8.1831,-6.0422,-10.2894,3.2258,0.6944,-1.7241,5.7896,0.4976,5.4456,-0.313,-6.4364,-0.3356,-0.6734
4966 譜瑞-KY,現股當沖比重,5.33,8.12,6.2,4.25,10.18,10.63,9.88,5.67,8.23,16.18,11.01,7.54,14.04,11.73,8.2,7.62,8.37,10.93,5.54,9.57,14.21,12.15,13.11,11.58,18.44,22.91,12.04,17.85,17.48,16.45,22.08,13.4,17.4,19.9,21.2,14.06,17.36,23.47,17.59,21.52,16.31,17.86,21.5,29.5,21.52,8.89,20.46,14.51,16.68,14.64,4.11,16.04
5263 智崴,週報酬率 %,35.6758,3.5856,6.5386,-0.361,6.703,4.4143,18.2115,11.0042,0.1239,2.9703,-0.9615,21.3591,19.8,-9.8498,2.5925,-6.3178,3.4682,-2.2347,-13.7143,13.2452,20.2728,0.162,-2.1036,-3.3057,3.4188,-7.1074,-16.3701,-13.1914,2.9412,1.1904,-5.6471,-0.071,-6.7935,13.7026,0,2.0513,12.8141,-7.3497,9.375,-2.6374,-8.3522,-6.2808,-2.3653,5.3836,-2.2989,1.9609,-8.9743,5.6338,4.5334,1.7858,2.005,8.5995
5263 智崴,現股當沖比重,0,0,0,0,0,0,0,0,0,0,0,0,0,0,0,9.72,18.22,6.47,20.06,20.78,27.33,29.4,19.45,18.87,24.76,29.02,29.12,34.43,22.95,17.74,26.7,26.99,30.75,47.64,45.52,40.07,37.03,41.74,27.33,40.22,42.42,34.72,34.17,43.33,26.57,37.49,20.58,21.46,24.3,30.47,16.94,27.98
5274 信驊,週報酬率 %,5.5276,-1.6667,0.0001,-4.1162,7.3232,-1.4116,5.4893,-0.4525,20.4546,-0.7548,-0.7605,3.8314,6.2731,-5.7292,-2.7624,-7.9545,6.3785,-2.5146,-6.746,15.5319,-1.105,5.5867,-3.7037,-3.4799,-1.3283,1.1538,-9.5058,-1.6807,9.8291,-7.1984,-1.3099,11.9618,-3.205,-5.298,-2.0978,-0.9523,13.4615,0.6356,-0.4211,0.2115,-6.5402,-1.58,6.6514,4.5161,3.7036,-3.1746,5.7377,6.9768,-1.4492,-0.3678,0.738,-0.5494
5274 信驊,現股當沖比重,0,0,0,0,0,0,0,0,0,0,0,0,0,0,0,0,0,0,0,0,0,0,0,0,0,0,0,0,0,0,0,0,0,0,0,0,0,0,0,0,0,0,0,0,0,0,0,0,0,0,0,0
5289 宜鼎,週報酬率 %,-4.1006,0.2759,-0.9628,-1.1111,1.1237,-2.0834,1.1347,-1.9636,0.143,0.0001,-0.4286,0.8609,1.2802,1.4045,-0.831,0.9777,7.8839,2.8205,-8.2294,4.7555,3.2425,9.9246,-0.6857,3.5672,-2.5556,3.0787,-0.6637,-0.4455,11.4094,-3.8152,1.2527,9.7939,-2.8169,9.083,-2.069,-8.4507,1.6483,-2.7028,1.6666,-8.306,-7.5089,2.7062,4.768,-1.7965,3.5364,0.7066,1.6374,7.4798,-1.1777,-1.9501,4.0884,-0.7431
5289 宜鼎,現股當沖比重,0,0,0,0,0,0,0,0,0,0,0,0,0,0,0,0,0,0,0,0,0,0,0,0,0,0,0,0,0,0,0,0,0,0,0,0,0,0,0,0,0,0,0,0,0,0,0,0,0,0,0,0
5347 世界,週報酬率 %,-4.5962,5.8394,-5.1035,-2.6163,5.8209,13.2582,7.8455,3.3488,2.7934,5.9782,-11.6924,5.4588,5.837,-6.7639,-4.6874,-1.8735,1.3127,-2.2379,7.8312,0.2235,3.679,0.8602,-1.0662,-0.8621,1.1957,5.8163,0.3157,-3.6726,-1.3071,-5.0773,-4.6513,5.4878,-0.1156,1.2732,-0.1142,-1.6017,4.1861,1.1162,1.4349,0.9794,-4.5258,3.8374,-0.7609,-1.862,5.1339,1.1677,0.3148,-1.7782,-0.5326,-1.82,8.3969,5.2314
5347 世界,現股當沖比重,2.76,6.23,1.31,3.49,4.74,10.58,6.02,5.91,10.12,6.68,5.84,7.13,7.06,3.92,6.57,4.75,4.28,3.62,9.98,3.42,5.12,4.78,6.99,7.68,6.2,5.31,9.09,3.65,5.01,10.38,4.24,8.41,6.81,5.65,0.84,3.72,8.25,5.2,7.33,7.87,5.26,7.06,7.48,7.5,4.09,9.65,4.53,3.56,4.88,5.07,10.81,9.62
5371 中光電,週報酬率 %,-1.7153,1.0471,0.1727,-3.1034,3.7367,1.5438,3.0407,-0.8197,6.4463,7.2981,2.7497,-2.6761,0.7237,7.7585,2.4,-8.0729,4.2492,-4.0761,-5.0992,-0.2985,4.1916,0.2873,0.8596,-1.8466,-5.3548,0.9174,1.8182,4.1667,2.4285,5.8578,4.3478,-0.0001,0,0.3472,0.6042,-2.9028,0.4125,-1.8481,5.2301,-3.0814,-5.6411,-5.3262,4.7073,-1.0965,1.1086,-1.6447,-3.01,2.7586,-4.9216,-2.9411,5.6969,-1.3762
5371 中光電,現股當沖比重,0.94,1.25,2.92,0.66,2.04,3.98,2.64,6.86,3.48,5.32,3.87,7.24,2.11,9.19,5.49,4.21,4.41,4.6,1.91,3.04,1.46,6.14,0.66,1.34,1.15,3.38,1.6,3.1,1.22,4.68,9.94,0,0,3.27,3.31,3.61,4.56,5.82,5.73,4.59,5.42,5.2,3.7,3.13,1.93,1.76,0.88,2.36,1.28,3.1,1.69,6.71
5425 台半,週報酬率 %,4.0676,-2.9316,1.3424,-2.9801,-2.3891,5.9441,-0.165,0.4958,12.5,15.4971,-7.4683,-1.2311,0.9695,-0.6859,0.9669,-12.4487,3.2813,9.6822,-8.5517,3.7707,8.8664,-0.1335,3.0749,-1.9455,-3.9682,-1.102,-3.2034,2.9783,1.4492,2.8572,0.8334,3.9944,0.6622,6.4473,-5.0679,-3.6459,4.4596,-6.5976,3.0472,-13.1719,-12.5387,-9.2036,8.1871,-1.2613,4.562,-1.0471,-3.88,18.5321,-3.87,-0.8051,5.6817,-2.3041
5425 台半,現股當沖比重,0,0,0,0,0,0,0,0,0,0,0,0,0,0,0,0,0,0,0,0,0,0,0,0,0,0,0,0,0,0,0,0,0,0,0,0,0,0,0,0,0,0,0,0,0,0,0,0,0,0,0,0
5457 宣德,週報酬率 %,12.2354,10.6918,-1.5152,-2.6923,3.7549,-6.8571,4.7035,3.9063,-1.8796,-3.4483,-6.3492,1.2712,2.5104,-0.8163,-1.4405,-0.4177,5.2412,0.3984,-3.7699,0.6186,26.8442,-1.4539,8.1968,13.9394,2.3937,-6.7532,-8.9137,3.0581,-0.5935,-7.7613,-3.5599,-8.3892,9.1575,1.3422,-4.3046,-1.3841,-0.0001,-0.0001,10.7017,-4.9129,-16.0001,-0.5953,-3.5927,6.0041,8.7891,1.2567,-6.2057,19.0927,-0.6349,5.4313,1.8182,0
5457 宣德,現股當沖比重,0,0,0,0,0,0,0,0,0,0,0,0,0,0,0,0,0,0,0,0,0,0,0,0,0,0,0,0,0,0,0,0,0,0,0,0,0,0,0,0,0,0,0,0,0,0,0,0,0,0,0,0
5483 中美晶,週報酬率 %,7.1429,-2.3333,-0.5119,-4.8027,3.2432,-6.1082,4.2751,1.0695,3.1745,-1.1967,-5.7093,-2.7523,1.1321,-5.4104,2.5641,-5.3846,4.065,-3.9063,8.1301,6.0151,1.0639,-3.8597,10.5841,0.8251,-11.1293,3.8674,-6.0283,1.9231,4.9057,-8.9928,-2.7668,-1.1179,-3.8027,3.6325,-1.7526,-4.617,-1.5401,0.7821,3.3258,-2.2532,-2.1955,5.9484,-0.4237,0.7447,1.1615,1.1482,-0.7224,6.0292,-0.3921,6.2991,2.5927,-0.1805
5483 中美晶,現股當沖比重,6.52,9.9,7.92,4.91,7.14,6.9,5,12.12,6.15,9.33,8.86,6.91,5.37,4.46,15.78,6.39,3.95,5.17,8.36,4.05,8.99,6.16,9.47,5.43,7.57,13.27,4.86,8.01,11.39,7.22,12.24,7.72,5.13,8.95,12.32,5.89,10.31,14.58,7.21,5.47,5.41,10.86,6.61,9.08,3.96,10.2,3.69,6.07,9.09,11.41,12.81,5.15
5536 聖暉,週報酬率 %,0.4132,0,-1.2345,-0.4167,0.8368,-2.0747,0.0001,7.2034,-1.9763,-0.0001,-0.0001,0.4032,-3.2128,-0.8299,-0.4184,-2.521,0,-6.8966,-1.3889,-0.4695,-1.4151,2.3924,2.3365,2.7398,-1.7777,1.3575,-1.5136,-0.995,-0.402,-4.339,-3.3755,5.6768,-1.1364,-0.8359,0.3161,0.7353,-1.4599,-1.799,1.1853,-2.556,-18.5792,2.5503,1.9633,0.385,0.2556,0.3827,3.6848,0.6127,4.3849,0.4667,0.4647,0.1155
5536 聖暉,現股當沖比重,0,0,0,0,0,0,0,0,0,0,0,0,0,0,0,0,0,0,0,0,0,0,0,0,0,0,0,0,0,0,0,0,0,0,0,0,0,0,0,0,0,0,0,0,0,0,0,0,0,0,0,0
6121 新普,週報酬率 %,4.8872,2.8674,-2.0906,-1.0676,-3.5971,0.3732,-0.3717,1.8656,-2.1978,-1.8727,6.8703,2.1429,2.0979,-2.7397,5.2817,1.3377,6.6006,-4.0248,0.6452,1.282,0,6.3291,2.0834,0.2915,3.1977,6.1972,-8.7534,1.3371,2.0896,-3.5088,-1.212,-1.227,1.2423,3.0674,-2.0833,-5.7752,0,-5.1613,4.762,-4.2207,-2.3728,-1.7362,4.5935,4.0541,2.5973,0,0.6329,2.5156,-1.5336,-3.4268,1.2903,0.3185
6121 新普,現股當沖比重,1.15,1,1.16,1.89,3.3,1.1,0.22,0.86,2.2,0.35,2.52,4.11,1.71,2.4,4.71,5.1,5.52,2.18,2.62,5.49,2.08,4.32,2.58,1.14,5.83,6.28,4.19,7.29,2.82,7.65,3.65,4.97,1.48,5.95,0.91,5.61,0.55,8.19,5.68,3.75,3.21,2.88,4.18,2.82,4.46,5.15,0.5,4.6,2.05,4.4,13.66,6.25
6147 頎邦,週報酬率 %,-0.7583,6.2227,-1.3362,-1.5625,7.5133,-1.7716,6.2123,-2.2641,-0.9653,3.1189,-1.1342,2.1032,4.3072,-0.0001,-1.6158,-6.0219,1.9417,-1.7143,-0.5814,3.1189,1.1343,2.6168,-2.55,-2.8037,0,0.1922,-2.1113,0.3922,1.003,1.9328,-5.7884,2.0127,6.9574,1.5534,-3.0593,6.3117,4.4527,1.2433,0.8772,-2.4348,-5.5259,6.7926,-1.0601,3.2142,2.9412,2.353,-5.4187,-0.6945,-1.5736,0.1777,1.9504,0.8696
6147 頎邦,現股當沖比重,4.4,7.59,7.93,4.49,7.42,6.23,6.2,3.87,9.1,5.11,7,7.55,11.53,9.53,4.97,5.63,5.8,5.63,3.79,7.26,3.23,3.79,3.19,4.64,4.94,2.94,3.81,4.03,2.02,4.61,4.6,5.19,8.97,3.62,5.28,3.21,6.04,7.45,8.35,9.62,10.54,9.27,5.34,5.19,3.25,6.69,3.4,4.72,4.73,3.1,10.41,6.89
6173 信昌電,週報酬率 %,4.8309,0.4608,-2.7521,-2.3585,7.7294,-0.8969,13.1221,-3.6,-2.9046,1.282,0,-0.4219,1.2712,-1.2552,2.5425,-4.9587,-4.7826,4.5663,-3.0567,3.1533,4.8035,9.5833,-1.5209,-1.1583,-1.9532,-1.1952,-5.2419,0.4255,3.3897,-4.5081,-0.4291,7.7586,-5.2,0.844,1.6738,-1.2345,-0.8334,-2.9411,0.8658,-2.1459,-13.1578,4.5454,2.8984,1.8779,3.2258,-3.5714,0.463,9.6775,-2.9411,-1.7316,4.8457,-0.8403
6173 信昌電,現股當沖比重,0,0,0,0,0,0,0,0,0,0,0,0,0,0,0,0,0,0,0,0,0,0,0,0,0,0,0,0,0,0,0,0,0,0,0,0,0,0,0,0,0,0,0,0,0,0,0,0,0,0,0,0
6180 橘子,週報酬率 %,1.6,12.2048,1.7544,-4.3103,-3.063,-3.9034,8.5106,1.7826,-3.5027,10.3449,-1.3157,3.6665,23.6334,-2.2106,4.1224,-7.0242,-1.2363,0,0.9736,0.4132,3.0179,0.1331,0.3989,2.3842,-0.9056,-4.047,-6.1224,-0.8695,-1.0234,-7.2378,-1.9108,-3.0845,-5.5277,8.2659,7.3334,-5.2795,1.9672,-7.0739,9.8616,0,-8.6615,-3.1034,2.669,2.253,-0.5085,-0.6814,-0.5146,7.2414,11.4149,0,10.9668,-1.8206
6180 橘子,現股當沖比重,0,0,0,0,0,0,0,0,0,0,0,0,0,0,0,0,0,0,0,0,0,0,0,0,0,0,0,0,0,0,0,0,0,0,0,0,0,0,0,0,0,0,0,0,0,0,0,0,0,0,0,0
6182 合晶,週報酬率 %,10.2041,-4.2327,-3.8674,-6.6092,4,0.5916,-3.8235,0.3058,7.3171,0,-3.9773,-2.3669,1.8182,-3.2738,1.2308,-6.3829,0.6494,-2.9032,-0.9967,0.6711,-3.3334,0.3448,10.653,-1.8635,-6.962,5.4421,-5.8064,3.0821,1.3289,-8.8525,0,-1.4389,-5.1094,1.5385,7.5758,-1.7606,-1.0753,-2.8986,1.1195,-4.797,-13.5658,8.9687,3.7037,-0.3968,-1.5937,-3.2388,-2.0921,9.4016,-3.125,14.9576,12.0567,-2.2152
6182 合晶,現股當沖比重,0,0,0,0,0,0,0,0,0,0,0,0,0,0,0,0,0,0,0,0,0,0,0,0,0,0,0,0,0,0,0,0,0,0,0,0,0,0,0,0,0,0,0,0,0,0,0,0,0,0,0,0
6188 廣明,週報酬率 %,14.0299,1.8324,-1.1569,-2.3407,4.6604,0.3818,-2.7884,2.8684,-4.4359,-2.6525,2.0436,0.5341,2.5233,-2.0726,3.0423,-6.4185,3.7036,0.9259,1.4417,0.2585,2.3195,7.3047,-2.1127,-0.3597,-0.8424,-0.364,-5.5099,0.8345,0.4138,-0.6868,-4.011,6.4842,-0.6765,2.7248,-1.5915,-1.6173,1.3699,-2.4323,0.277,-2.7625,-9.6591,1.2579,4.0373,-0.4477,2.6987,-0.73,-0.5882,4.4379,-1.2748,-0.4303,2.0174,0.5649
6188 廣明,現股當沖比重,6.23,6.71,8.74,4.27,7.2,9.02,7.51,3.84,3.91,3.16,3.36,3.66,4.11,5.05,6.7,2.21,6.35,1.33,1.87,2.07,4.71,5.77,6.03,5.43,5.04,0.95,5.68,4.75,6.06,7.29,2.64,5.1,5.32,10.85,9.83,6.51,1.56,1.11,5.83,1.54,2.07,1.11,2.94,4.85,1.91,9.89,3.38,4.52,1.85,7.41,5.66,3.74
6238 勝麗,週報酬率 %,-12.3596,3.8461,8.0247,0,-7.4285,0,12.037,6.6116,-0.7751,-10.4166,10.4652,-0.5262,4.7619,-4.0404,13.6841,15.7408,0,6,7.5471,7.3683,-1.9608,-8.3334,7.4544,7.9527,-9.4044,1.038,2.0548,-4.3623,-6.6666,0.376,-19.4756,-3.9535,23.0025,24.8032,-8.202,8.5912,-12.9747,-7.8182,-6.1144,15.1261,-12.4088,12.4999,0.0001,5.1852,0.3521,-1.0527,22.695,-5.2024,3.6586,-1.1765,4.3155,9.5579
6238 勝麗,現股當沖比重,0,0,0,0,0,0,0,0,0,0,0,0,0,0,0,0,0,0,0,0,0,0,0,0,0,0,0,0,0,0,0,0,0,0,0,0,0,0,0,0,0,0,0,0,0,0,0,0,0,0,0,0
6274 台燿,週報酬率 %,9.5919,5.028,-2.4822,0.9091,-0.3603,-0.3617,0.363,0.1808,-5.7761,4.2146,-1.103,-0.1859,5.7728,5.4577,3.3389,-10.6625,6.1482,-3.7479,-3.7168,2.9412,-1.2501,0.0001,2.7125,-4.4014,-2.7624,0.7577,-1.8796,4.023,1.1049,3.8253,-2.2808,7.0018,1.1622,2.4223,-2.0271,-3.9655,3.052,-3.1359,2.338,-6.5027,-9.3984,2.9047,1.8144,-0.792,4.5909,-0.1909,0,5.9273,-4.332,-2.4528,4.2553,-0.7421
6274 台燿,現股當沖比重,0,0,0,0,0,0,0,0,0,0,0,0,0,0,0,0,0,0,0,0,0,0,0,0,0,0,0,0,0,0,0,0,0,0,0,0,0,0,0,0,0,0,0,0,0,0,0,0,0,0,0,0
6279 胡連,週報酬率 %,-5.0228,0.1202,3.8414,0,1.7342,5.6817,-0.2151,0.3232,-0.3222,1.0776,-4.1577,1.2236,10.989,6.4357,4.186,-10.2679,1.4926,-1.9608,-0.1,2.6026,6.8293,-3.6531,0.474,13.2075,-2.0833,2.9788,-6.5216,2.3256,3.6364,4.386,-4.6218,6.6079,-2.8925,3.4044,1.646,-3.2389,1.2552,-5.3719,4.8035,-6.2499,-5.3333,0,-0.0001,9.8592,-2.1368,1.3101,-1.2932,4.8035,-3.7499,-3.0303,-1.3393,-0.4524
6279 胡連,現股當沖比重,0,0,0,0,0,0,0,0,0,0,0,0,0,0,0,0,0,0,0,0,0,0,0,0,0,0,0,0,1.25,5.54,9.67,4.21,5.45,4.74,2.81,7.93,3.92,14.14,10.4,10.86,6.43,8.08,4.04,5.68,6.6,7.11,3.36,8.02,6.32,7.84,3.01,9.66
6290 良維,週報酬率 %,0.5366,0.5338,-0.885,0,6.2499,11.4285,8.2956,11.4207,-2,7.398,-4.9881,2.375,6.4713,-4.0137,-3.9426,3.2337,-2.5302,-0.6181,-9.9503,5.1105,0.7884,-5.0848,3.7087,1.7219,-4.6875,-1.0929,1.3814,-2.5628,7.7147,-5.4054,-0.1428,-11.8742,4.8701,0.3096,-3.3951,-4.1534,5.6667,-8.2019,9.4503,-5.3375,-8.9552,-6.193,4.6602,4.2673,-1.0677,-0.8993,8.1669,8.7249,-7.4075,-2.5,8.034,-2.6898
6290 良維,現股當沖比重,0,0,0,0,0,0,0,0,0,0,0,0,0,0,0,0,0,0,0,0,0,0,0,0,0,0,0,0,0,0,0,0,0,0,0,0,0,0,0,0,0,0,0,0,0,0,0,0,0,0,0,0
6462 神盾,週報酬率 %,0,0,0,0,0,0,0,0,0,0,0,0,0,0,0,0,0,0,0,0,0,0,0,0,126.6534,-23.5308,-4.6156,-11.2832,-22.7273,6.2118,1.1188,-11.8195,5.6025,-5.3052,5.8509,8.2033,8.4598,13.65,16.7708,-7.7687,-13.3987,-2.8302,9.9417,-7.2765,-4.1905,1.8888,-3.4147,2.4242,-4.211,4.911,-0.2258,8.1833
6462 神盾,現股當沖比重,0,0,0,0,0,0,0,0,0,0,0,0,0,0,0,0,0,0,0,0,0,0,0,0,0,0,0,0,0,0,0,0,0,0,0,0,0,0,0,0,0,0,0,0,0,0,0,0,0,0,0,0
6488 環球晶,週報酬率 %,0,0,0,0,0,0,0,0,0,0,0,0,0,0,0,0,0,0,0,0,0,0,0,0,0,0,0,0,0,0,0,0,0,0,0,0,0,0,0,0,0,0,32.6667,0.5025,1.25,0,4.9383,-1.1765,2.6071,12.5328,-3.4077,0.022
6488 環球晶,現股當沖比重,0,0,0,0,0,0,0,0,0,0,0,0,0,0,0,0,0,0,0,0,0,0,0,0,0,0,0,0,0,0,0,0,0,0,0,0,0,0,0,0,0,0,0,0,0,0,0,0,0,0,0,0
6510 精測,週報酬率 %,0,0,0,0,0,0,0,0,0,0,0,0,0,0,0,0,0,0,0,0,0,0,0,0,0,0,0,0,0,0,0,0,0,0,0,0,0,0,0,0,0,0,0,0,0,0,0,0,0,0,0,0
6510 精測,現股當沖比重,0,0,0,0,0,0,0,0,0,0,0,0,0,0,0,0,0,0,0,0,0,0,0,0,0,0,0,0,0,0,0,0,0,0,0,0,0,0,0,0,0,0,0,0,0,0,0,0,0,0,0,0
6561 是方,週報酬率 %,0,0,0,0,0,0,0,0,0,0,0,0,0,0,0,0,0,0,0,0,0,0,0,0,0,0,0,0,0,0,0,0,0,0,0,0,0,0,0,0,0,0,0,0,0,0,0,0,0,0,0,0
6561 是方,現股當沖比重,0,0,0,0,0,0,0,0,0,0,0,0,0,0,0,0,0,0,0,0,0,0,0,0,0,0,0,0,0,0,0,0,0,0,0,0,0,0,0,0,0,0,0,0,0,0,0,0,0,0,0,0
6643 M31,週報酬率 %,0,0,0,0,0,0,0,0,0,0,0,0,0,0,0,0,0,0,0,0,0,0,0,0,0,0,0,0,0,0,0,0,0,0,0,0,0,0,0,0,0,0,0,0,0,0,0,0,0,0,0,0
6643 M31,現股當沖比重,0,0,0,0,0,0,0,0,0,0,0,0,0,0,0,0,0,0,0,0,0,0,0,0,0,0,0,0,0,0,0,0,0,0,0,0,0,0,0,0,0,0,0,0,0,0,0,0,0,0,0,0
8069 元太,週報酬率 %,0.2915,-3.1977,-0.9009,-1.8182,0,5.8642,-0.583,-0.5866,-1.18,4.7762,-1.9943,0.5814,3.4682,11.1732,1.7588,-2.4692,4.0506,-1.4599,-2.716,-1.269,-3.3418,4.5213,1.7812,0.9999,-3.4652,0.2564,0.2558,2.551,-0.4975,-4.25,-10.705,4.3858,0.5604,1.3929,-0.2747,-1.3774,-1.9552,0,1.1397,-4.5071,-14.4544,0.6897,1.3698,4.054,-3.2467,-9.396,-1.4814,7.1428,-3.1579,-0.3623,7.6362,-1.3513
8069 元太,現股當沖比重,4.52,7.29,3.91,4.04,3.18,8.19,5.15,7.54,9.48,3.34,13.13,8.52,8.45,15.39,5.77,9.96,7.19,8.87,9.46,6.91,5.57,10.96,5.98,7.85,10.45,4.77,9.66,8.05,3.13,6.34,7.68,7.34,4.72,2.49,7.68,3.05,1.44,3.96,29.68,8.44,9.42,6.58,8.78,11.25,4.68,3.57,8.67,5.89,4.05,7.02,9.18,2.88
8076 伍豐,週報酬率 %,-4.2801,1.2196,-1.6065,-0.4082,0,11.4754,6.6177,6.2069,5.5195,1.8462,-0.3021,1.2121,10.4791,-1.897,-11.0497,-1.8634,-4.4304,1.9868,-1.2987,8.5527,4.5455,4.9275,0.5525,8.5165,-3.6534,1.0667,0.5278,-4.9868,-9.1161,-1.5197,-14.5062,7.2202,9.4275,6.4617,0.0001,-0.578,4.8296,-10.6384,6.8027,-7.0065,-17.4658,-18.9211,12.5896,-1.8183,5.0926,1.7621,0.4328,4.3103,1.653,-17.8862,11.8811,0.8849
8076 伍豐,現股當沖比重,5.07,6.64,5.11,3.82,6.09,8.58,12.95,0,6.63,9.23,11.99,7.82,12.22,8.98,8.24,7.37,18.75,10.16,12.65,7.55,7.32,6.41,9.22,15.05,10.64,14.34,12.38,18.23,26.74,12.65,15.63,19.44,14.59,16.67,15.74,19.49,18.8,25.66,15.02,20.33,26.17,13.84,19.4,23.59,17.02,15.76,17.37,16.24,14.53,22.47,19.45,15.96
8086 宏捷科,週報酬率 %,9.5407,-4.5162,3.3784,-5.2288,8.2759,3.5032,11.3846,-2.7624,-4.2614,2.0771,-2.3257,7.1429,1.6667,3.5519,10.8179,0.0001,0.2381,-1.1877,-2.4038,6.8964,15.2073,5.8,5.482,-4.4803,-2.0638,2.1073,-5.0657,5.1384,-1.5038,-3.6259,-4.9505,1.2498,2.4692,5.6224,-2.6616,-0.5859,1.7683,-0.0001,-0.9652,1.3645,-0.7693,-1.9381,7.1146,11.4392,1.8212,1.7885,1.278,8.2019,-1.6035,-6.3704,29.1138,1.9607
8086 宏捷科,現股當沖比重,0,0,0,0,0,0,0,0,0,0,0,0,0,0,0,0,0,0,0,0,0,0,0,0,0,0,0,0,0,0,0,0,0,0,0,0,0,0,0,0,0,0,0,0,0,0,0,0,0,0,0,0
8299 群聯,週報酬率 %,-0.5195,0.7833,0.5181,-2.0619,1.5789,0.5181,-0.5154,4.6632,-1.4851,-2.2613,0.0001,-0.7713,3.627,-1.5,0,2.0304,3.4826,0.2405,5.9952,-1.3575,0.9174,4.7728,-0.8676,3.72,0.2109,2.7369,-1.2205,-4.5454,2.9478,-1.3215,-4.4643,3.7383,-1.5766,-0.9153,1.6166,-0.6818,-0.4577,-6.2069,4.9021,-4.4392,-8.0686,-0.5319,9.6257,1.7072,0.4796,-0.4772,-0.7194,2.4154,-0.7075,-0.7126,4.5454,0.2289
8299 群聯,現股當沖比重,4.13,2.4,2.08,1.3,5.92,5.07,2.58,6.92,2.04,3.37,3.66,1.54,2.6,2.4,5.35,5.33,5.03,4.31,9.76,3.53,2.03,8.83,2.08,5.73,2.86,11.08,3.83,5.93,3.33,4.27,12.1,8.02,3.04,5.67,4.6,5.68,1.05,4.68,4.77,3.1,1.14,4.42,6.42,11.79,14.01,6.42,2.59,8.25,0.99,11.21,7.37,1.16
8358 金居,週報酬率 %,1.2078,-0.4773,-2.8776,-2.2222,2.7778,4.2999,3.6514,5.1137,-2.4865,0.2218,2.8761,-1.9354,1.9737,-1.613,-0.765,0.9912,0.3272,3.5869,-2.4135,0.5375,2.0321,2.7254,2.5511,1.4925,1.9607,5.7694,-9.0909,3,0.9708,0.9616,-1.9049,-0.4854,-0.4878,1.4706,-0.4831,-0.4854,-0.4878,-0.4902,1.4778,0,-2.9126,0,0,2,-2.0588,0.1002,-0.8,0.8064,-0.7,0.4028,0.1003,-0.1002
8358 金居,現股當沖比重,0,0,0,0,0,0,0,0,0,0,0,0,0,0,0,0,0,0,0,0,0,0,0,0,0,0,0,0,0,0,0,0,0,0,0,0,0,0,0,0,0,0,0,0,0,0,0,0,0,0,0,0
8406 金可-KY,週報酬率 %,1.9164,-4.4445,0.8944,-0.5319,1.2478,-4.0493,4.2202,4.2254,-2.0271,1.3793,-6.4626,-5.2729,4.0308,-5.9041,5.8825,-5.1853,1.3672,0.7707,-1.7209,2.7236,4.9243,3.2491,-7.6923,0.1894,-2.0794,-4.6333,1.417,-5.913,-9.2473,-0.8293,3.226,3.5879,-12.7374,6.658,5.6423,-0.6818,-0.4576,-3.908,1.7941,3.9953,-9.3787,-0.9974,3.2745,-3.5366,-10.6195,-13.4371,12.2548,2.6201,2.6951,-1.1049,-4.4692,-1.4619
8406 金可-KY,現股當沖比重,4.36,7.37,14.42,4.52,6.58,2.97,7.41,10.65,6.75,8.38,2.7,8.06,8.14,7.53,7.82,12.82,13.25,3.62,5.26,9.47,9.65,13.8,4.7,10.67,0.68,1.13,3.62,5.57,11.69,7.16,5.07,3.94,18.4,13.52,15.91,7.03,2.52,6.07,6.87,18.37,29.26,34.01,11.45,17.47,9.69,18.13,20.78,15.05,26.01,8.31,12.99,14.92
8436 大江,週報酬率 %,-5.1402,-3.4482,-0.0001,-1.0204,-1.134,-1.3555,-3.3827,5.6892,-0.6213,5.2082,-5.0495,2.2941,7.0336,-7.1428,-1.2308,-4.4651,0.326,-0.8667,-14.5354,-1.1509,0,-6.8563,-0.5556,3.9106,30.9139,0.6161,-5.8164,-5.5256,6.4626,-6.125,-4.1277,-1.9445,2.9745,1.2379,-1.7664,-2.3512,3.8244,-4.3656,14.408,-4.6134,-7.8431,2.2695,5.5479,-2.3653,-1.3459,10.0956,0.3716,10.9877,-1.7799,-8.3805,1.9777,-0.3636
8436 大江,現股當沖比重,0,0,0,0,0,0,0,0,0,0,0,0,0,0,0,0,0,0,0,0,0,0,0,0,0,0,0,0,0,0,0,0,0,0,0,0,0,0,0,0,0,0,0,0,0,0,0,0,0,0,0,0
8942 森鉅,週報酬率 %,-0.7951,0.9616,3.9683,0,6.4122,12.6255,1.6562,7.7695,1.279,3.3296,-5.6667,-2.9446,-0.9709,3.3088,-1.6608,-1.0857,6.7073,-0.5715,-0.23,0.2305,-1.4943,-1.0502,0.8254,-1.9884,5.1311,-6.5834,2.5493,-11.8644,3.7088,-1.3245,-0.6711,-10.5406,-1.9637,0.6163,6.2787,0.1441,-0.7193,0,2.5275,4.4226,-10.1175,3.2722,-1.014,-3.457,-3.7136,2.3416,3.9031,12.6943,-0.0001,1.1494,0.2272,3.1746
8942 森鉅,現股當沖比重,6.94,0.17,2.42,1.1,3.38,8.2,3.73,5.81,9.94,9.72,6.89,4.58,6.51,8.65,11.63,6.32,6.56,5.58,5.61,5.46,6.9,5.02,3.32,5.29,6.32,5.34,6.45,8.53,8.04,8.7,8.81,9.35,11.99,1.59,2.95,1.36,0,0,4.63,7.27,3.15,3.08,15.57,18.19,5.77,1.69,2.57,4.72,2.62,3.45,0,6.47
