公司,Data Field,2014/12/31,2015/12/31
1240 茂生農經,資產總額,"843,466","1,099,146"
1258 其祥-KY,資產總額,"913,581","1,562,040"
1259 安心,資產總額,"2,440,181","2,610,793"
1264 德麥,資產總額,"2,358,688","2,947,057"
1268 漢來美食,資產總額,"1,987,562","2,435,304"
1333 恩得利,資產總額,"1,269,502","1,088,225"
1336 台翰,資產總額,"2,738,405","2,717,955"
1565 精華,資產總額,"6,412,605","6,562,800"
1569 濱川,資產總額,"5,248,701","4,656,020"
1570 力肯,資產總額,"648,303","780,737"
1580 新麥,資產總額,"3,328,590","2,928,910"
1584 精剛,資產總額,"3,226,559","3,025,149"
1586 和勤,資產總額,"2,396,056","2,613,517"
1591 駿吉-KY,資產總額,"764,950","630,793"
1593 祺驊,資產總額,"938,174","1,037,807"
1595 川寶,資產總額,"2,378,722","2,498,955"
1597 直得,資產總額,"2,492,069","2,276,256"
1599 宏佳騰,資產總額,"1,713,206","1,802,120"
1742 台蠟,資產總額,"1,087,443","1,074,603"
1752 南光,資產總額,"2,755,593","3,045,420"
1777 生泰,資產總額,"1,103,766","1,224,186"
1781 合世,資產總額,"838,250","695,882"
1784 訊聯,資產總額,"1,939,977","1,915,483"
1785 光洋科,資產總額,"21,196,971","21,171,925"
1787 福盈科,資產總額,"1,608,128","1,630,183"
1788 杏昌,資產總額,"2,401,855","2,431,198"
1795 美時,資產總額,"16,353,339","15,501,941"
1796 金穎生技,資產總額,"304,326","345,179"
1799 易威,資產總額,"693,913","951,913"
1813 寶利徠,資產總額,"1,069,185","1,131,204"
1815 富喬,資產總額,"12,158,616","11,973,768"
2035 唐榮,資產總額,"25,267,432","18,770,292"
2061 風青,資產總額,"1,174,137","1,004,314"
2063 世鎧,資產總額,"1,106,377","1,170,516"
2064 晉椿,資產總額,"2,860,246","2,745,577"
2065 世豐,資產總額,"1,114,097","1,265,625"
2066 世德,資產總額,"1,266,429","1,334,997"
2067 嘉鋼,資產總額,"1,218,921","1,245,719"
2070 精湛,資產總額,"981,038","1,222,429"
2221 大甲,資產總額,"1,112,403","1,176,734"
2230 泰茂,資產總額,"775,711","807,907"
2235 謚源,資產總額,"1,470,240","1,475,613"
2596 綠意,資產總額,"2,365,848","2,576,199"
2640 大車隊,資產總額,"2,691,766","2,579,103"
2641 正德,資產總額,"3,263,069","4,215,684"
2643 捷迅,資產總額,"880,224","971,681"
2718 晶悅,資產總額,"874,679","887,690"
2719 燦星旅,資產總額,"1,023,488","954,444"
2724 富驛-KY,資產總額,"2,396,191","2,264,362"
2726 雅茗-KY,資產總額,"1,300,314","1,352,945"
2729 瓦城,資產總額,"2,192,890","2,286,518"
2732 六角,資產總額,"942,833","1,298,081"
2734 易飛網,資產總額,"832,380","1,107,886"
2736 高野,資產總額,"1,703,979","1,792,293"
2740 天蔥,資產總額,"320,563","421,709"
2745 五福,資產總額,"1,067,339","1,251,016"
2752 豆府,資產總額,"131,687","243,857"
2916 滿心,資產總額,"1,287,477","1,294,402"
2924 東凌-KY,資產總額,"1,281,665","1,416,338"
2926 誠品生活,資產總額,"4,470,961","4,579,409"
2928 紅馬-KY,資產總額,"1,374,034","1,801,812"
2937 集雅社,資產總額,"774,654","894,278"
3064 泰偉,資產總額,"1,223,405","1,018,362"
3066 李洲,資產總額,"1,525,867","1,412,109"
3067 全域,資產總額,"403,753","330,678"
3071 協禧,資產總額,"2,556,090","2,499,855"
3073 凱柏實業,資產總額,"599,302","553,697"
3078 僑威,資產總額,"5,787,767","6,433,276"
3081 聯亞,資產總額,"1,783,938","3,993,166"
3083 網龍,資產總額,"1,657,409","1,406,252"
3085 新零售,資產總額,"413,514","383,922"
3086 華義,資產總額,"875,648","808,789"
3088 艾訊,資產總額,"2,595,250","2,990,537"
3089 元炬,資產總額,"1,196,113","994,824"
3092 鴻碩,資產總額,"2,661,655","2,554,715"
3093 港建,資產總額,"1,183,491","1,252,132"
3095 及成,資產總額,"6,946,654","4,858,743"
3105 穩懋,資產總額,"21,815,908","24,111,473"
3114 好德,資產總額,"1,470,600","1,553,452"
3115 寶島極,資產總額,"742,815","757,826"
3118 進階,資產總額,"681,465","681,917"
3122 笙泉,資產總額,"621,862","679,055"
3128 昇銳,資產總額,"910,258","940,800"
3131 弘塑,資產總額,"2,640,798","3,318,769"
3141 晶宏,資產總額,"1,372,400","1,036,255"
3144 新揚科,資產總額,"3,232,220","2,470,974"
3147 大綜,資產總額,"830,892","955,765"
3152 璟德,資產總額,"3,089,725","3,497,535"
3162 精確,資產總額,"1,146,348","1,081,005"
3163 波若威,資產總額,"2,219,719","2,284,535"
3169 亞信,資產總額,"852,226","870,391"
3171 新洲,資產總額,"1,312,873","1,756,978"
3176 基亞,資產總額,"4,463,426","4,494,435"
3178 公準,資產總額,"1,356,191","1,383,659"
3188 鑫龍騰,資產總額,"313,112","425,251"
3191 和進,資產總額,"841,356","776,578"
3202 樺晟,資產總額,"2,594,900","2,678,781"
3205 佰研,資產總額,"514,103","1,131,659"
3206 志豐,資產總額,"1,082,410","1,205,930"
3207 耀勝,資產總額,"769,196","767,277"
3211 順達,資產總額,"17,925,966","16,599,888"
3213 茂訊,資產總額,"1,614,015","1,651,777"
3217 優群,資產總額,"1,896,164","1,920,428"
3218 大學光,資產總額,"1,802,672","1,889,865"
3219 倚強股份,資產總額,"222,103","179,044"
3221 台嘉碩,資產總額,"2,280,397","2,227,204"
3224 三顧,資產總額,"894,833","1,033,583"
3226 至寶電,資產總額,"860,283","1,172,083"
3227 原相,資產總額,"6,720,489","6,475,056"
3228 金麗科,資產總額,"545,806","548,352"
3230 錦明,資產總額,"3,101,060","2,386,069"
3232 昱捷,資產總額,"588,235","631,651"
3234 光環,資產總額,"2,434,071","4,436,030"
3236 千如,資產總額,"1,559,009","1,466,894"
3252 海灣,資產總額,"3,663,147","4,308,947"
3259 鑫創,資產總額,"693,710","833,831"
3260 威剛,資產總額,"21,189,114","20,603,925"
3264 欣銓,資產總額,"13,847,564","13,366,416"
3265 台星科,資產總額,"8,792,806","7,700,436"
3268 海德威,資產總額,"826,636","807,003"
3272 東碩,資產總額,"2,309,242","2,718,074"
3276 宇環,資產總額,"1,424,024","1,967,155"
3284 太普高,資產總額,"1,275,785","1,038,048"
3285 微端,資產總額,"875,570","940,854"
3287 廣寰科,資產總額,"682,782","616,812"
3288 點晶,資產總額,"725,880","610,954"
3289 宜特,資產總額,"3,116,781","3,869,732"
3290 東浦,資產總額,"3,690,523","3,283,931"
3293 鈊象,資產總額,"3,174,354","3,417,246"
3294 英濟,資產總額,"5,124,998","5,522,611"
3297 杭特,資產總額,"1,090,064","1,002,812"
3303 岱稜,資產總額,"3,427,978","3,071,055"
3306 鼎天,資產總額,"1,886,156","1,648,609"
3310 佳穎,資產總額,"3,648,729","3,874,020"
3313 斐成,資產總額,"2,339,088","1,720,846"
3317 尼克森,資產總額,"2,306,520","2,468,127"
3322 建舜電,資產總額,"1,996,716","2,194,618"
3323 加百裕,資產總額,"4,258,126","3,761,452"
3324 雙鴻,資產總額,"3,344,338","3,555,728"
3325 旭品,資產總額,"1,479,656","1,553,470"
3332 幸康,資產總額,"1,650,631","1,604,597"
3339 泰谷,資產總額,"3,998,999","2,357,672"
3354 律勝,資產總額,"1,521,224","1,488,909"
3360 尚立,資產總額,"4,560,581","4,069,653"
3362 先進光,資產總額,"1,970,786","1,944,709"
3363 上詮,資產總額,"1,747,369","1,675,237"
3372 典範,資產總額,"4,035,511","3,907,187"
3373 熱映,資產總額,"874,074","897,898"
3374 精材,資產總額,"8,827,269","8,519,213"
3379 彬台,資產總額,"1,255,535","986,318"
3388 崇越電,資產總額,"4,376,233","4,388,996"
3390 旭軟,資產總額,"1,753,387","1,572,751"
3402 漢科,資產總額,"2,281,436","3,164,779"
3426 台興,資產總額,"648,294","639,745"
3434 哲固,資產總額,"490,953","491,591"
3438 類比科,資產總額,"1,599,599","1,457,396"
3441 聯一光,資產總額,"1,301,675","1,183,365"
3444 利機,資產總額,"906,666","860,783"
3452 益通,資產總額,"9,069,802","7,814,855"
3455 由田,資產總額,"2,379,459","2,495,396"
3465 進泰電子,資產總額,"408,640","207,748"
3466 致振,資產總額,"2,250,603","2,118,900"
3479 安勤,資產總額,"2,682,761","3,000,160"
3483 力致,資產總額,"3,765,111","3,584,775"
3484 崧騰,資產總額,"3,151,706","3,104,350"
3489 森寶,資產總額,"2,505,103","2,747,291"
3490 單井,資產總額,"2,312,737","2,334,229"
3491 昇達科,資產總額,"1,843,100","2,420,871"
3492 長盛,資產總額,"888,701","951,818"
3498 陽程,資產總額,"4,170,437","5,138,482"
3499 環天科,資產總額,"872,007","873,384"
3508 位速,資產總額,"4,802,593","3,646,890"
3511 矽瑪,資產總額,"1,179,682","1,210,547"
3512 皇龍,資產總額,"920,475","1,419,237"
3516 亞帝歐,資產總額,"2,152,110","1,922,656"
3520 振維,資產總額,"939,493","818,714"
3521 鴻翊,資產總額,"627,017","824,256"
3522 御頂,資產總額,"2,087,799","1,948,452"
3523 迎輝,資產總額,"3,187,645","2,455,994"
3526 凡甲,資產總額,"1,944,719","1,919,472"
3527 聚積,資產總額,"2,180,491","1,927,559"
3529 力旺,資產總額,"1,982,921","2,035,473"
3531 先益,資產總額,"2,682,491","2,411,833"
3537 堡達,資產總額,"1,251,619","1,372,388"
3540 曜越,資產總額,"2,107,758","2,317,789"
3541 西柏,資產總額,"1,335,713","1,298,051"
3546 宇峻,資產總額,"1,015,738","962,735"
3548 兆利,資產總額,"4,440,921","4,659,234"
3551 世禾,資產總額,"3,354,401","3,323,007"
3552 同致,資產總額,"6,603,347","8,384,405"
3555 重鵬,資產總額,"363,155","141,992"
3556 禾瑞亞,資產總額,"1,539,188","1,527,107"
3558 神準,資產總額,"4,483,221","4,896,760"
3562 頂晶科,資產總額,"414,042","358,187"
3564 其陽,資產總額,"697,153","1,096,395"
3567 逸昌,資產總額,"524,937","532,957"
3570 大塚,資產總額,"684,519","714,293"
3577 泓格,資產總額,"1,166,045","1,134,201"
3580 友威科,資產總額,"843,993","941,703"
3581 博磊,資產總額,"976,242","970,628"
3587 閎康,資產總額,"1,495,850","1,628,592"
3594 磐儀,資產總額,"1,637,992","2,143,005"
3609 東林,資產總額,"1,125,078","1,042,266"
3611 鼎翰,資產總額,"2,379,126","4,084,402"
3615 安可,資產總額,"3,014,216","3,110,387"
3623 富晶通,資產總額,"1,180,018","1,164,732"
3624 光頡,資產總額,"3,455,209","3,400,996"
3625 西勝,資產總額,"1,039,526","1,236,388"
3628 盈正,資產總額,"2,908,432","2,932,828"
3629 地心引力,資產總額,"302,427","245,921"
3630 新鉅科,資產總額,"4,482,483","3,961,858"
3631 晟楠,資產總額,"2,852,022","2,021,381"
3632 研勤,資產總額,"1,179,442","1,100,416"
3642 駿熠電,資產總額,"1,250,677","921,854"
3646 艾恩特,資產總額,"736,609","662,987"
3652 精聯,資產總額,"1,599,985","1,645,019"
3663 鑫科,資產總額,"2,455,572","1,740,698"
3664 安瑞-KY,資產總額,"1,831,210","1,750,069"
3666 光耀,資產總額,"1,485,309","1,332,308"
3672 康聯訊,資產總額,"526,534","660,145"
3675 德微,資產總額,"1,102,956","1,152,616"
3680 家登,資產總額,"2,807,000","3,210,401"
3684 榮昌,資產總額,"536,120","607,568"
3685 元創精密,資產總額,"1,107,113","1,397,134"
3687 歐買尬,資產總額,"2,091,196","2,443,729"
3689 湧德,資產總額,"4,897,501","4,534,137"
3691 碩禾,資產總額,"9,551,876","15,452,257"
3693 營邦,資產總額,"3,019,092","3,021,561"
3707 漢磊,資產總額,"4,234,170","4,260,070"
3709 鑫聯大投控,資產總額,,
3710 連展投控,資產總額,,
4102 永日,資產總額,"663,922","646,530"
4105 東洋,資產總額,"7,374,034","8,824,940"
4107 邦特,資產總額,"2,346,885","2,503,780"
4109 加捷生醫,資產總額,"1,315,095","1,579,078"
4111 濟生,資產總額,"1,438,735","1,449,674"
4113 聯上,資產總額,"7,085,242","7,047,415"
4114 健喬,資產總額,"4,312,142","4,592,743"
4116 明基醫,資產總額,"992,718","1,403,224"
4120 友華,資產總額,"5,111,133","5,474,417"
4121 優盛,資產總額,"2,456,662","2,544,308"
4123 晟德,資產總額,"9,616,123","27,912,916"
4126 太醫,資產總額,"2,243,287","2,676,200"
4127 天良,資產總額,"1,467,050","1,499,946"
4128 中天,資產總額,"9,745,202","9,832,917"
4129 聯合,資產總額,"1,939,307","2,593,234"
4130 健亞,資產總額,"1,603,735","2,517,262"
4131 晶宇,資產總額,"273,623","171,469"
4138 曜亞,資產總額,"1,705,593","2,165,234"
4139 馬光-KY,資產總額,"964,392","1,257,059"
4147 中裕,資產總額,"1,880,696","4,926,437"
4152 台微體,資產總額,"3,273,126","2,744,871"
4153 鈺緯,資產總額,"870,723","1,713,385"
4154 康樂-KY,資產總額,"377,740","321,384"
4157 太景*-KY,資產總額,"1,098,186","625,463"
4160 創源,資產總額,"362,618","380,657"
4161 聿新科,資產總額,"1,113,805","1,445,063"
4162 智擎,資產總額,"2,944,546","3,238,582"
4163 鐿鈦,資產總額,"2,232,642","2,301,123"
4167 展旺,資產總額,"3,132,444","3,245,194"
4168 醣聯,資產總額,"2,304,637","2,185,988"
4171 瑞基,資產總額,"557,543","510,862"
4173 久裕,資產總額,"6,035,152","6,018,937"
4174 浩鼎,資產總額,"1,488,100","7,310,996"
4175 杏一,資產總額,"1,710,783","1,774,938"
4183 福永生技,資產總額,"323,285","338,976"
4188 安克,資產總額,"258,404","382,302"
4192 杏國,資產總額,"1,034,566","1,027,267"
4198 環瑞醫,資產總額,"2,787,770","1,749,022"
4205 中華食,資產總額,"1,406,011","1,503,365"
4207 環泰,資產總額,"4,333,012","4,279,295"
4303 信立,資產總額,"1,035,224","1,036,907"
4304 勝昱,資產總額,"764,617","782,977"
4305 世坤,資產總額,"1,085,679","1,131,865"
4401 東隆興,資產總額,"4,517,410","4,776,891"
4402 福大,資產總額,"1,343,187","1,174,708"
4406 新昕纖,資產總額,"705,747","713,309"
4413 飛寶企業,資產總額,"74,477","59,464"
4415 台原藥,資產總額,"31,681","90,081"
4416 三圓,資產總額,"7,022,455","6,947,625"
4417 金洲,資產總額,"3,409,833","3,594,180"
4419 元勝,資產總額,"263,861","175,517"
4420 光明,資產總額,"529,506","960,462"
4429 聚紡,資產總額,"1,417,535","1,371,167"
4430 耀億,資產總額,"2,950,442","2,867,456"
4432 銘旺實,資產總額,"1,829,938","1,950,568"
4433 興采,資產總額,"1,063,014","1,113,949"
4502 健信,資產總額,"1,078,206","2,316,732"
4503 金雨,資產總額,"392,791","394,174"
4506 崇友,資產總額,"6,301,763","6,802,845"
4510 高鋒,資產總額,"3,570,566","4,182,238"
4513 福裕,資產總額,"3,409,548","2,917,582"
4523 永彰,資產總額,"2,865,932","2,885,746"
4527 方土霖,資產總額,"2,150,660","2,199,018"
4528 江興鍛,資產總額,"2,933,223","3,176,714"
4529 淳紳,資產總額,"1,101,358","5,532,283"
4530 宏易,資產總額,"475,674","384,860"
4533 協易機,資產總額,"5,083,444","5,779,679"
4534 慶騰,資產總額,"1,607,681","1,765,684"
4535 至興,資產總額,"3,443,756","3,250,119"
4538 大詠城,資產總額,"845,721","809,136"
4541 晟田,資產總額,"2,683,225","2,880,291"
4542 科嶠,資產總額,"1,030,162","763,114"
4543 萬在,資產總額,"2,025,416","1,953,960"
4549 桓達,資產總額,"1,456,930","1,426,336"
4550 長佳,資產總額,"1,139,544","1,476,774"
4554 橙的,資產總額,"415,001","512,670"
4556 旭然,資產總額,"648,999","887,307"
4561 健椿,資產總額,"1,334,630","1,402,648"
4563 百德,資產總額,"2,519,041","2,466,726"
4568 科際精密,資產總額,"312,025","698,153"
4609 唐鋒,資產總額,"936,413","868,138"
4702 中美實,資產總額,"4,158,165","3,902,206"
4706 大恭,資產總額,"1,774,716","1,756,129"
4707 磐亞,資產總額,"6,427,672","6,252,648"
4711 永純,資產總額,"1,459,014","1,405,189"
4712 南璋,資產總額,"777,350","623,043"
4714 永捷,資產總額,"1,287,361","1,172,636"
4716 大立,資產總額,"1,188,261","1,145,600"
4721 美琪瑪,資產總額,"1,717,520","1,679,966"
4726 永昕,資產總額,"1,706,718","1,518,386"
4728 雙美,資產總額,"704,972","602,573"
4729 熒茂,資產總額,"8,799,321","4,599,956"
4735 豪展,資產總額,"771,729","782,039"
4736 泰博,資產總額,"3,958,729","4,337,644"
4741 泓瀚,資產總額,"1,064,047","1,211,837"
4743 合一,資產總額,"2,014,394","2,807,303"
4744 皇將,資產總額,"1,143,553","1,101,456"
4745 合富-KY,資產總額,"3,066,336","3,647,667"
4747 強生,資產總額,"752,004","917,566"
4754 國碳科,資產總額,"281,412","341,585"
4760 勤凱,資產總額,"548,269","502,981"
4767 誠泰科技,資產總額,"1,098,513","1,184,817"
4803 VHQ-KY,資產總額,"870,309","1,395,611"
4804 大略-KY,資產總額,"611,613","1,082,010"
4806 昇華,資產總額,"1,017,471","1,081,026"
4903 聯光通,資產總額,"1,552,743","1,371,658"
4905 台聯電,資產總額,"2,227,319","4,355,134"
4907 富宇,資產總額,"3,332,650","4,158,138"
4908 前鼎,資產總額,"1,458,599","1,314,471"
4909 新復興,資產總額,"3,055,760","3,240,959"
4911 德英,資產總額,"861,634","893,877"
4924 欣厚-KY,資產總額,"816,505","615,210"
4931 新盛力,資產總額,"882,323","1,031,484"
4933 友輝,資產總額,"4,506,353","4,674,336"
4939 亞電,資產總額,"2,968,708","2,416,106"
4944 兆遠,資產總額,"5,530,771","5,573,052"
4946 辣椒,資產總額,"1,155,397","743,325"
4947 昂寶-KY,資產總額,"3,408,124","3,597,623"
4950 牧東,資產總額,"2,847,656","1,986,967"
4953 緯軟,資產總額,"1,798,060","1,852,061"
4966 譜瑞-KY,資產總額,"6,525,309","8,241,743"
4971 IET-KY,資產總額,"1,339,468","1,563,293"
4972 湯石照明,資產總額,"1,387,296","1,469,556"
4973 廣穎,資產總額,"2,890,295","2,421,068"
4974 亞泰,資產總額,"2,892,920","2,737,304"
4979 華星光,資產總額,"2,793,810","3,952,495"
4987 科誠,資產總額,"1,286,491","1,219,648"
4991 環宇-KY,資產總額,"1,443,240","2,653,367"
4995 晶達,資產總額,"669,430","996,607"
5009 榮剛,資產總額,"20,206,814","18,348,406"
5011 久陽,資產總額,"789,198","998,616"
5013 強新,資產總額,"4,710,707","4,732,900"
5014 建錩,資產總額,"7,894,846","7,092,597"
5015 華祺,資產總額,"1,611,960","1,615,358"
5016 松和,資產總額,"2,788,273","2,538,348"
5102 富強,資產總額,"1,404,237","1,297,551"
5201 凱衛,資產總額,"435,059","437,780"
5202 力新,資產總額,"565,128","586,002"
5205 中茂,資產總額,"65,830","49,364"
5206 坤悅,資產總額,"3,817,962","4,447,732"
5209 新鼎,資產總額,"1,236,009","1,171,175"
5210 寶碩,資產總額,"969,591","919,856"
5211 蒙恬,資產總額,"622,671","605,438"
5212 凌網,資產總額,"576,349","621,581"
5213 亞昕,資產總額,"25,747,682","25,352,495"
5220 萬達光電,資產總額,"714,584","789,821"
5223 安力-KY,資產總額,"2,349,582","2,255,003"
5227 立凱-KY,資產總額,"2,832,171","2,609,114"
5230 雷笛克光學,資產總額,"2,602,560","2,531,413"
5245 智晶,資產總額,"695,772","1,096,281"
5251 天鉞電,資產總額,"1,056,409","856,425"
5263 智崴,資產總額,"1,416,847","3,148,038"
5272 笙科,資產總額,"978,486","934,936"
5274 信驊,資產總額,"1,042,791","1,207,028"
5276 達輝-KY,資產總額,"911,454","852,249"
5278 尚凡,資產總額,"322,973","248,726"
5281 大峽谷-KY,資產總額,"800,404","1,072,510"
5287 數字,資產總額,"2,125,359","2,238,736"
5289 宜鼎,資產總額,"2,641,206","3,553,222"
5291 邑昇,資產總額,"1,311,646","1,192,708"
5299 杰力,資產總額,"679,737","561,035"
5301 寶得利,資產總額,"1,657,083","2,215,352"
5302 太欣,資產總額,"2,152,865","2,134,546"
5304 鼎創達,資產總額,"4,188,482","4,207,432"
5306 桂盟,資產總額,"3,508,404","6,968,826"
5309 系統電,資產總額,"3,534,286","3,878,476"
5310 天剛,資產總額,"1,052,560","1,069,758"
5312 寶島科,資產總額,"3,209,859","4,138,085"
5314 世紀,資產總額,"510,125","492,970"
5315 光聯,資產總額,"1,505,953","1,633,535"
5321 友銓,資產總額,"1,018,275","847,521"
5324 士開,資產總額,"2,312,490","2,582,433"
5328 華容,資產總額,"2,340,284","2,338,358"
5340 建榮,資產總額,"1,959,505","1,801,070"
5344 立衛,資產總額,"773,106","704,058"
5345 天揚,資產總額,"469,145","574,126"
5347 世界,資產總額,"33,754,770","32,384,241"
5348 系通,資產總額,"277,898","286,901"
5349 先豐,資產總額,"6,908,385","6,677,524"
5351 鈺創,資產總額,"8,385,871","8,249,446"
5353 台林,資產總額,"1,643,706","1,653,615"
5355 佳總,資產總額,"2,579,046","2,314,077"
5356 協益,資產總額,"7,999,550","8,120,849"
5364 力麗店,資產總額,"705,627","763,086"
5371 中光電,資產總額,"55,654,051","53,848,417"
5381 合正,資產總額,"1,898,282","628,799"
5383 金利,資產總額,"1,916,186","1,878,106"
5386 青雲,資產總額,"456,042","243,582"
5392 應華,資產總額,"7,855,555","11,382,178"
5398 慕康生醫,資產總額,"503,397","343,085"
5403 中菲,資產總額,"2,615,931","2,723,794"
5410 國眾,資產總額,"1,717,762","2,035,579"
5425 台半,資產總額,"8,911,806","10,747,764"
5426 振發,資產總額,"3,012,323","2,836,068"
5432 達威,資產總額,"291,552","313,426"
5438 東友,資產總額,"2,800,687","2,936,264"
5439 高技,資產總額,"1,803,549","1,825,430"
5443 均豪,資產總額,"4,435,554","4,898,467"
5450 寶聯通,資產總額,"992,827","935,356"
5452 佶優,資產總額,"4,231,666","4,144,949"
5455 昇益,資產總額,"213,255","129,482"
5457 宣德,資產總額,"3,301,884","3,765,298"
5460 同協,資產總額,"1,361,804","1,308,928"
5464 霖宏,資產總額,"2,935,173","3,064,995"
5465 富驊,資產總額,"3,289,347","3,043,828"
5468 凱鈺,資產總額,"553,244","529,420"
5474 聰泰,資產總額,"858,893","937,083"
5475 德宏,資產總額,"6,144,407","5,592,979"
5478 智冠,資產總額,"10,737,965","10,341,246"
5481 新華,資產總額,"1,352,016","1,098,841"
5483 中美晶,資產總額,"40,887,116","46,186,336"
5487 通泰,資產總額,"594,164","579,461"
5488 松普,資產總額,"1,782,636","1,616,700"
5489 彩富,資產總額,"2,990,963","2,758,068"
5490 同亨,資產總額,"2,253,001","2,759,867"
5493 三聯,資產總額,"2,994,445","2,774,870"
5498 凱崴,資產總額,"3,001,649","2,724,868"
5508 永信建,資產總額,"5,890,282","6,043,793"
5511 德昌,資產總額,"6,318,241","6,556,007"
5512 力麒,資產總額,"29,795,798","32,385,222"
5514 三豐,資產總額,"2,304,305","2,237,187"
5516 雙喜,資產總額,"722,274","834,494"
5520 力泰,資產總額,"2,322,553","2,461,916"
5523 豐謙,資產總額,"3,054,797","3,272,481"
5529 志嘉,資產總額,"2,268,317","2,909,978"
5530 龍巖,資產總額,"41,487,101","47,509,021"
5536 聖暉,資產總額,"6,885,900","8,186,207"
5543 崇佑-KY,資產總額,"1,373,624","1,365,684"
5601 台聯櫃,資產總額,"1,880,717","1,860,091"
5603 陸海,資產總額,"2,466,093","2,381,468"
5604 中連貨,資產總額,"3,898,389","4,009,975"
5609 中菲行,資產總額,"4,191,441","4,037,114"
5701 劍湖山,資產總額,"4,417,666","3,940,789"
5703 亞都,資產總額,"1,485,973","1,476,666"
5704 老爺知,資產總額,"583,995","570,865"
5820 日盛金,資產總額,"258,354,022","268,509,166"
5864 致和證,資產總額,"3,718,052","4,097,384"
5878 台名,資產總額,"518,082","561,346"
5902 德記,資產總額,"1,139,481","1,184,515"
5903 全家,資產總額,"23,112,049","24,463,354"
5904 寶雅,資產總額,"4,890,987","5,669,727"
5905 南仁湖,資產總額,"4,901,250","4,688,021"
6015 宏遠證,資產總額,"13,593,502","11,239,084"
6016 康和證,資產總額,"38,618,707","33,948,449"
6020 大展證,資產總額,"4,760,733","4,506,279"
6021 大慶證,資產總額,"9,508,987","8,362,951"
6023 元大期,資產總額,"37,726,891","56,851,852"
6026 福邦證,資產總額,"6,135,691","3,562,374"
6101 寬魚國際,資產總額,"1,162,686","964,485"
6103 合邦,資產總額,"101,709","252,970"
6104 創惟,資產總額,"2,122,576","2,185,174"
6109 亞元,資產總額,"1,613,796","1,565,349"
6111 大宇資,資產總額,"670,560","720,829"
6113 亞矽,資產總額,"937,761","749,558"
6114 久威,資產總額,"1,144,687","1,534,619"
6118 建達,資產總額,"2,369,613","2,151,769"
6121 新普,資產總額,"45,753,089","43,703,290"
6122 擎邦,資產總額,"1,656,765","1,635,892"
6123 上奇,資產總額,"2,770,785","2,855,473"
6124 業強,資產總額,"3,389,004","3,082,597"
6125 廣運,資產總額,"15,343,840","15,603,384"
6126 信音,資產總額,"4,033,337","3,339,761"
6127 九豪,資產總額,"2,515,945","2,471,936"
6129 普誠,資產總額,"2,436,242","2,291,486"
6130 星寶國際,資產總額,"399,532","335,070"
6134 萬旭,資產總額,"1,811,133","1,594,254"
6138 茂達,資產總額,"2,634,448","2,634,520"
6140 訊達,資產總額,"746,641","831,562"
6143 振曜,資產總額,"9,303,149","10,549,963"
6144 得利影,資產總額,"802,825","782,988"
6146 耕興,資產總額,"3,786,288","4,360,610"
6147 頎邦,資產總額,"40,092,613","38,479,344"
6148 驊宏資,資產總額,"4,569,305","4,789,240"
6150 撼訊,資產總額,"1,560,509","1,220,165"
6151 晉倫,資產總額,"1,832,867","1,771,671"
6154 順發,資產總額,"1,902,503","1,779,779"
6156 松上,資產總額,"3,521,527","3,309,137"
6158 禾昌,資產總額,"4,160,568","3,649,076"
6160 欣技,資產總額,"1,241,647","1,201,258"
6161 捷波,資產總額,"3,115,128","2,223,104"
6163 華電網,資產總額,"4,277,936","3,287,597"
6167 久正,資產總額,"2,134,097","2,100,647"
6169 昱泉,資產總額,"501,431","584,493"
6170 統振,資產總額,"3,219,575","2,662,190"
6171 亞銳士,資產總額,"1,262,823","1,521,412"
6173 信昌電,資產總額,"3,808,973","3,719,577"
6174 安碁,資產總額,"712,265","669,562"
6175 立敦,資產總額,"3,279,049","3,647,750"
6179 亞通,資產總額,"965,559","1,063,320"
6180 橘子,資產總額,"5,238,036","8,316,676"
6182 合晶,資產總額,"16,164,660","15,574,896"
6185 幃翔,資產總額,"2,872,522","2,887,302"
6186 新潤,資產總額,"4,710,594","4,951,691"
6187 萬潤,資產總額,"2,002,113","2,191,496"
6188 廣明,資產總額,"23,754,176","18,756,533"
6190 萬泰科,資產總額,"3,877,146","3,298,223"
6194 育富,資產總額,"2,848,922","2,589,224"
6195 詩肯,資產總額,"1,628,276","1,546,947"
6198 凌泰,資產總額,"179,584","152,613"
6199 天品,資產總額,"748,737","727,793"
6203 海韻電,資產總額,"2,161,292","2,045,172"
6204 艾華,資產總額,"1,080,524","1,072,709"
6207 雷科,資產總額,"3,399,105","3,240,170"
6208 日揚,資產總額,"2,298,332","2,227,524"
6210 慶生,資產總額,"1,090,953","1,095,026"
6212 理銘,資產總額,"4,482,490","4,353,986"
6217 中探針,資產總額,"1,773,489","2,014,093"
6218 豪勉,資產總額,"1,474,759","1,563,878"
6219 富旺,資產總額,"6,588,736","6,329,044"
6220 岳豐,資產總額,"5,306,185","5,271,084"
6221 晉泰,資產總額,"1,621,618","1,556,055"
6222 上揚,資產總額,"458,540","558,449"
6223 旺矽,資產總額,"6,387,417","6,651,471"
6227 茂綸,資產總額,"2,335,009","4,359,534"
6228 全譜,資產總額,"454,807","431,910"
6229 研通,資產總額,"635,799","699,130"
6231 系微,資產總額,"1,211,337","964,633"
6233 旺玖,資產總額,"1,197,184","1,112,051"
6234 高僑,資產總額,"2,843,380","2,988,739"
6236 康呈,資產總額,"351,086","336,038"
6237 驊訊,資產總額,"1,507,956","1,635,959"
6238 勝麗,資產總額,"646,277","1,744,814"
6240 松崗,資產總額,"819,208","793,360"
6241 易通展,資產總額,"338,804","290,955"
6242 立康,資產總額,"324,374","526,729"
6244 茂迪,資產總額,"27,337,935","33,484,783"
6245 立端,資產總額,"3,746,427","4,287,579"
6246 臺龍,資產總額,"1,517,789","872,478"
6247 淇譽電,資產總額,"1,467,514","1,504,787"
6248 沛波,資產總額,"448,121","611,305"
6259 百徽,資產總額,"1,107,067","1,082,382"
6261 久元,資產總額,"8,687,874","7,832,661"
6263 普萊德,資產總額,"1,365,542","1,391,077"
6264 富裔,資產總額,"2,511,376","2,766,891"
6265 方土昶,資產總額,"3,125,864","2,526,772"
6266 泰詠,資產總額,"1,853,660","2,039,150"
6270 倍微,資產總額,"1,875,855","1,676,004"
6274 台燿,資產總額,"11,324,356","10,807,408"
6275 元山,資產總額,"1,903,331","1,775,202"
6276 安鈦克,資產總額,"1,085,124","916,407"
6279 胡連,資產總額,"5,133,700","5,715,472"
6284 佳邦,資產總額,"6,310,739","5,885,449"
6287 元隆,資產總額,"1,425,385","1,412,808"
6290 良維,資產總額,"5,383,602","5,878,071"
6291 沛亨,資產總額,"239,331","201,446"
6292 迅德,資產總額,"1,488,652","1,579,708"
6294 智基,資產總額,"574,207","783,288"
6404 通訊-KY,資產總額,"1,664,766","1,754,642"
6411 晶焱,資產總額,"1,871,857","2,132,480"
6417 韋僑,資產總額,"721,276","891,343"
6418 詠昇,資產總額,"761,613","722,302"
6419 京晨科,資產總額,"482,017","462,350"
6425 易發,資產總額,"1,866,208","2,052,911"
6426 統新,資產總額,"758,658","736,285"
6432 今展科,資產總額,"635,469","808,505"
6435 大中,資產總額,"757,774","822,938"
6438 迅得,資產總額,"2,170,106","2,128,444"
6441 廣錠,資產總額,"659,134","614,586"
6446 藥華藥,資產總額,"1,658,813","1,040,599"
6457 紘康,資產總額,"461,270","615,106"
6461 益得,資產總額,"1,410,101","1,547,736"
6462 神盾,資產總額,"756,316","1,568,704"
6465 威潤,資產總額,"305,496","503,734"
6469 大樹,資產總額,"779,335","868,888"
6470 宇智,資產總額,"1,058,678","1,224,194"
6472 保瑞,資產總額,"1,038,463","868,294"
6482 弘煜科,資產總額,"246,603","348,822"
6485 點序,資產總額,"1,017,987","925,411"
6486 互動,資產總額,"1,815,965","1,906,697"
6488 環球晶,資產總額,"21,384,763","23,815,760"
6492 生華科,資產總額,"917,587","746,308"
6494 九齊,資產總額,"480,809","502,035"
6496 科懋,資產總額,"966,173","1,036,892"
6497 亞獅康-KY　,資產總額,"184,379","896,162"
6499 益安,資產總額,"342,165","897,848"
6506 雙邦,資產總額,"1,666,426","1,978,668"
6508 惠光,資產總額,"2,921,780","2,914,426"
6509 聚和,資產總額,"5,472,092","5,028,053"
6510 精測,資產總額,"1,252,718","1,783,095"
6512 啟發電,資產總額,"595,004","609,460"
6514 芮特-KY,資產總額,"569,402","709,428"
6516 勤崴國際,資產總額,"374,712","385,388"
6523 達爾膚,資產總額,"1,023,521","1,068,585"
6530 創威,資產總額,"454,101","483,715"
6532 瑞耘,資產總額,"475,444","459,857"
6535 順藥,資產總額,"740,015","569,900"
6538 倉和,資產總額,"1,670,090","1,820,695"
6542 隆中,資產總額,"647,814","866,912"
6547 高端疫苗,資產總額,"1,214,673","1,653,491"
6548 長科*,資產總額,"789,918","809,380"
6556 勝品,資產總額,"2,082,032","1,934,489"
6560 欣普羅,資產總額,"338,431","355,544"
6561 是方,資產總額,"1,190,686","1,380,386"
6568 宏觀,資產總額,"592,106","860,419"
6569 醫揚,資產總額,"379,410","496,336"
6570 維田,資產總額,"363,782","408,782"
6574 霈方,資產總額,"274,211","390,115"
6576 逸達,資產總額,"327,826","368,620"
6577 勁豐,資產總額,"987,664","1,041,739"
6578 達邦蛋白,資產總額,"716,622","729,946"
6589 台康生技,資產總額,"891,671","773,244"
6590 普鴻,資產總額,"243,854","256,632"
6593 台灣銘板,資產總額,"875,038","838,575"
6594 展匯科,資產總額,,"1,427"
6596 寬宏藝術,資產總額,"226,294","555,011"
6603 富強鑫,資產總額,"4,485,952","4,158,474"
6609 瀧澤科,資產總額,"3,529,121","3,723,820"
6612 奈米醫材,資產總額,"144,638","215,040"
6613 朋億,資產總額,"2,371,208","3,136,068"
6615 慧智,資產總額,"143,488","253,513"
6616 特昇-KY,資產總額,"360,990","333,170"
6624 萬年清,資產總額,"212,946","211,599"
6629 泰金-KY,資產總額,,"1,172,096"
6640 均華,資產總額,"1,104,819","1,190,490"
6642 富致,資產總額,"392,513","433,520"
6643 M31,資產總額,"247,219","335,115"
6649 台生材,資產總額,"57,317","89,991"
6654 天正國際,資產總額,"449,569","441,967"
6662 樂斯科,資產總額,"287,254","284,848"
6664 群翊,資產總額,"2,207,187","2,572,046"
6667 信紘科,資產總額,"621,074","814,837"
6679 鈺太,資產總額,"291,847","324,605"
6680 鑫創電子,資產總額,"87,492","215,191"
6683 雍智科技,資產總額,"511,006","751,522"
6803 崑鼎,資產總額,"7,235,483","7,656,114"
7402 邑錡,資產總額,"260,043","419,465"
8024 佑華,資產總額,"861,229","803,147"
8027 鈦昇,資產總額,"1,708,730","1,872,570"
8032 光菱,資產總額,"2,208,191","2,297,387"
8034 榮群,資產總額,"528,159","490,642"
8038 長園科,資產總額,"1,242,009","1,192,531"
8040 九暘,資產總額,"949,263","996,579"
8042 金山電,資產總額,"5,427,609","6,092,463"
8043 蜜望實,資產總額,"3,839,473","3,950,426"
8044 網家,資產總額,"6,415,394","9,956,881"
8047 星雲,資產總額,"675,859","676,400"
8048 德勝,資產總額,"945,303","1,179,438"
8049 晶采,資產總額,"1,628,506","1,694,914"
8050 廣積,資產總額,"3,672,624","3,952,267"
8054 安國,資產總額,"2,994,148","2,681,251"
8059 凱碩,資產總額,"1,632,298","1,432,206"
8064 東捷,資產總額,"4,895,392","4,902,032"
8066 來思達,資產總額,"1,285,752","1,632,654"
8067 志旭,資產總額,"720,121","664,512"
8068 全達,資產總額,"537,387","623,156"
8069 元太,資產總額,"38,953,852","33,425,226"
8071 能率網通,資產總額,"1,726,757","1,997,497"
8074 鉅橡,資產總額,"1,783,611","1,838,212"
8076 伍豐,資產總額,"6,782,728","7,258,000"
8077 洛碁,資產總額,"583,267","1,901,298"
8080 永利聯合,資產總額,"1,485,881","1,298,466"
8083 瑞穎,資產總額,"1,319,867","1,423,906"
8084 巨虹,資產總額,"1,105,007","1,319,186"
8085 福華,資產總額,"3,502,583","3,316,689"
8086 宏捷科,資產總額,"2,896,598","4,070,578"
8087 華鎂鑫,資產總額,"438,432","436,403"
8088 品安,資產總額,"1,152,018","1,061,933"
8091 翔名,資產總額,"1,792,215","3,680,003"
8092 建暐,資產總額,"766,293","771,345"
8093 保銳,資產總額,"837,339","731,848"
8096 擎亞,資產總額,"4,494,979","7,010,624"
8097 常珵,資產總額,"480,977","454,673"
8099 大世科,資產總額,"2,156,916","2,088,064"
8107 大億金茂,資產總額,"3,124,132","3,134,103"
8109 博大,資產總額,"2,103,314","2,485,970"
8111 立碁,資產總額,"1,933,938","1,746,004"
8121 越峰,資產總額,"6,678,750","5,740,065"
8147 正淩,資產總額,"640,123","905,684"
8155 博智,資產總額,"1,999,764","1,828,200"
8171 天宇,資產總額,"2,057,535","1,537,940"
8176 智捷,資產總額,"1,682,709","1,723,903"
8182 加高,資產總額,"4,181,458","4,207,671"
8183 精星,資產總額,"2,722,347","2,738,353"
8234 新漢,資產總額,"4,613,498","4,608,550"
8240 華宏,資產總額,"10,813,343","9,690,947"
8255 朋程,資產總額,"3,608,941","3,757,113"
8277 商丞,資產總額,"1,625,054","1,496,769"
8279 生展,資產總額,"565,761","815,518"
8287 英格爾,資產總額,"5,318,700","5,609,070"
8289 泰藝,資產總額,"2,183,531","2,056,950"
8291 尚茂,資產總額,"828,872","776,808"
8299 群聯,資產總額,"23,697,791","28,418,787"
8342 益張,資產總額,"1,409,886","1,506,918"
8349 恒耀,資產總額,"10,778,173","10,466,114"
8354 冠好,資產總額,"2,651,452","2,520,428"
8358 金居,資產總額,"5,136,839","4,966,310"
8383 千附,資產總額,"4,284,229","4,571,158"
8390 金益鼎,資產總額,"3,077,950","2,947,016"
8401 白紗科,資產總額,"1,585,950","1,576,011"
8403 盛弘,資產總額,"2,699,174","2,803,144"
8406 金可-KY,資產總額,"14,473,573","15,931,312"
8409 商之器,資產總額,"503,389","526,781"
8410 森田,資產總額,"1,736,852","1,544,810"
8415 大國鋼,資產總額,"12,755,901","13,852,445"
8416 實威,資產總額,"914,481","1,040,561"
8418 捷必勝-KY,資產總額,"5,630,654","5,010,807"
8420 明揚,資產總額,"940,334","944,138"
8421 旭源,資產總額,"1,870,382","1,911,361"
8423 保綠-KY,資產總額,"610,556","635,795"
8424 惠普,資產總額,"956,976","1,021,041"
8426 紅木-KY,資產總額,"1,612,255","1,551,885"
8431 匯鑽科,資產總額,"1,428,759","1,594,689"
8432 東生華,資產總額,"1,104,274","1,461,230"
8433 弘帆,資產總額,"1,530,369","1,831,925"
8435 鉅邁,資產總額,"891,954","899,619"
8436 大江,資產總額,"2,512,935","3,168,144"
8437 大地-KY,資產總額,"1,536,607","1,722,628"
8440 綠電,資產總額,"486,255","477,674"
8444 綠河-KY,資產總額,"3,109,314","4,160,212"
8446 華研,資產總額,"1,706,945","1,869,387"
8450 霹靂,資產總額,"1,754,153","2,224,079"
8455 大拓-KY,資產總額,"883,809","1,009,520"
8472 夠麻吉,資產總額,"979,878","1,041,779"
8476 台境,資產總額,"598,291","906,505"
8477 創業家,資產總額,"372,966","511,302"
8489 三貝德,資產總額,"308,940","421,734"
8905 裕國,資產總額,"4,945,079","4,387,824"
8906 花王,資產總額,"461,922","473,232"
8908 欣雄,資產總額,"3,285,667","3,503,381"
8913 全銓,資產總額,"1,784,583","1,876,069"
8916 光隆,資產總額,"5,806,731","6,049,953"
8917 欣泰,資產總額,"3,033,594","3,312,799"
8921 沈氏,資產總額,"1,061,343","1,016,022"
8923 時報,資產總額,"706,878","723,176"
8924 大田,資產總額,"3,743,218","3,688,106"
8927 北基,資產總額,"2,455,240","3,298,884"
8928 鉅明,資產總額,"1,747,482","1,743,469"
8929 富堡,資產總額,"1,323,847","1,310,292"
8930 青鋼,資產總額,"1,806,119","1,625,518"
8931 大汽電,資產總額,"2,889,367","2,782,094"
8932 宏大,資產總額,"1,338,943","1,395,149"
8933 愛地雅,資產總額,"5,562,274","6,265,134"
8934 衡平,資產總額,"943,409","982,397"
8935 邦泰,資產總額,"1,765,457","1,638,539"
8936 國統,資產總額,"8,629,253","11,289,565"
8937 合騏,資產總額,"887,922","887,808"
8938 明安,資產總額,"6,465,357","5,926,027"
8941 關中,資產總額,"1,598,095","1,749,700"
8942 森鉅,資產總額,"8,391,258","9,892,388"
911613 特藝-DR,資產總額,"5,069,751","4,123,706"
9949 琉園,資產總額,"933,271","845,071"
9950 萬國通,資產總額,"2,905,051","3,674,708"
9951 皇田,資產總額,"3,588,722","3,981,635"
9960 邁達康,資產總額,"721,786","714,268"
9962 有益,資產總額,"1,351,738","1,099,927"