公司,Data Field,2016/6/30,2016/9/30,2016/12/30,2017/3/31,2017/6/30,2017/9/30,2017/12/29,2018/3/31
1101 台泥,M資產總額,0,0,0,0,0,0,"272,557,049","283,088,584"
1102 亞泥,M資產總額,0,0,0,0,0,"246,251,990","247,064,348","249,899,869"
1103 嘉泥,M資產總額,0,0,0,0,0,0,"28,317,986","29,494,843"
1104 環泥,M資產總額,0,0,0,0,0,"20,443,648","21,229,208","21,801,660"
1108 幸福,M資產總額,0,0,0,0,0,0,"7,236,852","7,155,857"
1109 信大,M資產總額,0,0,0,0,0,0,"8,576,925","8,745,993"
1110 東泥,M資產總額,0,0,0,0,0,0,"9,365,291","9,271,893"
1201 味全,M資產總額,0,0,0,0,0,0,"32,862,642","32,381,035"
1203 味王,M資產總額,0,0,0,0,0,0,"9,192,281","9,295,071"
1210 大成,M資產總額,0,0,"37,864,292",0,0,0,"40,747,852","41,198,244"
1213 大飲,M資產總額,0,0,0,0,0,0,"864,866","842,710"
1215 卜蜂,M資產總額,0,0,0,0,0,0,"13,886,122",0
1216 統一,M資產總額,0,0,0,0,0,0,"414,655,454","412,039,147"
1217 愛之味,M資產總額,0,0,0,0,0,0,"12,242,288","12,738,222"
1218 泰山,M資產總額,0,0,0,0,0,0,"7,482,013","8,514,913"
1219 福壽,M資產總額,0,0,0,0,0,0,"8,461,787","8,024,714"
1220 台榮,M資產總額,0,0,0,0,0,0,"3,027,503","2,993,728"
1225 福懋油,M資產總額,0,0,0,0,0,0,"7,017,020","6,501,561"
1227 佳格,M資產總額,0,0,0,0,0,0,"22,709,488","22,814,422"
1229 聯華投控,M資產總額,0,0,0,0,0,0,"29,653,231","30,711,983"
1231 聯華食,M資產總額,0,0,0,0,0,0,"6,483,870","6,680,947"
1232 大統益,M資產總額,0,0,0,0,0,0,"5,452,648","5,231,242"
1233 天仁,M資產總額,0,0,0,0,0,0,0,"2,054,503"
1234 黑松,M資產總額,0,0,0,0,0,0,"22,855,928","22,649,111"
1235 興泰,M資產總額,0,0,0,0,0,0,"5,735,515","6,224,732"
1236 宏亞,M資產總額,0,0,0,0,0,0,0,"2,872,874"
1240 茂生農經,M資產總額,0,0,0,"1,433,490",0,"1,523,406","1,587,872","1,563,318"
1256 鮮活果汁-KY,M資產總額,0,0,0,0,0,0,"2,322,095","2,452,814"
1258 其祥-KY,M資產總額,0,0,0,0,0,0,"2,323,855","2,538,509"
1259 安心,M資產總額,0,0,0,0,0,0,"2,953,839","2,779,058"
1262 綠悅-KY,M資產總額,0,0,0,0,0,0,"12,237,482","12,149,684"
1264 德麥,M資產總額,0,0,0,0,0,0,"3,088,701","3,157,547"
1268 漢來美食,M資產總額,0,0,0,0,0,0,"3,213,208",0
1301 台塑,M資產總額,0,0,0,0,0,0,"476,071,036","512,678,059"
1303 南亞,M資產總額,0,0,0,0,0,0,0,"573,015,194"
1304 台聚,M資產總額,0,0,0,0,0,0,"64,393,851","64,933,278"
1305 華夏,M資產總額,0,0,0,0,0,0,"12,673,221","12,833,662"
1307 三芳,M資產總額,0,0,0,0,0,0,"14,400,134","14,504,987"
1308 亞聚,M資產總額,0,0,0,0,0,0,"14,876,001","14,860,285"
1309 台達化,M資產總額,0,0,0,0,0,0,"8,811,435","9,019,777"
1310 台苯,M資產總額,0,0,0,0,0,0,"10,924,691","11,067,752"
1312 國喬,M資產總額,0,0,"25,005,048",0,0,0,"27,999,915","29,151,559"
1313 聯成,M資產總額,0,0,0,0,0,0,"45,009,979","47,528,838"
1314 中石化,M資產總額,0,0,0,0,0,0,"81,628,960","83,977,966"
1315 達新,M資產總額,0,0,0,0,0,0,"9,538,157","10,125,105"
1316 上曜,M資產總額,0,0,0,0,0,0,"4,598,344","4,644,671"
1319 東陽,M資產總額,0,0,0,0,0,0,"37,673,888","38,356,339"
1321 大洋,M資產總額,0,0,"10,918,710","10,941,874",0,0,"10,878,968","11,668,548"
1323 永裕,M資產總額,0,0,0,0,0,0,0,"3,958,057"
1324 地球,M資產總額,0,0,0,0,0,0,"1,390,332","1,363,673"
1325 恒大,M資產總額,0,0,0,0,0,0,"1,897,674","1,908,686"
1326 台化,M資產總額,0,0,0,0,0,0,0,"616,449,553"
1333 恩得利,M資產總額,0,0,0,0,0,0,"597,455","586,676"
1336 台翰,M資產總額,0,0,0,0,0,0,"2,421,612","2,322,620"
1337 再生-KY,M資產總額,0,0,0,0,0,0,"10,823,343","10,442,830"
1338 廣華-KY,M資產總額,0,0,0,0,0,0,"9,871,537","9,931,183"
1339 昭輝,M資產總額,0,0,0,0,0,0,"6,530,380","6,470,586"
1340 勝悅-KY,M資產總額,0,0,0,0,0,0,"6,997,872","7,041,697"
1341 富林-KY,M資產總額,0,0,"1,475,372",0,0,0,"1,463,227","1,598,082"
1402 遠東新,M資產總額,0,0,0,0,0,"505,940,304","516,766,280","543,600,516"
1409 新纖,M資產總額,0,0,"131,020,911",0,0,0,"144,455,811","146,835,371"
1410 南染,M資產總額,0,0,0,0,0,0,"1,528,918","1,537,724"
1413 宏洲,M資產總額,0,0,0,0,0,0,"2,320,216","2,269,195"
1414 東和,M資產總額,0,0,0,0,0,0,"4,496,551","4,535,317"
1416 廣豐,M資產總額,0,0,0,0,0,0,"8,616,808","8,482,098"
1417 嘉裕,M資產總額,0,0,0,0,0,0,"4,540,541","4,439,805"
1418 東華,M資產總額,0,0,0,0,0,0,"1,581,782","1,782,236"
1419 新紡,M資產總額,0,0,0,0,0,0,"13,775,412","13,641,072"
1423 利華,M資產總額,0,0,0,0,0,0,"2,850,663","2,855,373"
1432 大魯閣,M資產總額,0,0,0,0,0,0,"3,118,694","3,027,905"
1434 福懋,M資產總額,0,0,0,0,0,0,"94,703,035","98,034,559"
1435 中福,M資產總額,0,0,"1,105,626",0,0,0,"1,105,700","1,069,674"
1436 華友聯,M資產總額,0,0,0,0,0,0,"7,102,133","6,859,850"
1437 勤益控,M資產總額,0,0,0,0,0,0,"9,602,621",0
1438 裕豐,M資產總額,0,0,0,0,0,0,"606,991","605,152"
1439 中和,M資產總額,0,0,0,0,0,0,"2,073,721","2,069,506"
1440 南紡,M資產總額,0,0,0,0,0,"40,651,740","42,809,824","43,376,304"
1441 大東,M資產總額,0,0,0,0,0,0,"3,294,905","3,312,168"
1442 名軒,M資產總額,0,0,0,0,0,0,"10,357,954","10,182,733"
1443 立益,M資產總額,0,0,0,0,0,0,"4,457,378","4,608,996"
1444 力麗,M資產總額,0,0,0,0,0,0,"18,595,202","18,815,580"
1445 大宇,M資產總額,0,0,"2,299,776",0,0,0,"2,214,807","2,144,673"
1446 宏和,M資產總額,0,0,0,0,0,0,"3,852,544","3,776,961"
1447 力鵬,M資產總額,0,0,0,0,0,0,"20,393,295","20,389,333"
1449 佳和,M資產總額,0,0,0,0,0,0,"5,465,405","5,435,242"
1451 年興,M資產總額,0,0,0,0,0,0,"10,749,721","10,854,369"
1452 宏益,M資產總額,0,0,0,0,0,0,"2,695,931","2,719,194"
1453 大將,M資產總額,0,0,0,0,0,0,"1,359,389","1,358,040"
1454 台富,M資產總額,0,0,0,0,0,0,"2,239,053","2,214,660"
1455 集盛,M資產總額,0,0,0,0,0,0,"12,119,228","12,266,721"
1456 怡華,M資產總額,0,0,0,0,0,0,"4,657,123","4,682,831"
1457 宜進,M資產總額,0,0,0,0,0,0,"13,583,705","15,212,479"
1459 聯發,M資產總額,0,0,0,0,0,0,"7,527,684","7,528,357"
1460 宏遠,M資產總額,0,0,0,0,0,0,"11,886,848","12,163,091"
1463 強盛,M資產總額,0,0,0,0,0,"3,109,265","3,078,563","3,169,308"
1464 得力,M資產總額,0,0,0,0,0,0,"14,001,956","14,431,011"
1465 偉全,M資產總額,0,0,0,0,0,0,"2,434,297",0
1466 聚隆,M資產總額,0,0,0,0,0,0,"3,685,721","3,685,160"
1467 南緯,M資產總額,0,0,0,0,0,0,"7,072,911","7,030,638"
1468 昶和,M資產總額,0,0,0,0,0,0,"2,320,282","2,463,733"
1470 大統新創,M資產總額,0,0,"1,076,698","1,079,528","1,105,618","1,040,912","1,120,348","1,114,320"
1471 首利,M資產總額,0,0,0,0,0,0,"2,209,715","2,120,043"
1472 三洋紡,M資產總額,0,0,"975,777",0,0,0,"941,607","892,848"
1473 台南,M資產總額,0,0,0,0,0,0,"6,237,557","6,231,155"
1474 弘裕,M資產總額,0,0,0,0,0,0,"4,011,492","3,986,569"
1475 本盟,M資產總額,0,0,0,0,0,0,"165,144","144,805"
1476 儒鴻,M資產總額,0,0,0,0,0,0,"20,066,414","20,510,214"
1477 聚陽,M資產總額,0,0,0,0,0,0,"12,566,928","12,273,648"
1503 士電,M資產總額,0,0,0,0,0,0,"37,052,766","38,212,914"
1504 東元,M資產總額,0,0,0,0,0,0,"92,016,957","93,376,684"
1506 正道,M資產總額,0,0,0,0,0,0,"2,944,595","2,821,065"
1507 永大,M資產總額,0,0,0,0,0,0,"23,928,837","22,503,803"
1512 瑞利,M資產總額,0,0,0,0,0,0,"3,490,599","3,734,660"
1513 中興電,M資產總額,0,0,0,0,0,0,"16,484,570","17,594,752"
1514 亞力,M資產總額,0,0,0,0,0,0,"5,152,123","5,282,434"
1515 力山,M資產總額,0,0,0,0,0,0,"6,386,969","5,727,084"
1516 川飛,M資產總額,0,0,0,0,0,0,"385,576","377,609"
1517 利奇,M資產總額,0,0,0,0,0,0,"4,672,245","4,621,611"
1519 華城,M資產總額,0,0,0,0,0,0,"7,068,755","6,808,532"
1521 大億,M資產總額,0,0,0,0,0,0,"3,787,683","3,763,969"
1522 堤維西,M資產總額,0,0,0,0,0,0,"20,164,747","20,768,082"
1524 耿鼎,M資產總額,0,0,0,0,0,0,0,"4,851,217"
1525 江申,M資產總額,0,0,"4,389,042",0,0,0,"4,798,048","5,005,153"
1526 日馳,M資產總額,0,0,0,0,0,0,"2,162,455","1,984,893"
1527 鑽全,M資產總額,0,0,0,0,0,0,"13,916,798","13,698,209"
1528 恩德,M資產總額,0,0,0,0,0,0,0,"5,727,872"
1529 樂士,M資產總額,0,0,0,0,0,0,"793,685","743,232"
1530 亞崴,M資產總額,0,0,0,0,0,0,"7,626,221","7,660,843"
1531 高林股,M資產總額,0,0,0,0,0,0,"4,734,803","4,799,319"
1532 勤美,M資產總額,0,0,0,0,0,0,"39,319,627","39,738,677"
1533 車王電,M資產總額,0,0,0,0,0,0,"4,298,750","4,939,139"
1535 中宇,M資產總額,0,0,0,0,0,0,"7,647,941","7,125,655"
1536 和大,M資產總額,0,0,0,0,0,0,"14,222,414","14,597,534"
1537 廣隆,M資產總額,0,0,0,0,0,0,"5,259,074","5,316,873"
1538 正峰新,M資產總額,0,0,"1,600,745",0,0,0,"1,381,640","1,312,040"
1539 巨庭,M資產總額,0,0,0,0,0,0,"3,197,965","3,076,344"
1540 喬福,M資產總額,0,0,0,0,0,0,"1,623,556","1,792,446"
1541 錩泰,M資產總額,0,0,0,0,0,0,"2,879,158","2,548,175"
1558 伸興,M資產總額,0,0,0,0,0,0,"6,739,290","6,608,158"
1560 中砂,M資產總額,0,0,0,0,0,0,"5,308,385","5,585,430"
1565 精華,M資產總額,0,0,0,0,0,0,"8,602,946","8,657,591"
1568 倉佑,M資產總額,0,0,0,0,0,0,"3,714,990","3,764,740"
1569 濱川,M資產總額,0,0,0,0,0,0,"5,827,538","5,985,716"
1570 力肯,M資產總額,0,0,0,0,0,0,"898,344","895,312"
1580 新麥,M資產總額,0,0,0,0,0,0,"3,304,931","3,136,157"
1582 信錦,M資產總額,0,0,0,0,0,0,0,"8,442,206"
1583 程泰,M資產總額,0,0,0,0,0,0,"14,713,062","14,944,474"
1584 精剛,M資產總額,0,0,"1,931,211","2,407,337","2,428,771","2,384,558","2,365,933","2,346,615"
1586 和勤,M資產總額,0,0,0,0,0,0,"2,973,012","2,974,004"
1587 吉茂,M資產總額,0,0,0,0,0,0,"2,411,649","2,354,678"
1589 永冠-KY,M資產總額,0,0,0,0,0,0,"14,482,790","14,960,703"
1590 亞德客-KY,M資產總額,0,0,0,0,0,0,"28,905,592","31,092,479"
1591 駿吉-KY,M資產總額,0,0,0,0,0,0,"625,986","663,117"
1592 英瑞-KY,M資產總額,0,0,0,0,0,0,"7,266,680","7,566,290"
1593 祺驊,M資產總額,0,0,0,0,0,0,"1,052,894","1,028,076"
1595 川寶,M資產總額,0,0,0,0,0,0,"3,876,942","3,799,444"
1597 直得,M資產總額,0,0,0,0,0,0,"2,638,819","2,925,450"
1598 岱宇,M資產總額,0,0,0,0,0,0,"6,633,791","6,523,731"
1599 宏佳騰,M資產總額,0,0,0,0,0,0,"2,088,461","1,885,149"
1603 華電,M資產總額,0,"8,647,887","7,754,570","7,659,632","7,905,021","7,750,800","7,629,636","7,624,815"
1604 聲寶,M資產總額,0,0,0,0,"12,718,581","11,752,922","12,073,179","11,996,708"
1605 華新,M資產總額,0,0,0,0,0,0,0,"125,144,564"
1608 華榮,M資產總額,0,0,"11,965,740",0,0,0,"12,826,665","12,418,954"
1609 大亞,M資產總額,0,0,0,0,0,0,"18,451,396","18,713,685"
1611 中電,M資產總額,0,0,0,0,0,0,"7,211,704","6,266,334"
1612 宏泰,M資產總額,0,0,0,0,0,0,"5,321,252","5,596,405"
1614 三洋電,M資產總額,0,0,0,0,0,0,"6,507,917","6,688,387"
1615 大山,M資產總額,0,0,"2,179,599",0,0,0,"2,352,300","2,329,204"
1616 億泰,M資產總額,0,0,0,0,0,0,"3,428,051","3,029,753"
1617 榮星,M資產總額,0,0,0,0,0,0,"3,451,077","3,480,976"
1618 合機,M資產總額,0,0,0,0,0,0,"4,392,711","4,335,956"
1626 艾美特-KY,M資產總額,0,0,0,0,0,0,0,"8,753,469"
1701 中化,M資產總額,0,0,0,0,0,0,"10,276,563","10,645,185"
1702 南僑,M資產總額,0,0,0,"18,096,447","19,975,452","22,031,737","22,455,954","22,562,615"
1707 葡萄王,M資產總額,0,0,0,0,0,0,0,"10,035,455"
1708 東鹼,M資產總額,0,0,0,0,0,0,0,"10,937,864"
1709 和益,M資產總額,0,0,0,0,0,0,"10,535,305","10,798,936"
1710 東聯,M資產總額,0,0,0,0,0,0,"35,951,858","37,916,491"
1711 永光,M資產總額,0,0,"13,603,970",0,0,0,"13,724,618","13,805,430"
1712 興農,M資產總額,0,0,0,0,0,0,"15,244,156","15,742,235"
1713 國化,M資產總額,0,0,0,0,0,0,"2,430,374","2,469,782"
1714 和桐,M資產總額,0,0,0,0,0,0,"26,878,888","26,588,043"
1717 長興,M資產總額,0,0,0,0,0,0,"56,465,505","57,213,980"
1718 中纖,M資產總額,"620,545,131","627,946,877","655,102,816","667,370,613","666,961,095","673,677,560","691,729,220","692,787,770"
1720 生達,M資產總額,0,0,0,0,0,0,"6,374,217","6,332,695"
1721 三晃,M資產總額,0,0,"4,285,704",0,0,0,"4,238,119","4,175,569"
1722 台肥,M資產總額,0,0,0,0,0,0,"75,156,891","76,705,544"
1723 中碳,M資產總額,0,0,0,0,0,0,"11,235,537","11,367,130"
1724 台硝,M資產總額,0,0,0,0,0,0,"2,887,422",0
1725 元禎,M資產總額,0,0,0,0,0,0,"5,682,323","5,668,142"
1726 永記,M資產總額,0,0,0,0,0,0,"9,883,383","10,006,535"
1727 中華化,M資產總額,0,0,0,0,0,0,0,"2,578,564"
1730 花仙子,M資產總額,0,0,0,0,0,0,0,"1,970,537"
1731 美吾華,M資產總額,0,0,0,0,0,0,"2,576,596","2,783,966"
1732 毛寶,M資產總額,0,0,0,0,0,0,"564,074","544,727"
1733 五鼎,M資產總額,0,0,0,0,0,0,"2,699,781","2,715,989"
1734 杏輝,M資產總額,"6,269,144",0,0,0,0,0,"6,043,100","6,016,089"
1735 日勝化,M資產總額,0,0,0,0,0,0,"3,073,929","3,056,774"
1736 喬山,M資產總額,0,0,0,0,0,0,"22,267,052","21,429,682"
1737 臺鹽,M資產總額,0,0,0,0,0,"7,075,326","7,247,147","7,227,256"
1742 台蠟,M資產總額,0,0,0,0,0,0,"859,710","974,354"
1752 南光,M資產總額,0,0,0,0,0,0,"3,334,297","3,275,453"
1760 寶齡富錦,M資產總額,0,0,0,0,0,0,"1,247,397","1,683,119"
1762 中化生,M資產總額,0,0,0,0,0,0,"3,447,925","3,316,860"
1773 勝一,M資產總額,0,0,0,0,0,0,0,"5,866,556"
1776 展宇,M資產總額,0,0,0,0,0,0,"2,158,453","2,106,219"
1777 生泰,M資產總額,0,0,0,0,0,0,"1,555,855","1,681,464"
1781 合世,M資產總額,0,0,0,0,0,0,"573,597","611,691"
1783 和康生,M資產總額,0,0,0,0,0,0,"1,103,980","1,095,576"
1784 訊聯,M資產總額,0,0,0,0,0,0,"1,824,948","1,806,633"
1785 光洋科,M資產總額,0,0,0,0,0,0,"19,055,226","19,188,328"
1786 科妍,M資產總額,0,0,0,0,0,0,"1,563,170","1,606,696"
1787 福盈科,M資產總額,0,0,0,0,0,0,"1,841,073","1,943,571"
1788 杏昌,M資產總額,0,0,0,0,0,0,"2,613,352","2,522,004"
1789 神隆,M資產總額,0,0,0,0,0,0,"12,701,389","13,155,454"
1795 美時,M資產總額,0,0,"15,196,851",0,0,0,"15,635,655","15,432,588"
1796 金穎生技,M資產總額,0,0,"496,304",0,0,0,"508,747","574,111"
1799 易威,M資產總額,0,0,0,0,0,0,"1,338,585","1,247,876"
1802 台玻,M資產總額,0,0,0,0,0,0,"84,026,561","84,910,342"
1805 寶徠,M資產總額,0,0,0,0,0,0,"1,501,325","1,398,479"
1806 冠軍,M資產總額,0,0,0,0,0,0,"11,561,619","11,472,185"
1808 潤隆,M資產總額,0,0,0,0,0,0,"26,417,805","23,955,871"
1809 中釉,M資產總額,0,0,0,0,0,0,"5,083,448","5,088,042"
1810 和成,M資產總額,0,0,0,0,0,0,"11,207,467","10,985,846"
1813 寶利徠,M資產總額,0,0,0,0,0,0,"1,322,569","1,371,183"
1815 富喬,M資產總額,0,0,0,0,0,0,"13,364,768","13,639,684"
1817 凱撒衛,M資產總額,0,0,0,0,0,0,"2,103,116","2,024,669"
1902 台紙,M資產總額,0,0,0,0,0,0,"8,004,952","7,947,170"
1903 士紙,M資產總額,0,0,0,0,0,0,"6,630,979","6,561,263"
1904 正隆,M資產總額,0,0,0,0,0,0,"60,159,971","62,596,022"
1905 華紙,M資產總額,0,0,0,"29,068,073",0,0,"30,272,747","30,717,880"
1906 寶隆,M資產總額,0,0,0,0,0,0,0,"10,429,523"
1907 永豐餘,M資產總額,0,0,0,"107,820,738","113,881,443",0,"112,585,773","116,162,500"
1909 榮成,M資產總額,0,0,0,0,0,0,"75,657,194","75,516,950"
2002 中鋼,M資產總額,0,0,0,0,0,0,"667,715,879","665,220,502"
2006 東和鋼鐵,M資產總額,0,0,0,0,0,0,"41,297,392","42,924,810"
2007 燁興,M資產總額,0,0,0,0,0,0,"18,080,761","18,199,801"
2008 高興昌,M資產總額,0,0,0,0,0,0,"5,435,021","5,114,220"
2009 第一銅,M資產總額,0,0,0,0,0,0,"6,030,272","5,992,770"
2010 春源,M資產總額,0,0,0,0,0,0,"17,318,825","17,813,238"
2012 春雨,M資產總額,0,0,0,0,0,0,"10,436,555","9,519,339"
2013 中鋼構,M資產總額,0,0,0,0,0,0,"14,456,364","15,174,378"
2014 中鴻,M資產總額,0,0,0,0,0,0,"31,376,851","30,774,292"
2015 豐興,M資產總額,0,0,0,0,0,0,0,"22,182,321"
2017 官田鋼,M資產總額,0,0,0,0,0,0,"8,064,932","8,097,241"
2020 美亞,M資產總額,0,0,0,0,0,0,"5,998,254","6,063,960"
2022 聚亨,M資產總額,0,0,0,0,0,0,"14,875,472","14,962,639"
2023 燁輝,M資產總額,0,0,0,0,0,0,"87,228,348","86,980,019"
2024 志聯,M資產總額,0,0,0,0,0,0,"2,200,165","2,224,727"
2025 千興,M資產總額,0,0,0,0,"2,389,310","2,099,194","2,198,325",0
2027 大成鋼,M資產總額,0,0,0,0,0,0,"56,902,543","58,866,359"
2028 威致,M資產總額,0,0,0,0,0,0,"6,543,773","6,491,187"
2029 盛餘,M資產總額,0,0,0,0,0,0,"10,491,763","10,376,197"
2030 彰源,M資產總額,0,0,0,0,0,0,"10,476,020","11,100,285"
2031 新光鋼,M資產總額,0,0,0,0,0,0,"13,818,238","14,960,822"
2032 新鋼,M資產總額,0,0,0,0,0,0,"2,004,545","1,983,193"
2033 佳大,M資產總額,0,0,0,0,0,0,"1,158,684","1,181,095"
2034 允強,M資產總額,0,0,0,0,0,0,0,"12,550,177"
2035 唐榮,M資產總額,0,0,0,0,0,0,"19,655,115","19,472,540"
2038 海光,M資產總額,0,0,0,0,0,0,"7,963,363","8,073,732"
2049 上銀,M資產總額,0,0,0,0,0,0,"37,573,558","40,819,445"
2059 川湖,M資產總額,0,0,0,0,0,0,0,"10,136,419"
2061 風青,M資產總額,0,0,0,0,0,0,"1,258,191","1,215,573"
2062 橋椿,M資產總額,0,0,0,0,0,0,"12,782,978","12,921,078"
2063 世鎧,M資產總額,0,0,0,0,0,0,"1,450,748","1,487,694"
2064 晉椿,M資產總額,0,0,"3,227,473",0,0,0,"3,627,163","3,613,463"
2065 世豐,M資產總額,0,0,0,0,0,0,"1,436,238","1,512,935"
2066 世德,M資產總額,0,0,"1,683,903",0,0,0,"2,109,683","2,209,564"
2067 嘉鋼,M資產總額,0,0,0,0,0,0,"1,386,115","1,424,809"
2069 運錩,M資產總額,0,0,0,0,0,0,"7,662,945","8,246,099"
2070 精湛,M資產總額,0,0,"1,361,579",0,0,0,"1,617,192","1,618,656"
2101 南港,M資產總額,0,0,0,0,0,0,"23,748,336","23,701,279"
2102 泰豐,M資產總額,0,0,0,0,0,0,"15,397,060","15,832,620"
2103 台橡,M資產總額,0,0,0,0,0,0,"28,999,341","29,211,995"
2104 國際中橡,M資產總額,"30,041,696","30,666,778","30,930,839","31,986,125","33,826,157","35,580,417","36,343,662","39,428,496"
2105 正新,M資產總額,0,0,0,0,0,0,"179,084,255","180,379,358"
2106 建大,M資產總額,0,0,0,0,"40,488,834","40,161,405","40,953,042","40,499,712"
2107 厚生,M資產總額,0,0,0,0,0,0,"14,872,533","14,325,753"
2108 南帝,M資產總額,0,0,0,0,0,0,0,"9,025,656"
2109 華豐,M資產總額,0,0,0,0,0,0,"7,315,662","7,124,300"
2114 鑫永銓,M資產總額,0,0,0,0,0,0,"2,762,981","2,880,678"
2115 六暉-KY,M資產總額,0,0,0,0,0,0,0,"3,312,864"
2201 裕隆,M資產總額,0,0,0,0,0,0,"258,416,507","266,366,997"
2204 中華,M資產總額,0,0,0,0,0,0,"63,528,926","64,655,646"
2206 三陽工業,M資產總額,0,0,0,0,0,0,"36,629,218","36,618,480"
2207 和泰車,M資產總額,0,0,0,"187,182,110","195,255,494","194,853,030","206,593,486","212,331,810"
2208 台船,M資產總額,0,0,0,"28,565,515","24,164,357","22,170,771",0,"22,758,895"
2221 大甲,M資產總額,0,0,0,0,0,0,"1,245,235","1,294,023"
2227 裕日車,M資產總額,0,0,0,0,0,0,"25,776,787","27,568,266"
2228 劍麟,M資產總額,0,0,0,0,0,0,"4,772,579","4,891,200"
2230 泰茂,M資產總額,0,0,0,0,0,0,"1,025,678","1,050,078"
2231 為升,M資產總額,0,0,0,0,0,0,"6,532,427","6,342,873"
2233 宇隆,M資產總額,0,0,0,0,0,0,"3,366,447","3,634,796"
2235 謚源,M資產總額,0,0,0,0,0,0,"1,669,861","1,659,693"
2236 百達-KY,M資產總額,0,0,0,0,0,0,"2,272,078","2,158,421"
2239 英利-KY,M資產總額,0,0,0,0,0,0,"25,386,875","26,196,604"
2243 宏旭-KY,M資產總額,0,0,0,0,0,0,"3,993,956","4,121,330"
2301 光寶科,M資產總額,0,0,0,0,0,0,"189,995,757","191,192,579"
2302 麗正,M資產總額,0,0,0,0,0,0,"1,974,706","2,006,492"
2303 聯電,M資產總額,0,0,0,0,0,0,"394,099,162","385,559,972"
2305 全友,M資產總額,0,0,0,0,0,0,"2,912,863","2,703,642"
2308 台達電,M資產總額,0,0,0,0,0,0,0,"241,926,186"
2312 金寶,M資產總額,0,0,0,0,0,0,"89,339,237","87,666,704"
2313 華通,M資產總額,0,0,0,0,0,0,"56,354,425","56,911,537"
2314 台揚,M資產總額,0,0,0,0,0,0,"5,750,222","5,746,589"
2316 楠梓電,M資產總額,0,0,0,0,0,0,"11,677,159","11,825,804"
2317 鴻海,M資產總額,0,0,0,0,0,0,"3,407,216,613","2,722,234,012"
2321 東訊,M資產總額,0,0,0,0,0,0,"2,238,039","2,196,145"
2323 中環,M資產總額,0,0,0,0,0,0,"25,925,358","25,074,622"
2324 仁寶,M資產總額,0,0,0,0,0,0,"363,356,421","343,679,059"
2327 國巨,M資產總額,0,0,"51,666,809",0,0,0,"69,697,225","76,484,803"
2328 廣宇,M資產總額,0,0,"18,735,011",0,0,0,"20,587,130","19,408,294"
2329 華泰,M資產總額,0,0,0,0,0,0,"16,711,308","16,509,921"
2330 台積電,M資產總額,0,0,0,"1,934,663,761",0,"1,841,424,382","1,991,861,643","2,049,155,806"
2331 精英,M資產總額,0,0,0,0,0,0,"21,920,719","22,887,905"
2332 友訊,M資產總額,0,0,0,0,0,"16,805,840","17,204,362","16,567,446"
2337 旺宏,M資產總額,0,0,0,0,0,0,"44,193,899","48,300,239"
2338 光罩,M資產總額,0,0,0,"3,779,979","3,884,037","3,635,458","3,110,149","3,244,817"
2340 光磊,M資產總額,0,0,0,0,0,0,"9,891,033","10,458,522"
2342 茂矽,M資產總額,0,0,"2,262,562",0,0,0,"2,659,335","2,669,563"
2344 華邦電,M資產總額,0,0,0,0,0,0,"88,116,123","88,470,718"
2345 智邦,M資產總額,0,0,0,0,0,0,"18,747,018","20,186,433"
2347 聯強,M資產總額,0,0,0,0,0,0,"138,801,268","133,032,489"
2348 海悅,M資產總額,0,0,0,0,0,0,"1,781,223","1,813,396"
2349 錸德,M資產總額,0,0,0,0,0,0,"23,487,562","22,589,069"
2351 順德,M資產總額,0,0,0,0,0,0,"10,684,994","10,688,991"
2352 佳世達,M資產總額,0,0,0,0,0,0,"108,939,416","110,337,225"
2353 宏碁,M資產總額,0,0,0,0,0,0,"157,612,771","146,804,064"
2354 鴻準,M資產總額,0,0,0,0,0,0,"215,464,427","196,253,889"
2355 敬鵬,M資產總額,0,0,0,0,0,0,"25,229,386","24,974,603"
2356 英業達,M資產總額,0,0,0,0,0,0,"208,767,827","195,295,783"
2357 華碩,M資產總額,0,0,0,0,0,0,0,"343,767,800"
2358 廷鑫,M資產總額,0,0,"1,433,088","1,435,468","1,397,963","1,640,399","1,865,281","2,202,570"
2359 所羅門,M資產總額,0,0,0,0,0,0,"5,880,385","5,760,259"
2360 致茂,M資產總額,0,0,0,0,0,0,"22,017,612","21,804,131"
2362 藍天,M資產總額,0,0,0,0,0,0,"112,467,238","109,706,078"
2363 矽統,M資產總額,0,0,0,0,0,0,"7,325,642","8,047,350"
2364 倫飛,M資產總額,0,0,0,0,0,0,"1,152,393","1,238,400"
2365 昆盈,M資產總額,0,0,0,0,0,0,"5,144,440","5,026,319"
2367 燿華,M資產總額,0,0,0,0,0,0,"22,438,719","21,755,239"
2368 金像電,M資產總額,0,0,0,0,0,0,"21,255,597","20,730,974"
2369 菱生,M資產總額,0,0,0,0,0,0,"9,330,230","9,076,611"
2371 大同,M資產總額,0,0,0,0,0,0,"244,094,529","248,390,032"
2373 震旦行,M資產總額,0,0,0,0,0,0,"16,490,552","16,091,186"
2374 佳能,M資產總額,0,0,0,0,0,0,"12,806,411","11,869,453"
2375 智寶,M資產總額,0,0,0,0,0,0,"7,380,512","8,061,929"
2376 技嘉,M資產總額,0,0,"36,224,050",0,0,0,"38,797,672","42,445,799"
2377 微星,M資產總額,0,0,0,0,0,0,"49,153,389","52,626,205"
2379 瑞昱,M資產總額,0,0,0,0,0,0,"52,310,913","51,075,844"
2380 虹光,M資產總額,0,0,0,0,0,0,"3,182,566","3,199,027"
2382 廣達,M資產總額,0,0,0,0,0,0,"613,376,095","598,467,020"
2383 台光電,M資產總額,0,0,0,0,0,0,"20,800,714","21,119,119"
2385 群光,M資產總額,0,0,0,0,0,0,"67,454,380","66,746,771"
2387 精元,M資產總額,0,0,0,0,0,0,"13,127,397","12,830,451"
2388 威盛,M資產總額,0,0,0,0,0,0,"7,987,200","8,147,363"
2390 云辰,M資產總額,0,0,0,0,0,0,"3,030,308","2,943,546"
2392 正崴,M資產總額,0,0,0,0,0,0,"68,611,757","62,774,698"
2393 億光,M資產總額,0,0,0,0,0,0,"37,174,848","37,872,178"
2395 研華,M資產總額,0,0,0,0,0,0,"40,703,769","42,324,163"
2397 友通,M資產總額,0,0,0,0,0,0,"4,152,308","4,443,996"
2399 映泰,M資產總額,0,0,0,0,0,0,"3,705,072","3,848,479"
2401 凌陽,M資產總額,0,0,0,0,0,0,"13,479,979","13,333,284"
2402 毅嘉,M資產總額,0,0,0,0,0,0,"10,275,814","9,798,356"
2404 漢唐,M資產總額,0,0,0,0,0,0,"16,625,571","18,092,356"
2405 浩鑫,M資產總額,0,0,0,0,0,0,"4,607,441","4,765,833"
2406 國碩,M資產總額,0,0,0,0,0,0,"24,406,084","24,943,439"
2408 南亞科,M資產總額,0,0,0,0,0,0,"150,779,302","158,567,638"
2409 友達,M資產總額,0,0,"429,769,251",0,0,0,0,"435,508,449"
2412 中華電,M資產總額,0,0,0,0,0,0,"451,123,122","468,093,556"
2413 環科,M資產總額,0,0,"4,213,995",0,0,0,"4,555,905","4,695,970"
2414 精技,M資產總額,0,0,0,0,0,0,"5,855,298","5,207,132"
2415 錩新,M資產總額,0,0,0,0,0,0,"4,617,334","4,555,866"
2417 圓剛,M資產總額,0,0,0,0,0,0,"4,657,789","4,560,507"
2419 仲琦,M資產總額,0,0,0,0,0,0,"7,802,625","8,058,715"
2420 新巨,M資產總額,0,0,0,0,0,0,"6,727,529","6,068,552"
2421 建準,M資產總額,0,0,0,0,0,0,0,"8,419,005"
2423 固緯,M資產總額,0,0,0,0,0,0,"3,032,095","2,973,653"
2424 隴華,M資產總額,0,0,"456,933",0,0,0,"407,014","395,059"
2425 承啟,M資產總額,0,0,0,0,0,0,"1,988,240","2,049,068"
2426 鼎元,M資產總額,0,0,0,0,0,0,"6,661,421","6,813,615"
2427 三商電,M資產總額,0,0,0,0,0,0,"4,568,506","4,286,184"
2428 興勤,M資產總額,0,0,0,0,0,0,"7,657,217","7,764,664"
2429 銘旺科,M資產總額,0,0,0,0,0,0,"997,443","927,285"
2430 燦坤,M資產總額,0,0,0,0,"9,592,381",0,"10,019,605","9,932,179"
2431 聯昌,M資產總額,0,0,"2,835,644",0,0,0,"2,370,042","2,470,965"
2433 互盛電,M資產總額,0,0,0,0,0,0,"8,364,647","8,666,174"
2434 統懋,M資產總額,0,0,0,0,0,0,"1,012,959","1,021,500"
2436 偉詮電,M資產總額,0,0,0,0,0,0,0,"4,399,849"
2438 翔耀,M資產總額,0,0,0,0,0,0,"1,048,642","1,061,376"
2439 美律,M資產總額,0,0,0,0,0,0,"26,358,737","21,174,790"
2440 太空梭,M資產總額,0,0,0,0,0,0,"2,576,645","2,521,540"
2441 超豐,M資產總額,0,0,0,0,0,0,"18,139,886","19,094,734"
2442 新美齊,M資產總額,0,0,0,"5,625,246","5,875,436","6,737,317","7,253,453","7,259,910"
2443 新利虹,M資產總額,0,0,0,0,0,0,"1,842,521","1,901,079"
2444 兆勁,M資產總額,0,0,0,0,0,0,"1,551,360","1,522,485"
2448 晶電,M資產總額,0,0,0,0,0,0,0,"66,312,709"
2449 京元電子,M資產總額,0,0,0,0,"41,738,452","41,748,060","41,158,244","42,377,195"
2450 神腦,M資產總額,0,0,0,0,0,0,0,"10,729,062"
2451 創見,M資產總額,0,0,0,0,0,0,0,"23,482,581"
2453 凌群,M資產總額,0,0,0,0,0,0,"3,618,735","3,035,284"
2454 聯發科,M資產總額,0,0,0,0,0,0,"395,166,208","413,778,834"
2455 全新,M資產總額,0,0,0,0,0,0,0,"3,479,214"
2456 奇力新,M資產總額,0,0,0,0,0,0,"22,260,612","22,874,456"
2457 飛宏,M資產總額,0,0,0,0,0,0,"10,310,876","10,424,783"
2458 義隆,M資產總額,0,0,0,0,0,0,"10,142,805","10,246,624"
2459 敦吉,M資產總額,0,0,0,0,0,0,"8,164,418","7,794,666"
2460 建通,M資產總額,0,0,0,0,0,0,"6,501,218","6,229,720"
2461 光群雷,M資產總額,0,0,0,0,0,0,"6,833,640","6,938,842"
2462 良得電,M資產總額,0,0,0,0,0,0,"5,313,808","4,985,945"
2464 盟立,M資產總額,0,0,0,0,0,0,"11,119,622","10,541,292"
2465 麗臺,M資產總額,"1,639,679","1,677,721","1,525,113","1,340,200","1,399,273","1,417,747",0,"1,217,058"
2466 冠西電,M資產總額,0,0,0,0,0,0,"4,015,902","4,064,510"
2467 志聖,M資產總額,0,0,0,0,0,0,"5,917,694","6,679,690"
2468 華經,M資產總額,0,0,"1,498,540",0,0,0,"1,562,948","1,502,460"
2471 資通,M資產總額,0,0,0,0,0,0,"1,096,380","1,033,610"
2472 立隆電,M資產總額,0,0,0,0,0,0,"9,538,740","9,866,858"
2474 可成,M資產總額,0,0,0,0,0,0,"213,863,962","215,905,989"
2476 鉅祥,M資產總額,0,0,0,0,0,0,"7,363,696","7,543,146"
2477 美隆電,M資產總額,0,0,0,0,0,0,"5,591,023","5,539,226"
2478 大毅,M資產總額,0,0,0,0,0,0,0,"7,126,148"
2480 敦陽科,M資產總額,0,0,0,0,0,0,"4,310,512","4,401,527"
2481 強茂,M資產總額,0,0,0,0,0,0,"19,738,442","21,179,981"
2482 連宇,M資產總額,0,0,"1,144,958",0,0,0,"1,090,033","1,116,222"
2483 百容,M資產總額,0,0,0,0,0,0,"4,083,007","4,011,949"
2484 希華,M資產總額,0,0,0,0,0,0,"4,118,538","4,206,618"
2485 兆赫,M資產總額,0,0,0,0,0,0,"8,417,645","8,494,209"
2486 一詮,M資產總額,0,0,0,0,0,0,"7,027,775","7,053,361"
2488 漢平,M資產總額,0,0,0,0,0,0,"3,695,160","3,814,904"
2489 瑞軒,M資產總額,0,0,0,0,0,0,"17,375,174","17,193,277"
2491 吉祥全,M資產總額,0,0,0,0,0,0,"2,116,323","2,093,629"
2492 華新科,M資產總額,0,0,0,0,0,0,"35,050,508","38,272,407"
2493 揚博,M資產總額,0,0,0,0,0,0,"3,246,184","3,212,752"
2495 普安,M資產總額,0,0,0,0,0,0,"4,792,528","4,740,709"
2496 卓越,M資產總額,0,0,"826,139","1,315,196","1,353,683","1,139,762","1,260,073","1,192,727"
2497 怡利電,M資產總額,0,0,"3,034,012",0,0,0,"3,094,961","3,026,603"
2498 宏達電,M資產總額,0,0,"103,149,182",0,0,0,"66,585,406","83,071,450"
2499 東貝,M資產總額,0,0,0,0,0,0,"14,895,123","14,478,136"
2501 國建,M資產總額,0,0,0,0,0,0,"53,761,188","54,643,297"
2504 國產,M資產總額,0,0,0,0,0,0,"34,706,302","35,329,332"
2505 國揚,M資產總額,0,0,0,0,0,0,"15,660,564","15,632,877"
2506 太設,M資產總額,0,0,0,0,0,0,"14,432,826","15,736,121"
2509 全坤建,M資產總額,0,0,0,0,0,0,"7,989,832","7,649,004"
2511 太子,M資產總額,0,0,0,0,0,0,"50,275,125","50,112,518"
2514 龍邦,M資產總額,0,0,0,0,0,0,"13,526,489","13,027,520"
2515 中工,M資產總額,0,0,0,0,0,0,"38,029,290","39,043,719"
2516 新建,M資產總額,0,0,0,0,0,0,"9,086,683","8,784,131"
2520 冠德,M資產總額,0,0,0,0,0,0,"50,105,551","49,637,719"
2524 京城,M資產總額,0,0,0,0,0,0,"32,671,926","32,394,474"
2527 宏璟,M資產總額,0,0,0,0,0,0,"21,624,194","23,666,070"
2528 皇普,M資產總額,0,0,0,0,0,0,"1,785,321","2,775,393"
2530 華建,M資產總額,0,0,0,0,0,0,"5,739,244","5,632,321"
2534 宏盛,M資產總額,0,0,"29,778,628",0,0,0,"32,028,010","31,527,311"
2535 達欣工,M資產總額,0,0,0,0,0,0,"16,369,436","17,372,309"
2536 宏普,M資產總額,0,0,"17,255,234",0,0,0,"17,779,233","17,828,366"
2537 聯上發,M資產總額,0,0,0,0,0,0,"7,682,240","7,497,360"
2538 基泰,M資產總額,0,0,0,0,0,0,"18,718,245","18,858,711"
2539 櫻花建,M資產總額,0,0,0,0,0,0,"11,108,539","12,280,132"
2540 愛山林,M資產總額,0,0,0,0,0,0,"10,727,671","10,775,366"
2542 興富發,M資產總額,0,0,0,0,0,0,"124,105,870","121,018,293"
2543 皇昌,M資產總額,0,0,0,0,0,0,"4,850,227","4,912,768"
2545 皇翔,M資產總額,0,0,0,0,0,0,"39,940,585","40,086,942"
2546 根基,M資產總額,0,0,0,0,0,0,"6,600,224","6,573,662"
2547 日勝生,M資產總額,0,0,0,0,0,0,"74,112,505","73,126,628"
2548 華固,M資產總額,0,0,0,0,0,0,0,"35,642,715"
2596 綠意,M資產總額,0,0,0,0,0,0,"2,854,117","3,042,739"
2597 潤弘,M資產總額,0,0,0,0,0,0,"9,341,683","9,691,210"
2601 益航,M資產總額,0,0,0,0,"31,318,141",0,"35,018,731","33,204,837"
2603 長榮,M資產總額,0,0,0,0,0,0,"200,079,897","196,599,357"
2605 新興,M資產總額,0,0,0,0,0,0,"23,901,694","24,255,573"
2606 裕民,M資產總額,0,0,0,0,0,0,"53,896,205","60,143,810"
2607 榮運,M資產總額,0,0,0,0,0,0,"33,092,511","32,722,643"
2608 嘉里大榮,M資產總額,0,0,0,0,0,0,"14,093,033","14,199,283"
2609 陽明,M資產總額,0,0,0,0,0,0,"132,876,410","130,907,506"
2610 華航,M資產總額,0,0,0,0,0,0,"225,899,632","228,682,376"
2611 志信,M資產總額,0,0,0,0,0,0,"4,383,708","4,416,065"
2612 中航,M資產總額,0,0,"21,471,023",0,0,0,"20,079,052","19,603,836"
2613 中櫃,M資產總額,0,0,0,0,0,0,"6,297,456","6,269,632"
2614 東森,M資產總額,0,0,0,0,0,0,"15,102,836","13,545,749"
2615 萬海,M資產總額,0,0,"76,320,072",0,0,0,"76,513,804","72,753,059"
2616 山隆,M資產總額,0,0,0,0,0,0,"7,169,503","7,115,759"
2617 台航,M資產總額,0,0,0,0,0,0,"15,417,716","14,843,835"
2618 長榮航,M資產總額,0,0,0,0,0,0,"228,207,228","234,639,269"
2630 亞航,M資產總額,0,0,0,0,0,0,0,"2,404,182"
2633 台灣高鐵,M資產總額,0,0,0,0,0,0,0,"440,516,961"
2634 漢翔,M資產總額,0,0,0,0,0,0,"33,752,881","34,400,991"
2636 台驊投控,M資產總額,0,0,0,0,0,0,"5,177,551","5,099,693"
2637 慧洋-KY,M資產總額,0,0,0,0,0,0,0,"84,271,340"
2640 大車隊,M資產總額,0,0,0,0,0,0,"2,318,327","2,343,888"
2641 正德,M資產總額,0,0,0,0,0,0,"4,252,559","4,133,407"
2642 宅配通,M資產總額,0,0,0,0,0,0,0,"2,469,738"
2643 捷迅,M資產總額,0,0,0,0,0,0,"1,106,085","1,049,236"
2701 萬企,M資產總額,0,0,0,0,0,0,"8,126,179","8,211,434"
2702 華園,M資產總額,0,0,0,0,0,0,"5,306,307","5,855,876"
2704 國賓,M資產總額,0,0,0,0,0,0,"11,255,171","11,407,723"
2705 六福,M資產總額,0,0,0,0,0,0,"9,364,429",0
2706 第一店,M資產總額,0,0,0,0,0,0,"9,566,055","9,841,796"
2707 晶華,M資產總額,0,0,0,0,0,0,"7,382,316","7,391,001"
2712 遠雄來,M資產總額,0,0,0,0,0,0,"1,474,635","1,463,066"
2718 晶悅,M資產總額,0,0,0,0,0,0,"755,327","748,229"
2719 燦星旅,M資產總額,"983,852","846,969","846,585","821,101","841,473","770,213","707,815","804,422"
2722 夏都,M資產總額,0,0,0,0,0,0,"2,106,584","2,224,424"
2723 美食-KY,M資產總額,0,0,0,0,0,0,"15,807,745","16,487,134"
2724 富驛-KY,M資產總額,0,0,0,0,0,0,"1,138,158","1,079,274"
2726 雅茗-KY,M資產總額,0,0,0,0,0,0,"1,509,958","1,421,656"
2727 王品,M資產總額,0,0,0,0,0,0,0,"9,596,905"
2729 瓦城,M資產總額,0,0,0,0,0,0,"2,406,537","2,482,571"
2731 雄獅,M資產總額,0,0,0,0,0,0,"6,549,233","7,045,132"
2732 六角,M資產總額,0,0,0,0,0,0,"2,118,251","2,465,719"
2734 易飛網,M資產總額,0,0,0,"993,477","909,298","780,035","691,486","726,475"
2736 高野,M資產總額,0,0,"2,167,776",0,0,0,"2,267,953","2,225,625"
2739 寒舍,M資產總額,0,0,"3,613,278",0,0,0,"3,573,065","3,334,954"
2740 天蔥,M資產總額,"455,761","405,079","401,125","380,418","387,096","376,671","322,231","274,225"
2745 五福,M資產總額,0,0,0,0,0,0,"1,444,616",0
2748 雲品,M資產總額,0,0,0,0,0,0,"1,861,741","1,841,610"
2752 豆府,M資產總額,0,0,"327,368",0,"271,855",0,"412,399","390,043"
2801 彰銀,M資產總額,0,0,"2,005,151,504",0,0,0,"2,036,258,400","2,066,450,116"
2809 京城銀,M資產總額,0,0,"244,083,962",0,"249,213,839",0,"271,176,261","274,781,382"
2812 台中銀,M資產總額,0,0,"627,102,701",0,0,0,"663,024,083","663,905,212"
2816 旺旺保,M資產總額,0,0,0,0,0,0,"16,288,503","16,973,078"
2820 華票,M資產總額,0,0,0,0,0,0,"220,412,404","210,345,378"
2823 中壽,M資產總額,0,0,"1,323,711,458",0,0,0,"1,465,734,184","1,509,847,427"
2832 台產,M資產總額,0,0,"17,649,615",0,0,0,"17,971,620","18,264,535"
2834 臺企銀,M資產總額,0,0,"1,498,728,982",0,0,0,"1,584,093,971","1,613,749,504"
2836 高雄銀,M資產總額,0,0,"256,174,320",0,0,0,"263,364,185","266,971,811"
2838 聯邦銀,M資產總額,0,0,"532,706,570",0,0,0,"565,616,287","579,988,713"
2841 台開,M資產總額,0,0,0,0,0,0,"35,188,903","34,836,348"
2845 遠東銀,M資產總額,0,0,"561,415,283",0,0,0,"575,424,280","597,100,704"
2849 安泰銀,M資產總額,0,0,"304,636,779",0,0,0,"306,770,619","309,149,446"
2850 新產,M資產總額,0,0,0,0,0,0,"32,050,676","32,107,156"
2851 中再保,M資產總額,0,0,0,0,0,0,"36,510,421","37,165,553"
2852 第一保,M資產總額,0,0,0,0,0,0,"14,989,569","15,361,876"
2855 統一證,M資產總額,"81,241,664","90,239,793","86,056,196","90,106,667","85,900,899","90,539,904","86,311,694","86,340,106"
2867 三商壽,M資產總額,0,0,"948,966,235",0,0,0,"1,052,905,746","1,080,906,376"
2880 華南金,M資產總額,0,0,"2,545,941,962",0,0,0,"2,573,419,750","2,599,543,934"
2881 富邦金,M資產總額,0,0,0,0,0,0,"6,919,453,986","6,968,735,911"
2882 國泰金,M資產總額,"7,807,698,083","7,940,728,399","8,135,137,467",0,0,0,"8,841,510,289","8,961,965,634"
2883 開發金,M資產總額,0,0,"892,197,509",0,0,0,"2,392,524,390","2,533,817,783"
2884 玉山金,M資產總額,0,0,0,0,0,0,"2,074,388,287","2,121,859,596"
2885 元大金,M資產總額,0,0,0,0,0,0,"2,273,645,210","2,294,918,575"
2886 兆豐金,M資產總額,0,0,"3,319,791,416",0,0,0,"3,547,292,507","3,491,180,675"
2887 台新金,M資產總額,0,0,0,0,0,0,"1,677,520,316","1,735,395,109"
2888 新光金,M資產總額,0,0,0,0,"3,262,829,900","3,327,796,701","3,384,388,449","3,439,944,644"
2889 國票金,M資產總額,0,0,0,0,0,0,"269,872,731","251,630,144"
2890 永豐金,M資產總額,0,0,0,0,0,0,"1,599,160,883","1,623,992,847"
2891 中信金,M資產總額,"4,755,339,067","4,848,189,304","4,839,251,254",0,0,0,"5,340,733,544","5,433,854,551"
2892 第一金,M資產總額,0,0,"2,541,156,335",0,0,0,"2,634,058,605","2,655,474,277"
2897 王道銀行,M資產總額,0,0,"496,884,750",0,0,0,"540,572,021","548,174,069"
2901 欣欣,M資產總額,0,0,0,0,0,0,"997,463","997,650"
2903 遠百,M資產總額,0,0,0,0,0,0,"105,708,451","96,613,154"
2904 匯僑,M資產總額,0,0,0,0,0,0,"1,202,982","1,281,458"
2905 三商,M資產總額,"910,775,108","934,313,615","968,788,927","986,684,708","1,013,917,310","1,049,193,804","1,072,475,267","1,100,365,765"
2906 高林,M資產總額,0,0,"8,093,377",0,0,0,"7,330,848","6,958,679"
2908 特力,M資產總額,0,0,0,0,0,0,"22,872,278","25,931,522"
2910 統領,M資產總額,0,0,0,0,0,0,"5,777,688","5,935,423"
2911 麗嬰房,M資產總額,0,0,0,0,0,0,"6,439,430","6,279,567"
2912 統一超,M資產總額,0,0,0,0,0,0,0,"136,174,251"
2913 農林,M資產總額,0,0,0,0,0,0,0,0
2915 潤泰全,M資產總額,0,0,0,0,0,0,"80,595,209","92,387,114"
2916 滿心,M資產總額,0,0,0,0,0,0,0,"1,186,269"
2923 鼎固-KY,M資產總額,0,0,0,0,0,0,"116,108,268","121,050,635"
2924 東凌-KY,M資產總額,0,0,0,0,0,0,"1,086,151","977,717"
2926 誠品生活,M資產總額,0,0,0,0,0,0,"5,004,846","4,494,820"
2928 紅馬-KY,M資產總額,0,0,0,0,0,0,"3,214,768","2,864,204"
2929 淘帝-KY,M資產總額,0,0,0,0,0,0,"7,305,863","7,161,863"
2936 客思達-KY,M資產總額,0,0,0,0,0,0,"5,430,857","4,782,105"
2937 集雅社,M資產總額,0,0,0,0,0,0,"1,165,536","905,888"
2939 凱羿-KY,M資產總額,0,0,0,0,0,0,"2,042,390","2,869,260"
3002 歐格,M資產總額,0,0,0,0,0,0,"1,872,495","1,828,699"
3003 健和興,M資產總額,0,0,0,0,0,0,"6,128,570","6,221,404"
3004 豐達科,M資產總額,0,0,0,0,0,0,"3,929,681","4,101,310"
3005 神基,M資產總額,0,0,0,0,0,0,"25,783,055","25,939,225"
3006 晶豪科,M資產總額,0,0,0,0,0,0,"9,616,915","10,179,725"
3008 大立光,M資產總額,0,0,"97,074,460",0,0,0,"115,901,233","120,261,248"
3010 華立,M資產總額,0,0,0,0,0,0,"27,332,427","28,113,165"
3011 今皓,M資產總額,0,0,0,0,0,0,"1,793,682","1,777,918"
3013 晟銘電,M資產總額,0,0,0,0,0,0,"4,540,382","4,373,840"
3014 聯陽,M資產總額,0,0,0,0,0,0,0,"4,933,292"
3015 全漢,M資產總額,0,0,0,0,0,0,"13,963,621","13,754,271"
3016 嘉晶,M資產總額,0,0,0,0,0,0,"4,801,150","5,111,125"
3017 奇鋐,M資產總額,0,0,0,0,0,0,"28,214,076","27,633,544"
3018 同開,M資產總額,0,0,0,0,0,0,"1,676,649","1,730,528"
3019 亞光,M資產總額,0,0,0,0,0,0,"20,288,854","20,001,355"
3021 鴻名,M資產總額,0,0,0,0,0,0,"2,044,848","2,091,168"
3022 威強電,M資產總額,0,0,0,0,0,0,"11,358,034","11,340,591"
3023 信邦,M資產總額,0,0,0,0,0,0,"12,519,477","12,533,189"
3024 憶聲,M資產總額,0,0,0,0,0,0,"4,024,957","4,126,953"
3025 星通,M資產總額,0,0,0,0,0,0,"954,469","939,091"
3026 禾伸堂,M資產總額,0,0,0,0,0,0,0,"12,269,508"
3027 盛達,M資產總額,0,0,"2,551,449",0,0,0,"2,133,019","2,072,765"
3028 增你強,M資產總額,0,0,0,0,0,0,"15,007,983","15,242,260"
3029 零壹,M資產總額,0,0,0,0,0,0,0,"3,502,052"
3030 德律,M資產總額,0,0,0,0,0,0,"6,061,900","6,387,497"
3031 佰鴻,M資產總額,0,0,"3,739,899",0,0,0,"3,512,269","3,681,532"
3032 偉訓,M資產總額,0,0,0,0,0,0,"7,603,212","7,551,554"
3033 威健,M資產總額,0,0,0,0,0,0,"21,101,807","22,138,254"
3034 聯詠,M資產總額,0,0,0,0,0,0,"40,875,298","41,105,202"
3035 智原,M資產總額,0,0,0,0,0,0,"6,936,101","7,006,577"
3036 文曄,M資產總額,0,0,0,0,0,0,"75,166,148","77,498,719"
3037 欣興,M資產總額,0,0,0,0,0,0,"104,235,761","101,777,216"
3038 全台,M資產總額,0,0,0,0,0,0,"3,535,123","3,389,887"
3040 遠見,M資產總額,0,0,0,0,0,0,"2,062,675","2,077,717"
3041 揚智,M資產總額,0,0,0,0,0,0,"5,230,693","5,192,645"
3042 晶技,M資產總額,0,0,"14,841,968",0,0,0,"13,402,799","12,885,610"
3043 科風,M資產總額,0,0,0,0,0,0,"1,221,991","1,164,905"
3044 健鼎,M資產總額,0,0,0,0,0,0,0,"66,916,623"
3045 台灣大,M資產總額,0,0,0,0,0,0,0,"155,265,611"
3046 建碁,M資產總額,0,0,0,0,0,0,"1,540,133","1,201,666"
3047 訊舟,M資產總額,0,0,0,0,0,0,"6,447,578","6,346,883"
3048 益登,M資產總額,0,0,0,0,0,0,0,"15,957,632"
3049 和鑫,M資產總額,0,0,0,0,0,0,"17,543,956","16,761,395"
3050 鈺德,M資產總額,0,0,0,0,0,0,"2,979,910","2,874,131"
3051 力特,M資產總額,0,0,0,0,0,0,"9,148,117","8,931,607"
3052 夆典,M資產總額,0,0,0,0,0,0,"9,154,587","8,768,555"
3054 立萬利,M資產總額,0,0,0,0,0,0,0,"1,466,930"
3055 蔚華科,M資產總額,0,0,0,0,0,0,"3,672,742","3,709,548"
3056 總太,M資產總額,0,0,0,0,0,0,"10,479,683","9,636,891"
3057 喬鼎,M資產總額,0,0,0,0,0,0,"2,242,615","2,191,072"
3058 立德,M資產總額,0,0,0,0,0,0,"4,996,304","4,937,071"
3059 華晶科,M資產總額,0,0,0,0,0,0,0,"15,065,203"
3060 銘異,M資產總額,0,0,0,0,0,0,"7,219,069","7,022,616"
3062 建漢,M資產總額,0,0,0,0,0,0,"7,981,169","8,254,109"
3064 泰偉,M資產總額,0,0,0,0,0,0,"640,065","577,409"
3066 李洲,M資產總額,0,0,0,0,0,0,"1,263,131","1,288,005"
3067 全域,M資產總額,0,0,0,0,0,0,"297,229","290,723"
3071 協禧,M資產總額,0,0,0,0,0,0,"2,472,975","2,690,743"
3073 凱柏實業,M資產總額,"582,928","540,354","534,084","519,353","537,738","519,502","526,129","499,390"
3078 僑威,M資產總額,0,0,0,0,0,0,"7,327,007","7,453,343"
3081 聯亞,M資產總額,0,0,0,0,0,0,0,"4,326,858"
3083 網龍,M資產總額,0,0,0,0,0,0,"1,236,938","1,232,334"
3085 新零售,M資產總額,0,0,0,0,0,0,"1,210,906","1,236,520"
3086 華義,M資產總額,0,0,0,0,0,0,"498,383","460,361"
3088 艾訊,M資產總額,0,0,0,0,0,0,0,"3,882,858"
3089 元炬,M資產總額,0,0,0,0,0,0,"759,196","851,262"
3090 日電貿,M資產總額,0,0,0,0,0,0,"7,269,829","7,357,103"
3092 鴻碩,M資產總額,0,0,0,0,0,0,"3,024,855","3,249,676"
3093 港建,M資產總額,0,0,0,0,0,0,"1,073,862","1,011,713"
3094 聯傑,M資產總額,0,0,0,0,0,0,0,"1,253,944"
3095 及成,M資產總額,0,0,0,0,0,0,"1,239,884","1,047,298"
3105 穩懋,M資產總額,0,0,0,0,0,0,"37,027,452","35,126,494"
3114 好德,M資產總額,0,0,0,0,0,0,"1,675,670","1,808,107"
3115 寶島極,M資產總額,0,0,0,0,0,0,"630,654","587,306"
3118 進階,M資產總額,0,0,0,0,0,0,"732,309","694,641"
3122 笙泉,M資產總額,0,0,0,0,0,0,0,"554,003"
3128 昇銳,M資產總額,0,0,0,0,0,0,"902,357","921,971"
3130 一零四,M資產總額,0,0,0,0,0,0,"2,342,299","2,371,227"
3131 弘塑,M資產總額,0,0,0,0,0,0,"4,197,925","4,213,840"
3141 晶宏,M資產總額,0,0,0,0,0,0,"1,265,116","1,247,665"
3144 新揚科,M資產總額,0,0,0,0,0,0,"2,916,898","2,993,008"
3147 大綜,M資產總額,0,0,0,0,0,0,"1,036,589","1,197,135"
3149 正達,M資產總額,0,0,0,0,0,0,"5,366,544","4,922,856"
3152 璟德,M資產總額,0,0,0,0,0,0,0,"3,949,685"
3162 精確,M資產總額,0,0,0,0,0,0,"830,586","733,519"
3163 波若威,M資產總額,0,0,0,0,0,0,"2,263,646","2,301,260"
3164 景岳,M資產總額,0,0,0,0,0,0,"1,500,197",0
3167 大量,M資產總額,0,0,0,0,0,0,0,"4,886,609"
3169 亞信,M資產總額,0,0,0,0,0,0,"900,927","919,460"
3171 新洲,M資產總額,0,0,0,0,0,0,"1,552,199","1,508,549"
3176 基亞,M資產總額,0,0,0,0,0,0,"4,846,307","4,656,059"
3178 公準,M資產總額,0,0,0,0,0,0,"1,644,765","1,684,389"
3188 鑫龍騰,M資產總額,0,0,0,0,0,0,"1,907,574","3,308,574"
3189 景碩,M資產總額,0,0,0,0,0,0,0,"41,844,040"
3191 和進,M資產總額,"698,146","517,759","468,896","433,368","439,243","455,928","421,429","397,132"
3202 樺晟,M資產總額,0,0,0,0,0,0,"2,604,852","2,569,943"
3205 佰研,M資產總額,0,0,0,0,0,0,"1,062,623","993,379"
3206 志豐,M資產總額,0,0,0,0,0,0,"1,632,245","1,424,983"
3207 耀勝,M資產總額,0,0,0,0,0,0,"600,453","553,941"
3209 全科,M資產總額,0,0,0,0,0,0,"10,961,609","10,820,764"
3211 順達,M資產總額,0,0,0,0,0,0,"15,796,981","14,728,149"
3213 茂訊,M資產總額,0,0,"1,807,054","1,919,719","2,055,553","1,916,435","1,994,693","1,969,940"
3217 優群,M資產總額,0,0,0,0,0,0,"2,270,022","2,196,612"
3218 大學光,M資產總額,0,0,0,0,0,0,"2,004,293","2,023,170"
3219 倚強股份,M資產總額,0,0,0,0,0,0,"194,121","211,151"
3221 台嘉碩,M資產總額,0,0,0,0,0,0,"2,407,314","2,469,706"
3224 三顧,M資產總額,0,0,0,0,0,0,"779,696","1,276,176"
3226 至寶電,M資產總額,0,0,0,0,0,0,"1,347,540","1,323,223"
3227 原相,M資產總額,0,0,0,0,0,0,"7,223,274","7,755,618"
3228 金麗科,M資產總額,0,0,0,0,0,0,0,"556,023"
3229 晟鈦,M資產總額,0,0,0,0,0,0,"1,086,490","1,067,744"
3230 錦明,M資產總額,0,0,0,0,0,0,"1,478,469","1,407,199"
3231 緯創,M資產總額,0,0,0,0,0,0,"326,653,382","309,052,332"
3232 昱捷,M資產總額,0,0,0,0,0,0,"868,330","768,818"
3234 光環,M資產總額,0,0,0,0,0,0,"3,337,627","3,310,471"
3236 千如,M資產總額,0,0,0,0,0,0,"2,300,068","2,414,642"
3252 海灣,M資產總額,0,0,0,0,0,0,"3,948,534","3,932,171"
3257 虹冠電,M資產總額,0,0,0,0,0,0,0,"1,786,912"
3259 鑫創,M資產總額,0,0,0,0,0,0,"656,364","628,570"
3260 威剛,M資產總額,0,0,0,0,0,0,"27,249,948","28,094,256"
3264 欣銓,M資產總額,0,0,0,0,0,0,0,"16,476,609"
3265 台星科,M資產總額,0,0,0,0,0,0,0,"5,932,825"
3266 昇陽,M資產總額,0,0,0,0,0,0,"9,738,457","9,925,083"
3268 海德威,M資產總額,0,0,0,0,0,0,"951,018","986,608"
3272 東碩,M資產總額,0,0,0,0,0,0,"3,281,409","3,758,627"
3276 宇環,M資產總額,0,0,0,0,0,0,"1,986,704","2,018,898"
3284 太普高,M資產總額,0,0,0,0,0,0,"1,115,857","1,164,368"
3285 微端,M資產總額,0,0,0,0,0,0,"999,629","1,016,791"
3287 廣寰科,M資產總額,0,0,0,0,0,0,"508,458","494,701"
3288 點晶,M資產總額,0,0,0,0,0,0,"261,057","234,771"
3289 宜特,M資產總額,0,0,0,0,0,0,"9,000,773","8,813,253"
3290 東浦,M資產總額,0,0,0,0,0,0,"3,242,466","2,818,683"
3293 鈊象,M資產總額,0,0,0,0,0,0,"4,492,278","4,691,855"
3294 英濟,M資產總額,0,0,0,0,0,0,"4,799,055","4,644,503"
3296 勝德,M資產總額,0,0,0,0,0,0,"2,269,041","2,122,930"
3297 杭特,M資產總額,0,0,0,0,0,0,"917,954","928,350"
3303 岱稜,M資產總額,0,0,0,0,0,0,0,"2,961,382"
3305 昇貿,M資產總額,0,0,0,0,0,0,"6,641,225","6,674,971"
3306 鼎天,M資產總額,0,0,0,0,0,0,"1,607,869","1,544,411"
3308 聯德,M資產總額,0,0,0,0,0,0,"2,284,319","2,154,129"
3310 佳穎,M資產總額,0,0,0,0,0,0,"4,877,874","4,001,857"
3311 閎暉,M資產總額,0,0,0,0,0,0,0,"4,650,189"
3312 弘憶股,M資產總額,0,0,0,0,0,0,"3,245,745","3,176,315"
3313 斐成,M資產總額,0,0,0,0,0,0,"1,006,343","978,203"
3317 尼克森,M資產總額,0,0,0,0,0,0,"2,314,099","2,155,463"
3321 同泰,M資產總額,0,0,0,0,0,0,"3,769,606","3,916,560"
3322 建舜電,M資產總額,0,0,0,0,0,0,"2,111,371","2,056,805"
3323 加百裕,M資產總額,0,0,0,0,0,0,"4,702,494","4,638,779"
3324 雙鴻,M資產總額,0,0,0,0,0,0,"5,158,962","5,155,751"
3325 旭品,M資產總額,0,0,0,0,0,0,"1,497,809","1,508,008"
3332 幸康,M資產總額,0,0,0,0,0,0,"1,662,946","1,642,769"
3338 泰碩,M資產總額,0,0,0,"2,334,425","2,434,726",0,"2,569,074","2,480,475"
3339 泰谷,M資產總額,0,0,0,0,0,0,"1,420,343","1,390,943"
3346 麗清,M資產總額,0,0,0,0,0,0,"4,338,554","4,457,182"
3354 律勝,M資產總額,0,0,0,0,0,0,"1,553,797","1,555,326"
3356 奇偶,M資產總額,0,0,0,0,0,0,"2,507,896","2,527,108"
3360 尚立,M資產總額,0,0,0,0,0,0,"2,285,493","3,094,287"
3362 先進光,M資產總額,0,0,0,0,0,0,"2,253,338","2,285,837"
3363 上詮,M資產總額,0,0,0,0,0,0,"1,634,249","1,668,752"
3372 典範,M資產總額,"3,735,176","3,689,277","3,663,562","3,408,772","3,330,263","2,812,684","2,736,849","2,627,573"
3373 熱映,M資產總額,0,0,0,0,0,0,"804,858","811,413"
3374 精材,M資產總額,0,0,0,0,0,0,0,"7,570,798"
3376 新日興,M資產總額,0,0,0,0,0,0,"16,183,963","16,321,377"
3379 彬台,M資產總額,0,0,0,0,0,0,"859,894","891,495"
3380 明泰,M資產總額,0,0,0,0,0,0,"13,724,615","15,393,072"
3383 新世紀,M資產總額,0,0,0,0,0,0,"4,604,298","3,988,885"
3388 崇越電,M資產總額,0,0,0,0,0,0,"4,649,175","4,783,966"
3390 旭軟,M資產總額,0,0,0,0,0,0,"1,743,083","1,827,448"
3402 漢科,M資產總額,0,0,0,0,0,0,"3,152,301","3,200,665"
3406 玉晶光,M資產總額,0,0,0,0,0,0,"12,400,712","12,215,125"
3413 京鼎,M資產總額,0,0,0,0,0,0,0,"8,108,854"
3416 融程電,M資產總額,0,0,0,0,0,0,0,"2,405,575"
3419 譁裕,M資產總額,0,0,0,0,0,0,"2,211,001","2,266,379"
3426 台興,M資產總額,0,0,0,0,0,0,"869,393","891,569"
3432 台端,M資產總額,0,0,0,0,0,0,"1,553,978","1,539,262"
3434 哲固,M資產總額,0,0,"459,423",0,0,0,"546,788","531,157"
3437 榮創,M資產總額,0,0,0,0,0,0,"5,754,768","5,302,646"
3438 類比科,M資產總額,0,0,0,0,0,0,"1,891,604","1,868,949"
3441 聯一光,M資產總額,0,0,0,0,0,0,"1,032,302","999,709"
3443 創意,M資產總額,0,0,0,0,0,"7,605,751","8,295,496","8,863,077"
3444 利機,M資產總額,0,0,0,0,0,0,"859,497","815,469"
3450 聯鈞,M資產總額,0,0,0,0,0,0,"7,656,692","8,179,842"
3452 益通,M資產總額,0,0,0,0,0,0,"3,947,465","3,462,350"
3454 晶睿,M資產總額,0,0,"3,945,748",0,0,0,"4,328,118","4,118,955"
3455 由田,M資產總額,0,0,0,0,0,0,"3,627,569","3,877,928"
3465 進泰電子,M資產總額,0,0,0,0,0,0,"42,851","39,714"
3466 致振,M資產總額,0,0,0,0,0,0,"2,016,191","2,004,405"
3479 安勤,M資產總額,0,0,0,0,0,0,"3,339,218","3,663,002"
3481 群創,M資產總額,0,0,0,0,0,0,"414,858,758","402,987,891"
3483 力致,M資產總額,0,0,0,0,0,0,"4,033,882","3,821,775"
3484 崧騰,M資產總額,0,0,0,0,0,0,"3,628,472","3,432,875"
3489 森寶,M資產總額,0,0,0,0,0,0,"3,532,261","3,678,611"
3490 單井,M資產總額,0,0,0,0,0,0,"1,805,677","1,833,586"
3491 昇達科,M資產總額,0,0,0,0,0,0,"2,544,677","2,898,560"
3492 長盛,M資產總額,0,0,0,0,0,0,"967,855","916,284"
3494 誠研,M資產總額,0,0,0,0,0,0,"4,120,705","3,976,487"
3498 陽程,M資產總額,0,0,0,0,0,0,"4,185,908","4,296,726"
3499 環天科,M資產總額,0,0,0,0,0,0,"1,022,138","1,083,106"
3501 維熹,M資產總額,0,0,0,0,0,0,"8,302,640","8,185,885"
3504 揚明光,M資產總額,0,0,0,0,0,0,0,"5,536,085"
3508 位速,M資產總額,0,0,0,0,0,0,"3,160,238","3,094,318"
3511 矽瑪,M資產總額,0,0,0,0,0,0,"881,224","883,998"
3512 皇龍,M資產總額,0,0,0,0,0,0,"2,176,476","2,051,444"
3515 華擎,M資產總額,0,0,0,0,0,0,"8,967,203","9,302,705"
3516 亞帝歐,M資產總額,0,0,0,0,0,0,"1,703,082","1,700,599"
3518 柏騰,M資產總額,0,0,0,0,0,0,"2,556,932","2,479,246"
3520 振維,M資產總額,0,0,0,0,0,0,"736,335","644,965"
3521 鴻翊,M資產總額,0,0,0,0,0,0,"1,411,223","1,626,504"
3522 御頂,M資產總額,0,0,0,0,0,0,"2,573,854","2,329,317"
3523 迎輝,M資產總額,0,0,0,0,0,0,"1,130,814","1,087,313"
3526 凡甲,M資產總額,0,0,0,0,0,0,0,"2,512,680"
3527 聚積,M資產總額,0,0,0,0,0,0,"2,582,218","2,713,156"
3528 安馳,M資產總額,0,0,0,0,0,0,"2,756,342","2,888,850"
3529 力旺,M資產總額,0,0,0,0,0,0,"2,401,070","2,602,176"
3530 晶相光,M資產總額,0,0,0,0,0,0,"1,270,380","1,267,449"
3531 先益,M資產總額,0,0,0,0,0,0,"2,575,334","2,507,067"
3532 台勝科,M資產總額,0,0,0,0,0,0,"24,234,967","24,854,929"
3533 嘉澤,M資產總額,0,0,0,0,0,0,"11,753,258","12,015,639"
3535 晶彩科,M資產總額,0,0,0,0,0,0,"2,075,302","2,194,887"
3536 誠創,M資產總額,0,0,0,0,0,0,"1,705,749","1,944,061"
3537 堡達,M資產總額,0,0,0,0,0,0,"1,411,700","1,316,928"
3540 曜越,M資產總額,0,0,0,0,0,0,"2,824,833","2,834,627"
3541 西柏,M資產總額,0,0,0,0,0,0,"1,843,299","1,811,274"
3545 敦泰,M資產總額,0,0,0,0,0,0,"13,544,068","13,627,736"
3546 宇峻,M資產總額,0,0,0,0,0,0,"1,354,347","1,428,269"
3548 兆利,M資產總額,0,0,0,0,0,0,"5,934,012","5,842,645"
3550 聯穎,M資產總額,0,0,0,0,0,0,"3,783,975","3,769,681"
3551 世禾,M資產總額,0,0,0,0,0,0,"3,651,256","3,626,331"
3552 同致,M資產總額,0,0,0,0,0,0,"9,588,464","9,302,711"
3555 重鵬,M資產總額,0,0,0,0,0,0,0,"468,485"
3556 禾瑞亞,M資產總額,0,0,0,0,0,0,"1,457,826","1,477,564"
3557 嘉威,M資產總額,0,0,0,0,0,0,"621,093","649,990"
3558 神準,M資產總額,0,0,0,0,0,0,0,"6,617,914"
3562 頂晶科,M資產總額,0,0,0,0,0,0,"559,846","575,076"
3563 牧德,M資產總額,0,0,0,0,0,0,0,"2,313,621"
3564 其陽,M資產總額,0,0,0,0,0,0,"1,166,462","1,074,496"
3567 逸昌,M資產總額,0,0,0,"643,175","666,906","626,306","676,367","673,241"
3570 大塚,M資產總額,0,0,0,0,0,0,"632,318","623,897"
3576 聯合再生,M資產總額,0,0,0,0,0,0,"34,245,945","33,465,959"
3577 泓格,M資產總額,0,0,0,0,0,0,"1,220,126","1,231,792"
3580 友威科,M資產總額,0,0,0,0,0,0,"1,248,514","1,514,795"
3581 博磊,M資產總額,0,0,0,0,0,0,"1,584,460","1,604,549"
3583 辛耘,M資產總額,0,0,0,0,0,0,"3,567,188","3,368,479"
3587 閎康,M資產總額,0,0,"2,442,019",0,0,0,"3,304,188","3,324,812"
3588 通嘉,M資產總額,0,0,0,0,0,0,"1,594,396","1,505,026"
3591 艾笛森,M資產總額,0,0,0,"4,283,003",0,0,"4,119,086","4,334,817"
3593 力銘,M資產總額,0,0,0,0,0,0,"1,718,256","1,549,795"
3594 磐儀,M資產總額,0,0,0,0,0,0,"2,686,151","2,563,242"
3596 智易,M資產總額,0,0,0,0,0,0,"15,581,848","17,730,517"
3605 宏致,M資產總額,0,0,0,0,0,0,"8,041,448","8,071,618"
3607 谷崧,M資產總額,0,0,0,0,0,0,"9,384,088",0
3609 東林,M資產總額,0,0,0,0,0,0,"849,706","831,090"
3611 鼎翰,M資產總額,"5,154,257",0,0,0,"5,073,990",0,"5,441,543","5,519,217"
3615 安可,M資產總額,0,0,0,0,0,0,"3,101,126","3,084,795"
3617 碩天,M資產總額,0,0,0,0,0,0,"9,039,492","8,881,795"
3622 洋華,M資產總額,0,0,0,0,0,0,"4,515,780","4,518,213"
3623 富晶通,M資產總額,0,0,0,0,0,0,"799,665","802,496"
3624 光頡,M資產總額,0,0,0,0,0,0,"3,036,727","3,093,306"
3625 西勝,M資產總額,0,0,0,0,0,0,0,"1,823,139"
3628 盈正,M資產總額,0,0,0,0,0,0,"2,749,316","2,709,521"
3629 地心引力,M資產總額,0,0,0,0,0,0,"102,071","124,880"
3630 新鉅科,M資產總額,0,0,0,0,0,0,"3,336,375","3,146,601"
3631 晟楠,M資產總額,0,0,0,0,0,0,"1,980,264","1,985,359"
3632 研勤,M資產總額,0,0,0,0,0,0,"1,189,243","1,167,259"
3642 駿熠電,M資產總額,0,0,"754,674",0,0,0,"655,556","646,815"
3645 達邁,M資產總額,0,0,0,0,0,0,0,"3,668,492"
3646 艾恩特,M資產總額,0,0,0,0,0,0,"615,280","620,181"
3652 精聯,M資產總額,0,0,0,0,0,0,"1,641,418","1,574,854"
3653 健策,M資產總額,0,0,0,0,0,0,"5,566,347","5,867,421"
3661 世芯-KY,M資產總額,0,0,0,0,0,0,"3,115,918","3,421,373"
3663 鑫科,M資產總額,0,0,0,0,0,0,"1,265,943","1,417,288"
3664 安瑞-KY,M資產總額,0,0,0,0,0,0,"1,055,734","979,435"
3665 貿聯-KY,M資產總額,0,0,0,0,0,0,"13,775,006","16,363,974"
3666 光耀,M資產總額,0,0,0,0,0,0,0,"1,229,230"
3669 圓展,M資產總額,0,0,0,0,0,0,"2,786,703","2,750,795"
3672 康聯訊,M資產總額,0,0,0,0,0,0,"686,884","701,617"
3673 TPK-KY,M資產總額,0,0,0,0,0,0,"82,978,312","75,044,706"
3675 德微,M資產總額,0,0,0,0,0,0,"1,341,180","1,472,026"
3679 新至陞,M資產總額,0,0,0,0,0,0,0,"7,647,677"
3680 家登,M資產總額,0,0,0,0,0,0,"3,685,524","3,593,786"
3682 亞太電,M資產總額,0,0,0,0,0,0,"36,324,200","39,539,609"
3684 榮昌,M資產總額,0,0,0,0,0,0,"798,719","776,754"
3685 元創精密,M資產總額,0,0,0,0,0,0,"2,055,925","2,086,318"
3686 達能,M資產總額,0,0,"3,913,167",0,0,0,"3,262,432","3,009,012"
3687 歐買尬,M資產總額,0,0,0,0,0,0,"2,818,849","2,776,575"
3689 湧德,M資產總額,0,0,0,0,0,0,"4,905,171","5,022,560"
3691 碩禾,M資產總額,0,0,0,0,0,0,"19,583,692","20,275,346"
3693 營邦,M資產總額,0,0,0,0,0,0,"2,734,358","2,681,196"
3694 海華,M資產總額,0,0,0,0,0,0,"3,722,406","3,965,520"
3698 隆達,M資產總額,0,0,0,0,0,0,0,"15,135,182"
3701 大眾控,M資產總額,0,0,0,0,0,0,"8,104,177","7,555,691"
3702 大聯大,M資產總額,0,0,0,0,0,0,"178,667,626","181,226,022"
3703 欣陸,M資產總額,0,0,0,"58,781,045","60,712,307","61,794,099","64,789,579","63,019,305"
3704 合勤控,M資產總額,0,0,0,0,0,"15,098,671","14,409,274","14,049,686"
3705 永信,M資產總額,0,0,0,0,0,0,"11,018,309","11,251,830"
3706 神達,M資產總額,0,0,0,0,0,0,0,"48,114,543"
3707 漢磊,M資產總額,0,0,0,0,0,0,"7,043,371","7,365,186"
3708 上緯投控,M資產總額,0,0,0,0,0,0,0,"7,482,423"
3709 鑫聯大投控,M資產總額,0,0,0,0,0,0,"4,035,833","4,134,171"
3710 連展投控,M資產總額,0,0,0,0,0,0,"7,970,804","7,648,477"
3711 日月光投控,M資產總額,0,0,0,0,0,0,"363,857,786","356,880,414"
3712 永崴投控,M資產總額,0,0,0,0,0,0,"3,734,376","3,591,690"
4102 永日,M資產總額,0,0,0,0,0,0,"551,137","606,271"
4104 佳醫,M資產總額,0,0,0,0,0,0,"14,951,479","15,035,117"
4105 東洋,M資產總額,0,0,0,0,0,0,"9,507,067","9,225,764"
4106 雃博,M資產總額,0,0,0,0,0,0,"2,584,294","2,561,997"
4107 邦特,M資產總額,0,0,0,0,0,0,"2,621,470","2,716,625"
4108 懷特,M資產總額,0,0,0,0,0,0,0,"2,233,669"
4109 加捷生醫,M資產總額,0,0,0,0,0,0,"1,321,175","1,345,564"
4111 濟生,M資產總額,0,0,0,0,0,0,"1,481,915","1,533,538"
4113 聯上,M資產總額,0,0,0,0,0,0,"7,778,286","7,357,645"
4114 健喬,M資產總額,0,0,0,0,0,0,"7,503,729","7,933,342"
4116 明基醫,M資產總額,0,0,0,0,0,"1,502,066","1,543,077","1,492,358"
4119 旭富,M資產總額,0,0,0,0,0,0,"3,295,631","3,389,284"
4120 友華,M資產總額,0,0,0,0,0,0,0,"6,695,519"
4121 優盛,M資產總額,0,0,0,0,0,0,0,"2,349,396"
4123 晟德,M資產總額,0,0,0,0,0,0,"38,299,828","41,443,112"
4126 太醫,M資產總額,0,0,0,0,0,0,0,"3,630,719"
4127 天良,M資產總額,0,0,0,0,0,0,"924,051","947,182"
4128 中天,M資產總額,0,0,0,0,0,0,"9,160,449","8,645,082"
4129 聯合,M資產總額,0,0,0,0,0,0,"4,295,411","4,549,594"
4130 健亞,M資產總額,0,0,0,0,0,0,"2,041,732","1,959,074"
4131 晶宇,M資產總額,0,0,0,0,0,0,"121,370","186,166"
4133 亞諾法,M資產總額,0,0,0,0,0,0,"1,303,783","1,291,410"
4137 麗豐-KY,M資產總額,0,0,0,0,0,0,"5,391,804","5,922,304"
4138 曜亞,M資產總額,0,0,0,0,0,0,"2,310,215","2,097,191"
4139 馬光-KY,M資產總額,0,0,0,"970,593","971,810","977,475","1,079,324","1,034,934"
4141 龍燈-KY,M資產總額,0,0,0,0,0,0,"17,950,192","17,485,986"
4142 國光生,M資產總額,0,0,"6,784,867",0,0,0,"5,745,856","5,707,327"
4144 康聯-KY,M資產總額,0,0,0,0,0,0,"3,632,776","4,017,930"
4147 中裕,M資產總額,0,0,0,0,0,0,"4,502,962","4,918,937"
4148 全宇生技-KY,M資產總額,0,0,"2,113,150",0,0,0,"2,687,510","3,112,375"
4152 台微體,M資產總額,0,0,0,0,0,0,0,"1,090,628"
4153 鈺緯,M資產總額,0,0,0,0,0,0,"1,061,592","1,348,164"
4154 康樂-KY,M資產總額,0,0,0,0,0,0,"301,391","314,814"
4155 訊映,M資產總額,0,0,0,0,0,0,"1,884,104","1,993,965"
4157 太景*-KY,M資產總額,0,0,0,0,0,0,"1,522,175","1,478,047"
4160 創源,M資產總額,0,0,0,0,0,0,"380,714","375,255"
4161 聿新科,M資產總額,0,0,0,0,0,0,"1,565,499","1,625,246"
4162 智擎,M資產總額,0,0,0,0,0,0,"4,110,931","4,053,426"
4163 鐿鈦,M資產總額,0,0,0,0,0,0,"2,813,679","2,847,316"
4164 承業醫,M資產總額,0,0,0,0,0,0,"10,592,963","10,384,314"
4167 展旺,M資產總額,0,0,0,0,0,0,0,"3,481,165"
4168 醣聯,M資產總額,0,0,0,"2,003,563","1,960,907","1,909,631","1,866,435","1,796,665"
4171 瑞基,M資產總額,0,0,0,0,0,0,"602,838","630,426"
4173 久裕,M資產總額,0,0,0,0,0,0,"5,330,699","5,473,717"
4174 浩鼎,M資產總額,0,0,0,0,0,0,"5,190,029","5,461,804"
4175 杏一,M資產總額,0,0,0,0,0,0,"2,903,536","2,660,749"
4183 福永生技,M資產總額,0,0,0,0,0,0,"398,253","394,830"
4188 安克,M資產總額,0,0,0,0,0,0,0,"773,944"
4190 佐登-KY,M資產總額,0,0,0,0,0,0,"5,081,204","5,094,275"
4192 杏國,M資產總額,0,0,0,0,0,0,0,"785,020"
4198 環瑞醫,M資產總額,0,0,"1,257,072",0,0,0,"785,244","680,731"
4205 中華食,M資產總額,0,0,0,0,0,0,"1,770,987","1,811,326"
4207 環泰,M資產總額,0,0,0,0,0,0,"4,538,166","4,607,400"
4303 信立,M資產總額,0,0,0,0,0,0,"1,899,020","1,884,562"
4304 勝昱,M資產總額,0,0,0,0,0,0,"658,311","644,428"
4305 世坤,M資產總額,0,0,0,0,0,0,"1,184,632","1,205,942"
4306 炎洲,M資產總額,0,0,0,0,0,0,"36,455,228","36,752,345"
4401 東隆興,M資產總額,0,0,0,0,0,0,"5,305,189","5,528,177"
4402 福大,M資產總額,0,0,0,0,0,0,"1,133,826",0
4406 新昕纖,M資產總額,"727,616","728,902",0,0,"735,697","780,815","808,240","977,514"
4413 飛寶企業,M資產總額,0,0,0,0,0,0,"188,717","184,258"
4414 如興,M資產總額,0,0,0,0,0,"26,469,659","25,257,103","27,317,159"
4415 台原藥,M資產總額,0,0,0,0,0,0,"23,443","26,682"
4416 三圓,M資產總額,0,0,0,0,0,0,"12,743,344","12,826,616"
4417 金洲,M資產總額,0,0,0,0,0,0,"3,984,045","3,879,489"
4419 元勝,M資產總額,0,0,0,0,0,0,"140,335","130,649"
4420 光明,M資產總額,0,0,0,0,0,0,"1,230,459","1,630,625"
4426 利勤,M資產總額,0,0,0,0,0,0,"4,533,453","4,748,837"
4429 聚紡,M資產總額,0,0,0,0,0,0,"1,244,743","1,248,712"
4430 耀億,M資產總額,0,0,0,0,0,0,"2,864,344","2,917,697"
4432 銘旺實,M資產總額,0,0,0,0,0,0,"1,704,566","1,622,798"
4433 興采,M資產總額,0,0,"1,450,995",0,0,0,"1,609,049","1,646,148"
4438 廣越,M資產總額,0,0,0,0,0,0,"8,693,306","9,626,993"
4502 健信,M資產總額,0,0,0,0,0,0,"2,161,361","2,176,870"
4503 金雨,M資產總額,0,0,0,0,0,0,"539,372","550,810"
4506 崇友,M資產總額,0,0,0,0,0,0,"6,045,160","7,384,273"
4510 高鋒,M資產總額,0,0,0,0,0,0,"5,116,743","5,347,276"
4513 福裕,M資產總額,0,0,0,0,0,0,"2,643,113","2,704,615"
4523 永彰,M資產總額,0,0,0,0,0,0,"2,744,627","2,756,009"
4526 東台,M資產總額,0,0,0,0,0,0,"17,812,393","18,176,066"
4527 方土霖,M資產總額,0,0,"2,402,217",0,0,0,"2,387,791","2,348,660"
4528 江興鍛,M資產總額,0,0,0,0,0,0,"3,829,535","3,846,756"
4529 淳紳,M資產總額,"2,671,471","2,441,305","2,326,757","2,150,128","2,010,440","2,086,063","1,918,479","1,836,312"
4530 宏易,M資產總額,0,0,0,0,0,0,"334,503","347,384"
4532 瑞智,M資產總額,0,0,0,0,0,0,"24,061,430","24,984,791"
4533 協易機,M資產總額,0,0,0,0,0,0,"5,803,573","5,789,908"
4534 慶騰,M資產總額,0,0,0,0,0,0,"2,277,256","2,211,473"
4535 至興,M資產總額,0,0,0,0,0,0,"3,137,681","3,137,369"
4536 拓凱,M資產總額,0,0,0,0,0,0,"9,317,133","9,307,113"
4538 大詠城,M資產總額,0,0,0,0,0,0,"853,136","829,018"
4540 全球傳動,M資產總額,0,0,0,0,0,0,"3,934,217","4,111,407"
4541 晟田,M資產總額,0,0,0,0,0,0,"2,993,429","3,059,758"
4542 科嶠,M資產總額,0,0,0,0,0,0,"911,649","918,348"
4543 萬在,M資產總額,0,0,0,0,0,0,"1,985,206","2,074,178"
4545 銘鈺,M資產總額,0,0,0,0,0,0,"2,802,922","3,116,183"
4549 桓達,M資產總額,0,0,0,0,0,0,"1,560,670","1,623,126"
4550 長佳,M資產總額,0,0,0,0,0,0,"1,690,823","1,631,132"
4551 智伸科,M資產總額,0,0,0,0,0,0,"5,842,178","7,633,373"
4552 力達-KY,M資產總額,0,0,0,0,0,0,"6,297,211","6,523,451"
4554 橙的,M資產總額,0,0,0,0,0,0,"571,555","599,401"
4555 氣立,M資產總額,0,0,0,0,0,0,"3,580,283","3,805,685"
4556 旭然,M資產總額,0,0,0,0,0,0,"1,015,151","1,040,529"
4557 永新-KY,M資產總額,0,0,0,0,0,0,"1,692,671","1,726,930"
4560 強信-KY,M資產總額,0,0,0,0,0,0,"2,050,698","2,327,186"
4561 健椿,M資產總額,0,0,0,0,0,0,"1,636,618","1,698,509"
4562 穎漢,M資產總額,0,0,"1,946,539",0,0,0,"2,863,157","2,927,804"
4563 百德,M資產總額,0,0,0,0,0,0,"2,160,298","2,177,474"
4564 元翎,M資產總額,0,0,0,0,0,0,"6,084,282","6,229,359"
4566 時碩工業,M資產總額,0,0,0,0,0,0,"4,052,423","4,459,228"
4568 科際精密,M資產總額,0,0,0,0,0,0,"1,400,177","1,417,860"
4571 鈞興-KY,M資產總額,0,0,"1,171,044",0,0,0,"1,442,369","1,509,125"
4572 駐龍,M資產總額,0,0,"1,150,703",0,"1,205,270",0,"1,343,341","1,375,419"
4576 大銀微系統,M資產總額,0,0,"3,839,084",0,"4,116,714",0,"4,119,532","4,406,613"
4609 唐鋒,M資產總額,0,0,0,0,0,0,"830,734","747,121"
4702 中美實,M資產總額,"3,754,680","3,646,754","2,893,361","2,721,738","2,671,995","2,601,471","1,929,884","1,835,665"
4706 大恭,M資產總額,0,0,0,0,0,0,"1,703,054","1,732,444"
4707 磐亞,M資產總額,"6,086,254","6,329,326","6,501,289",0,0,0,"7,044,672","7,041,978"
4711 永純,M資產總額,0,0,0,0,0,0,"1,501,954","1,472,806"
4712 南璋,M資產總額,0,0,0,0,0,0,"499,006","495,740"
4714 永捷,M資產總額,0,0,0,0,0,0,"1,472,896",0
4716 大立,M資產總額,0,0,0,0,0,0,"1,332,124","1,435,895"
4720 德淵,M資產總額,0,0,0,0,0,0,"2,516,790","2,583,712"
4721 美琪瑪,M資產總額,0,0,0,0,0,0,"2,295,972","2,369,264"
4722 國精化,M資產總額,0,0,0,0,0,0,"3,646,460","3,633,555"
4725 信昌化,M資產總額,0,0,0,0,0,0,"10,811,223","11,035,096"
4726 永昕,M資產總額,0,0,0,0,0,0,"1,312,799","1,241,564"
4728 雙美,M資產總額,0,0,0,0,0,0,"660,920","669,910"
4729 熒茂,M資產總額,0,0,0,0,0,0,"4,432,476","4,252,158"
4735 豪展,M資產總額,0,0,"825,260",0,0,0,"982,279","1,025,581"
4736 泰博,M資產總額,0,0,0,0,0,0,"6,064,680","6,381,855"
4737 華廣,M資產總額,0,0,0,0,0,0,"4,374,916","4,312,269"
4739 康普,M資產總額,0,0,0,0,0,0,"5,793,840","6,106,376"
4741 泓瀚,M資產總額,0,0,0,0,0,0,"1,141,327","1,191,859"
4743 合一,M資產總額,0,"2,634,985","2,555,655","2,448,084","2,562,118","2,557,334","2,521,393","2,433,356"
4744 皇將,M資產總額,0,0,0,0,0,0,"1,398,630","1,439,447"
4745 合富-KY,M資產總額,0,0,0,0,0,0,"3,630,563","3,721,541"
4746 台耀,M資產總額,0,0,0,0,0,0,"7,241,736","7,553,995"
4747 強生,M資產總額,0,0,0,0,0,0,"931,074","934,460"
4754 國碳科,M資產總額,0,0,0,"423,680","443,111","414,014","439,260","416,691"
4755 三福化,M資產總額,0,0,0,0,0,0,0,"3,978,588"
4760 勤凱,M資產總額,0,0,"598,095",0,0,0,"698,028","753,865"
4763 材料-KY,M資產總額,0,0,0,0,0,0,"2,437,482","2,343,465"
4764 雙鍵,M資產總額,0,0,0,0,0,0,"2,962,341","3,082,610"
4766 南寶,M資產總額,0,0,0,0,0,0,"15,199,142","16,655,186"
4767 誠泰科技,M資產總額,0,0,0,0,"1,226,975",0,"1,166,804","1,180,240"
4803 VHQ-KY,M資產總額,0,0,0,0,0,0,"2,356,630","3,239,702"
4804 大略-KY,M資產總額,0,0,0,0,0,0,"1,400,947","1,381,215"
4806 昇華,M資產總額,0,0,0,0,0,0,"1,454,203","2,023,849"
4807 日成-KY,M資產總額,0,0,0,0,0,0,0,"1,473,514"
4903 聯光通,M資產總額,0,0,0,0,0,0,"1,191,377","1,298,934"
4904 遠傳,M資產總額,0,0,0,0,0,0,0,"133,056,714"
4905 台聯電,M資產總額,0,0,0,0,0,0,"4,062,926","4,086,862"
4906 正文,M資產總額,0,0,0,0,0,0,"15,060,674","15,213,748"
4907 富宇,M資產總額,"4,434,561",0,0,0,0,0,"3,025,792","3,152,179"
4908 前鼎,M資產總額,0,0,0,0,0,0,"1,517,169","1,507,931"
4909 新復興,M資產總額,0,0,0,0,0,0,"3,380,047","3,343,105"
4911 德英,M資產總額,0,0,0,0,0,0,"788,788","781,848"
4912 聯德控股-KY,M資產總額,0,0,0,0,0,0,"4,716,929","4,692,729"
4915 致伸,M資產總額,0,0,0,0,0,0,"37,775,143","30,721,398"
4916 事欣科,M資產總額,0,0,0,0,0,0,"8,409,027","8,541,313"
4919 新唐,M資產總額,0,0,0,0,0,0,"6,148,832","6,058,446"
4924 欣厚-KY,M資產總額,0,0,0,0,0,0,"458,162","443,886"
4927 泰鼎-KY,M資產總額,"10,875,641",0,"10,897,629","10,875,093",0,0,"11,231,113","11,192,136"
4930 燦星網,M資產總額,0,0,0,0,0,0,"11,830,301","11,421,316"
4931 新盛力,M資產總額,"1,103,743",0,"1,197,611",0,"1,090,064",0,"1,174,657","1,051,043"
4933 友輝,M資產總額,0,0,0,0,0,0,"3,373,865","3,258,376"
4934 太極,M資產總額,0,0,0,0,0,0,"7,312,467","7,114,094"
4935 茂林-KY,M資產總額,0,0,0,"8,694,801","8,870,097","8,792,156","8,789,942","8,238,628"
4938 和碩,M資產總額,0,0,0,0,0,0,"488,235,619","484,636,650"
4939 亞電,M資產總額,0,0,0,0,0,0,0,"2,508,724"
4942 嘉彰,M資產總額,0,0,0,0,0,0,"9,470,837","8,989,281"
4943 康控-KY,M資產總額,0,0,0,0,0,0,"7,207,898","6,692,943"
4944 兆遠,M資產總額,0,0,0,0,0,0,"3,998,004","3,792,266"
4946 辣椒,M資產總額,0,0,0,0,0,0,"624,694","587,496"
4947 昂寶-KY,M資產總額,0,0,0,0,0,0,"4,888,948","4,932,431"
4950 牧東,M資產總額,0,0,0,0,0,0,"2,477,194","2,387,889"
4952 凌通,M資產總額,0,0,0,0,0,0,"2,924,080","2,932,212"
4953 緯軟,M資產總額,0,0,0,0,0,0,"1,874,581","1,830,297"
4956 光鋐,M資產總額,0,0,0,0,0,0,0,"3,048,931"
4958 臻鼎-KY,M資產總額,0,0,0,0,0,0,"123,716,513","105,620,115"
4960 誠美材,M資產總額,0,0,0,0,0,0,"23,458,591","25,370,439"
4961 天鈺,M資產總額,0,0,0,0,0,0,"5,517,214","5,591,037"
4966 譜瑞-KY,M資產總額,0,0,0,0,0,0,"10,591,945","10,625,634"
4967 十銓,M資產總額,0,0,0,0,0,0,"1,805,170","1,834,683"
4968 立積,M資產總額,0,0,0,0,0,0,0,"1,610,265"
4971 IET-KY,M資產總額,0,0,0,0,0,0,"1,525,219","1,547,535"
4972 湯石照明,M資產總額,0,0,0,0,0,0,0,"1,818,144"
4973 廣穎,M資產總額,0,0,0,0,0,0,"2,848,318","2,580,672"
4974 亞泰,M資產總額,0,0,0,0,0,0,"3,131,113","3,189,227"
4976 佳凌,M資產總額,0,0,0,0,0,0,"2,468,953","2,428,646"
4977 眾達-KY,M資產總額,0,0,0,0,0,0,"2,353,688","2,423,449"
4979 華星光,M資產總額,0,0,"3,383,688",0,0,0,"2,967,795","3,073,545"
4987 科誠,M資產總額,0,0,0,0,0,0,"1,197,564","1,222,862"
4989 榮科,M資產總額,0,0,0,0,0,0,"2,575,143","2,617,560"
4991 環宇-KY,M資產總額,0,0,0,0,0,0,"2,981,355","3,020,462"
4994 傳奇,M資產總額,0,0,0,0,0,0,"1,526,957","1,397,555"
4995 晶達,M資產總額,0,0,0,0,0,0,"1,247,295","1,301,100"
4999 鑫禾,M資產總額,0,0,0,0,0,0,0,"3,919,697"
5007 三星,M資產總額,0,0,0,0,0,0,"8,178,900","8,252,941"
5009 榮剛,M資產總額,0,0,0,"19,211,781","19,607,034","19,402,173","18,752,649","18,713,115"
5011 久陽,M資產總額,0,0,0,0,0,0,"1,092,031","1,167,987"
5013 強新,M資產總額,0,0,0,0,0,0,"6,363,861","6,890,121"
5014 建錩,M資產總額,0,0,"8,160,912",0,0,0,"8,039,371","7,913,190"
5015 華祺,M資產總額,0,0,0,0,0,0,"1,897,569","1,896,671"
5016 松和,M資產總額,0,0,0,0,0,0,"2,720,797","2,791,259"
5102 富強,M資產總額,0,0,0,0,0,0,"1,259,873","1,391,001"
5201 凱衛,M資產總額,0,0,0,0,0,0,"430,010","439,643"
5202 力新,M資產總額,0,0,0,0,0,0,"657,829","677,567"
5203 訊連,M資產總額,0,0,0,0,0,0,0,"4,994,472"
5205 中茂,M資產總額,0,0,0,0,0,0,"37,086","42,838"
5206 坤悅,M資產總額,0,0,0,0,0,0,"4,584,030","4,928,282"
5209 新鼎,M資產總額,0,0,0,0,0,0,"1,452,304","1,419,458"
5210 寶碩,M資產總額,0,0,0,0,0,0,"925,835","895,960"
5211 蒙恬,M資產總額,0,0,0,0,0,0,"593,112","589,736"
5212 凌網,M資產總額,0,0,0,0,0,0,"694,131","572,457"
5213 亞昕,M資產總額,0,0,"25,811,572",0,0,0,"27,744,248","23,642,400"
5215 科嘉-KY,M資產總額,0,0,0,0,0,0,"2,426,018","2,408,690"
5220 萬達光電,M資產總額,0,0,0,0,0,0,"873,473","872,692"
5223 安力-KY,M資產總額,0,0,"2,262,230",0,0,0,"2,143,144","2,050,590"
5225 東科-KY,M資產總額,0,0,0,0,0,0,"4,690,474","4,630,084"
5227 立凱-KY,M資產總額,0,0,0,0,0,0,"3,317,500","2,959,199"
5230 雷笛克光學,M資產總額,0,0,0,0,0,0,"2,120,689","2,217,770"
5234 達興材料,M資產總額,0,0,0,0,0,0,0,"3,649,398"
5243 乙盛-KY,M資產總額,0,0,0,0,0,0,"9,870,086","9,302,729"
5245 智晶,M資產總額,0,0,0,0,0,0,"1,878,280","1,937,306"
5251 天鉞電,M資產總額,0,0,0,0,0,0,"905,455","910,173"
5258 虹堡,M資產總額,0,0,0,0,0,0,"3,252,013","3,311,829"
5259 奕智博,M資產總額,0,0,"612,449",0,0,0,"599,389","628,860"
5263 智崴,M資產總額,0,0,0,0,0,0,"3,474,902","3,558,503"
5264 鎧勝-KY,M資產總額,0,0,0,0,0,0,"48,908,984","54,213,491"
5269 祥碩,M資產總額,0,0,0,0,0,0,0,"2,238,908"
5272 笙科,M資產總額,0,0,0,0,0,0,0,"1,287,123"
5274 信驊,M資產總額,0,0,0,0,0,0,"2,663,363","2,774,282"
5276 達輝-KY,M資產總額,0,0,0,0,0,0,"726,539","703,195"
5278 尚凡,M資產總額,0,0,0,0,0,0,"270,856","301,120"
5281 大峽谷-KY,M資產總額,0,0,0,0,0,0,"1,723,475","1,962,881"
5283 禾聯碩,M資產總額,"3,389,025",0,"3,391,060",0,"4,604,779","4,657,557","4,144,493","4,624,831"
5284 jpp-KY,M資產總額,0,0,0,0,0,0,"2,089,543","2,128,633"
5285 界霖,M資產總額,0,0,0,0,0,0,"4,100,680","4,253,240"
5287 數字,M資產總額,0,0,"2,676,490",0,0,0,"2,819,756","3,051,021"
5288 豐祥-KY,M資產總額,0,0,0,0,0,0,"3,343,545","3,323,560"
5289 宜鼎,M資產總額,0,0,0,0,0,0,"4,639,310","4,845,326"
5291 邑昇,M資產總額,0,0,0,0,0,0,"1,300,357","1,386,764"
5299 杰力,M資產總額,0,0,0,0,0,0,"827,624","1,130,482"
5301 寶得利,M資產總額,0,0,0,0,0,0,"1,893,928","1,850,854"
5302 太欣,M資產總額,0,0,0,0,0,0,"1,940,620","1,926,147"
5304 鼎創達,M資產總額,0,0,0,0,0,0,"3,877,227","3,438,683"
5305 敦南,M資產總額,0,0,0,0,0,0,"19,649,300","19,726,889"
5306 桂盟,M資產總額,0,0,0,0,0,0,"10,071,572","10,202,568"
5309 系統電,M資產總額,"3,363,054",0,0,"2,667,335",0,0,"2,316,604","2,137,169"
5310 天剛,M資產總額,"1,001,767","977,658","978,526","971,736","1,001,729","989,087","1,002,151","957,870"
5312 寶島科,M資產總額,0,0,0,0,0,0,"4,239,439","4,439,368"
5314 世紀,M資產總額,0,0,0,0,0,0,"372,181","337,907"
5315 光聯,M資產總額,0,0,0,0,0,0,"1,960,411","2,039,683"
5321 友銓,M資產總額,0,0,0,0,0,0,"735,141","763,812"
5324 士開,M資產總額,0,0,0,0,0,0,"3,159,746","2,612,992"
5328 華容,M資產總額,0,0,0,0,0,0,"2,104,283","2,204,330"
5340 建榮,M資產總額,0,0,0,0,0,0,"2,122,199","2,122,367"
5344 立衛,M資產總額,0,0,0,0,0,0,"594,488","582,640"
5345 天揚,M資產總額,"542,941","546,772","489,126","498,739","473,590","468,441","402,842","391,373"
5347 世界,M資產總額,0,0,0,0,0,0,0,"35,652,529"
5348 系通,M資產總額,0,0,0,0,0,0,"152,873","159,766"
5349 先豐,M資產總額,0,0,0,0,0,0,"7,317,180","7,460,227"
5351 鈺創,M資產總額,0,0,0,0,0,0,"7,543,598","7,707,898"
5353 台林,M資產總額,0,0,0,0,0,0,"1,619,649","1,638,730"
5355 佳總,M資產總額,0,0,0,0,0,0,"2,106,589","2,074,608"
5356 協益,M資產總額,0,0,0,0,0,0,"6,936,986","6,609,181"
5364 力麗店,M資產總額,0,0,"881,187",0,0,0,"1,007,047","987,419"
5371 中光電,M資產總額,0,0,0,0,0,0,"52,019,009","47,782,905"
5381 合正,M資產總額,0,0,0,0,0,0,"811,779","796,864"
5383 金利,M資產總額,0,0,"1,727,308",0,0,0,"1,813,985","1,813,511"
5386 青雲,M資產總額,0,0,0,0,0,0,"1,133,031","1,304,734"
5388 中磊,M資產總額,0,0,0,0,0,0,"24,767,446","22,585,543"
5392 應華,M資產總額,0,0,0,0,0,0,"14,001,591","13,659,660"
5398 慕康生醫,M資產總額,0,0,0,0,0,0,"777,577","759,335"
5403 中菲,M資產總額,0,0,0,0,0,0,"2,689,420","2,678,639"
5410 國眾,M資產總額,0,0,0,0,0,0,"2,146,681","1,889,451"
5425 台半,M資產總額,0,0,0,0,0,0,"11,610,210","12,762,489"
5426 振發,M資產總額,0,0,0,0,0,0,"3,043,164","3,328,941"
5432 達威,M資產總額,0,0,0,0,0,0,"278,047","274,930"
5434 崇越,M資產總額,0,0,0,0,"14,702,052","15,142,176","14,868,982","16,118,609"
5438 東友,M資產總額,0,0,0,0,0,0,"2,821,331","2,648,464"
5439 高技,M資產總額,0,0,0,0,0,0,"2,217,688","2,355,949"
5443 均豪,M資產總額,0,0,0,0,0,0,"6,224,706","6,458,270"
5450 寶聯通,M資產總額,0,0,0,0,0,0,"924,784","2,664,191"
5452 佶優,M資產總額,0,0,0,0,0,0,"3,941,942","3,776,535"
5455 昇益,M資產總額,0,0,0,0,0,0,"799,030","964,786"
5457 宣德,M資產總額,0,0,0,0,0,0,"4,706,068","4,582,592"
5460 同協,M資產總額,0,0,0,0,0,0,"1,194,592","1,171,789"
5464 霖宏,M資產總額,0,0,0,0,0,0,"3,529,413","3,544,666"
5465 富驊,M資產總額,0,0,0,0,0,0,"2,497,511","2,646,406"
5468 凱鈺,M資產總額,0,0,0,0,0,0,"445,057","418,013"
5469 瀚宇博,M資產總額,0,0,0,0,0,0,"57,394,829","58,715,637"
5471 松翰,M資產總額,0,0,0,0,0,0,"3,562,097","3,589,714"
5474 聰泰,M資產總額,0,0,0,0,0,0,"1,129,335","1,193,738"
5475 德宏,M資產總額,0,0,0,0,0,0,"3,818,465","3,694,431"
5478 智冠,M資產總額,0,0,0,0,0,0,"11,307,386","11,152,585"
5481 新華,M資產總額,0,0,0,0,0,0,"1,117,359","1,126,302"
5483 中美晶,M資產總額,0,0,0,0,0,0,"89,342,533","96,378,978"
5484 慧友,M資產總額,0,0,0,0,0,0,"1,059,081","1,041,231"
5487 通泰,M資產總額,0,0,0,0,0,0,"588,587","580,736"
5488 松普,M資產總額,0,0,0,0,0,0,"1,515,348","1,441,145"
5489 彩富,M資產總額,0,0,0,0,0,0,"3,310,042","3,264,541"
5490 同亨,M資產總額,0,0,0,0,0,0,"1,847,310","1,862,395"
5493 三聯,M資產總額,0,0,0,0,0,0,"2,827,929","2,908,037"
5498 凱崴,M資產總額,0,0,0,0,0,0,"2,953,754","3,098,670"
5508 永信建,M資產總額,0,0,0,0,0,0,"7,077,852","7,151,194"
5511 德昌,M資產總額,0,0,"6,444,422","5,835,789","7,420,008","7,504,376","8,349,338","8,159,372"
5512 力麒,M資產總額,0,0,0,0,0,0,"36,112,646","36,335,583"
5514 三豐,M資產總額,0,0,0,0,0,0,"2,850,214","2,941,862"
5515 建國,M資產總額,0,0,0,0,"8,829,593","8,852,733","9,948,622","9,803,849"
5516 雙喜,M資產總額,0,0,0,0,0,0,"878,805","878,424"
5519 隆大,M資產總額,0,0,0,0,0,0,"7,968,434","8,384,896"
5520 力泰,M資產總額,0,0,0,0,0,0,"2,360,553","2,361,099"
5521 工信,M資產總額,0,0,0,0,0,0,"8,550,047","8,829,805"
5522 遠雄,M資產總額,0,0,0,0,0,0,"86,639,416","83,781,266"
5523 豐謙,M資產總額,"3,470,361","3,613,221","4,020,203",0,0,0,"3,166,886","3,512,730"
5525 順天,M資產總額,0,0,0,0,0,0,"10,618,910","10,681,999"
5529 志嘉,M資產總額,0,0,0,0,0,0,"3,151,842","2,728,014"
5530 龍巖,M資產總額,0,0,0,0,0,0,"53,637,579","62,199,463"
5531 鄉林,M資產總額,0,0,"39,327,068","38,550,319",0,0,"38,253,932","41,302,379"
5533 皇鼎,M資產總額,0,0,0,0,0,0,"13,850,167","13,788,193"
5534 長虹,M資產總額,0,0,"28,529,926",0,0,0,"30,048,746","27,617,094"
5536 聖暉,M資產總額,0,0,0,0,0,0,"11,553,771","11,649,430"
5538 東明-KY,M資產總額,0,0,0,0,0,0,"6,691,821","6,861,157"
5543 崇佑-KY,M資產總額,0,0,0,0,0,0,"1,082,743","1,043,685"
5601 台聯櫃,M資產總額,0,0,0,0,"1,852,346","1,838,436","1,841,100","1,850,191"
5603 陸海,M資產總額,0,0,0,0,0,0,"2,201,215","2,221,915"
5604 中連貨,M資產總額,0,0,0,0,0,0,"3,584,107","3,728,105"
5607 遠雄港,M資產總額,0,0,0,0,0,0,"6,933,140","6,822,494"
5608 四維航,M資產總額,0,0,0,0,0,0,"27,758,490","26,131,397"
5609 中菲行,M資產總額,0,0,"4,247,754",0,0,0,"4,211,812","4,084,700"
5701 劍湖山,M資產總額,0,0,0,0,0,0,"3,456,068","3,383,275"
5703 亞都,M資產總額,"1,391,144","1,376,440",0,"1,382,729","1,350,453","1,410,801","1,432,379","1,383,571"
5704 老爺知,M資產總額,0,0,0,0,0,0,"558,767","534,509"
5706 鳳凰,M資產總額,0,0,"1,637,018",0,0,0,"1,899,414",0
5820 日盛金,M資產總額,0,0,"285,011,594",0,0,0,"295,957,224","300,848,317"
5864 致和證,M資產總額,"4,210,184","4,324,941","4,377,053","4,964,910","5,000,170","4,943,059","5,133,992","5,337,456"
5871 中租-KY,M資產總額,0,0,"286,083,458","283,292,359","292,661,919","311,738,037","327,576,685","340,079,101"
5876 上海商銀,M資產總額,0,0,"1,646,949,306",0,0,0,"1,733,499,797","1,763,851,400"
5878 台名,M資產總額,0,0,0,0,0,0,0,"676,158"
5880 合庫金,M資產總額,0,0,"3,341,327,085",0,0,0,"3,411,539,555","3,443,500,748"
5902 德記,M資產總額,0,0,0,0,0,0,"1,103,939","922,252"
5903 全家,M資產總額,0,0,0,0,0,0,"28,675,117","28,120,275"
5904 寶雅,M資產總額,0,0,0,0,0,0,0,"7,896,328"
5905 南仁湖,M資產總額,0,0,0,0,0,0,"4,179,993","3,932,246"
5906 台南-KY,M資產總額,0,0,0,0,0,0,"1,066,998","1,093,010"
5907 大洋-KY,M資產總額,0,0,0,0,0,0,"22,007,383","20,787,867"
6005 群益證,M資產總額,"101,050,976","106,397,621","108,044,213","124,843,539","132,390,853","138,752,337","141,486,318","141,295,565"
6015 宏遠證,M資產總額,"11,819,978","11,029,661","9,605,668","10,130,874","10,213,390","10,681,706","11,512,723","11,314,963"
6016 康和證,M資產總額,"34,239,883","40,973,803","28,631,599","28,508,924","29,471,892","28,720,417","34,361,946","29,178,291"
6020 大展證,M資產總額,"4,478,959","4,387,268","4,380,118","4,524,531","4,864,216","4,877,525","4,735,247","5,002,535"
6021 大慶證,M資產總額,"7,753,991","7,342,257","7,076,291","8,012,282","7,899,706","8,461,866","9,002,863","9,240,885"
6023 元大期,M資產總額,"62,817,611","64,704,127","62,171,843","55,434,676","57,846,711","58,151,418","57,469,670","61,407,869"
6024 群益期,M資產總額,"26,070,875","26,048,887","26,940,272","29,682,045","33,219,397","32,152,499","33,322,181","33,977,275"
6026 福邦證,M資產總額,"5,202,835","3,766,474","4,071,262","7,151,748","5,694,754","4,820,826","4,747,996","6,146,278"
6101 寬魚國際,M資產總額,0,0,0,0,0,0,"1,502,302","1,555,563"
6103 合邦,M資產總額,0,0,0,0,0,0,"628,570","652,368"
6104 創惟,M資產總額,0,0,0,0,0,0,"2,632,914","2,674,245"
6108 競國,M資產總額,0,0,0,0,0,0,"10,685,594","10,596,090"
6109 亞元,M資產總額,0,0,0,0,0,0,"1,202,197","1,168,796"
6111 大宇資,M資產總額,0,0,0,0,0,0,"891,197","1,010,958"
6112 聚碩,M資產總額,0,0,0,0,0,0,"5,822,465","5,971,085"
6113 亞矽,M資產總額,0,0,0,0,0,0,"734,150","676,820"
6114 久威,M資產總額,0,0,"1,942,047",0,0,0,"1,881,530","1,685,810"
6115 鎰勝,M資產總額,0,0,0,0,0,0,"8,188,487","8,406,906"
6116 彩晶,M資產總額,0,0,0,0,0,0,"49,916,929","51,330,235"
6117 迎廣,M資產總額,0,0,0,0,0,0,"3,307,731","3,301,495"
6118 建達,M資產總額,0,0,0,0,0,"2,251,147","2,300,725","2,423,975"
6120 達運,M資產總額,0,0,"26,411,342",0,0,0,"23,653,872","23,526,986"
6121 新普,M資產總額,0,0,0,0,0,0,"45,362,668","44,733,004"
6122 擎邦,M資產總額,0,0,0,0,0,0,"2,444,637","2,393,494"
6123 上奇,M資產總額,0,0,0,0,0,0,"2,209,115","2,055,584"
6124 業強,M資產總額,0,0,0,0,0,0,"3,051,377","2,993,081"
6125 廣運,M資產總額,0,0,0,0,0,0,"14,352,004","14,229,998"
6126 信音,M資產總額,0,0,0,0,0,0,"3,240,779","3,194,735"
6127 九豪,M資產總額,0,0,0,0,0,0,"2,960,599","2,812,680"
6128 上福,M資產總額,0,0,"3,657,107",0,0,0,"5,291,215","6,907,793"
6129 普誠,M資產總額,0,0,0,0,"2,409,168","2,389,440","2,353,420","2,276,829"
6130 星寶國際,M資產總額,0,0,0,0,0,0,"442,180","440,006"
6131 鈞泰,M資產總額,0,0,0,0,0,"1,202,949","1,334,886","1,429,913"
6133 金橋,M資產總額,0,0,0,0,0,0,"1,913,804","1,837,594"
6134 萬旭,M資產總額,0,0,0,0,0,0,"1,750,716","1,674,804"
6136 富爾特,M資產總額,0,0,0,0,0,0,"3,095,592","3,041,140"
6138 茂達,M資產總額,0,0,0,0,0,0,"3,509,137","3,543,469"
6139 亞翔,M資產總額,0,0,0,0,0,0,"27,062,592","27,138,387"
6140 訊達,M資產總額,0,0,0,0,0,0,"922,852","936,512"
6141 柏承,M資產總額,0,0,0,0,0,0,"4,545,486","4,455,370"
6142 友勁,M資產總額,0,0,"4,634,110",0,0,0,"4,419,541","4,438,255"
6143 振曜,M資產總額,0,0,0,0,0,0,"11,035,625","10,593,844"
6144 得利影,M資產總額,0,0,0,0,0,0,"653,472","650,320"
6146 耕興,M資產總額,0,0,0,0,0,0,"4,632,133","4,671,466"
6147 頎邦,M資產總額,0,0,0,0,"34,115,919",0,"35,400,464","36,209,284"
6148 驊宏資,M資產總額,0,0,0,0,0,0,"1,379,334","1,268,226"
6150 撼訊,M資產總額,0,0,0,0,0,0,"1,805,373","2,702,555"
6151 晉倫,M資產總額,0,0,0,0,0,0,"1,890,313","1,898,072"
6152 百一,M資產總額,0,0,0,0,0,0,"5,960,879","5,932,398"
6153 嘉聯益,M資產總額,0,0,0,0,0,0,"16,777,610","19,147,062"
6154 順發,M資產總額,0,0,0,0,0,0,"1,772,727","1,729,537"
6155 鈞寶,M資產總額,0,0,0,0,0,0,"2,168,583","2,211,899"
6156 松上,M資產總額,0,0,0,0,0,0,"3,850,940","3,979,106"
6158 禾昌,M資產總額,0,0,0,0,0,0,"3,564,198","3,286,779"
6160 欣技,M資產總額,0,0,0,0,0,0,"1,176,997","1,182,176"
6161 捷波,M資產總額,0,0,0,0,0,0,"1,843,247","1,903,742"
6163 華電網,M資產總額,0,0,0,0,0,0,"3,775,398","3,324,430"
6164 華興,M資產總額,0,0,0,0,0,0,0,"2,133,362"
6165 捷泰,M資產總額,0,0,0,0,0,0,"451,826","461,546"
6166 凌華,M資產總額,0,0,0,0,0,0,"7,799,669","8,006,179"
6167 久正,M資產總額,0,0,0,0,0,0,"1,981,967","1,929,666"
6168 宏齊,M資產總額,0,0,0,0,0,0,"3,931,926","4,034,214"
6169 昱泉,M資產總額,0,0,0,0,0,0,"500,261","540,443"
6170 統振,M資產總額,0,0,0,0,0,0,"2,777,333","2,640,307"
6171 亞銳士,M資產總額,0,0,0,0,0,0,"1,499,621","1,516,619"
6172 互億,M資產總額,0,0,0,0,0,0,"635,070","638,626"
6173 信昌電,M資產總額,0,0,0,0,0,0,"4,428,834","4,638,140"
6174 安碁,M資產總額,0,0,0,0,0,0,"773,718","813,070"
6175 立敦,M資產總額,0,0,0,0,0,0,"3,895,757","4,246,412"
6176 瑞儀,M資產總額,0,0,0,0,0,0,0,"47,015,153"
6177 達麗,M資產總額,0,0,0,0,0,0,"14,708,185","16,881,702"
6179 亞通,M資產總額,0,0,0,0,0,0,"2,234,366","2,417,955"
6180 橘子,M資產總額,0,0,0,0,0,0,"8,531,538","9,587,198"
6182 合晶,M資產總額,0,0,0,0,0,0,"16,008,604","15,925,448"
6183 關貿,M資產總額,0,0,0,0,0,0,0,"2,646,371"
6184 大豐電,M資產總額,0,0,0,0,0,0,"9,084,462","9,409,891"
6185 幃翔,M資產總額,0,0,0,0,"2,856,699",0,0,"2,887,452"
6186 新潤,M資產總額,0,0,0,0,0,0,"4,740,853","5,348,837"
6187 萬潤,M資產總額,0,0,0,0,0,0,0,"2,591,046"
6188 廣明,M資產總額,0,0,0,0,0,0,"20,732,276","19,395,717"
6189 豐藝,M資產總額,0,0,0,0,0,0,"8,289,467","8,258,626"
6190 萬泰科,M資產總額,0,0,0,0,0,0,"4,068,940","4,040,820"
6191 精成科,M資產總額,0,0,0,0,0,0,"26,053,015","27,393,589"
6192 巨路,M資產總額,0,0,0,0,0,0,"6,685,955","7,020,662"
6194 育富,M資產總額,0,0,0,0,0,0,"2,170,458","2,111,512"
6195 詩肯,M資產總額,0,0,0,0,0,0,"1,584,222","1,605,349"
6196 帆宣,M資產總額,0,0,0,0,0,0,"16,071,143","15,355,122"
6197 佳必琪,M資產總額,0,0,0,0,0,0,"4,492,699","4,459,239"
6198 凌泰,M資產總額,"150,310","135,176","123,634","104,984","121,795","129,007","120,968","117,387"
6199 天品,M資產總額,0,0,0,0,0,0,"785,741","840,724"
6201 亞弘電,M資產總額,0,0,"3,478,556",0,0,0,"3,285,852","3,170,528"
6202 盛群,M資產總額,0,0,0,0,0,0,0,"5,711,937"
6203 海韻電,M資產總額,0,0,0,0,0,0,"2,258,772","2,379,180"
6204 艾華,M資產總額,0,0,0,0,0,0,"1,096,201","1,086,469"
6205 詮欣,M資產總額,0,0,0,0,0,0,"2,320,290","2,321,399"
6206 飛捷,M資產總額,0,0,0,0,0,0,0,"6,268,427"
6207 雷科,M資產總額,0,0,0,0,0,0,"3,645,908","3,779,467"
6208 日揚,M資產總額,0,0,0,0,0,0,"2,371,988","2,893,944"
6209 今國光,M資產總額,0,0,0,0,0,0,"5,073,290","4,844,485"
6210 慶生,M資產總額,0,0,0,0,0,0,"1,091,631","1,121,626"
6212 理銘,M資產總額,0,0,0,0,0,0,"3,736,593","3,848,875"
6213 聯茂,M資產總額,0,0,0,0,0,0,"18,039,742","19,281,937"
6214 精誠,M資產總額,0,0,0,0,0,0,"19,364,170","18,930,183"
6215 和椿,M資產總額,0,0,0,0,0,0,"2,089,651","2,186,282"
6216 居易,M資產總額,0,0,0,0,0,0,"1,647,674","1,692,735"
6217 中探針,M資產總額,0,0,0,0,0,0,"2,080,545","2,037,873"
6218 豪勉,M資產總額,0,0,"1,601,396",0,0,0,"1,460,678","1,494,948"
6219 富旺,M資產總額,0,0,0,0,0,0,"7,576,224","7,177,690"
6220 岳豐,M資產總額,0,0,0,0,0,0,"7,967,147","7,361,376"
6221 晉泰,M資產總額,0,0,0,0,0,0,"1,899,326","1,988,104"
6222 上揚,M資產總額,0,0,"318,186",0,0,0,0,"239,474"
6223 旺矽,M資產總額,0,0,0,0,0,0,"7,707,679","7,939,874"
6224 聚鼎,M資產總額,"2,777,406",0,0,0,0,0,"2,420,458","2,521,510"
6225 天瀚,M資產總額,0,0,0,0,0,0,"18,577","14,781"
6226 光鼎,M資產總額,0,0,0,0,0,0,"2,613,144","2,578,600"
6227 茂綸,M資產總額,0,0,0,0,0,0,"3,326,094","4,027,629"
6228 全譜,M資產總額,0,0,0,0,0,0,"417,784","400,868"
6229 研通,M資產總額,0,0,0,0,0,0,"809,330","798,895"
6230 超眾,M資產總額,0,0,0,0,0,0,"6,489,416","6,302,904"
6231 系微,M資產總額,0,0,0,0,0,0,"849,466","800,393"
6233 旺玖,M資產總額,0,0,0,0,0,0,"1,005,456","959,859"
6234 高僑,M資產總額,0,0,0,0,0,0,"2,815,774","2,814,313"
6235 華孚,M資產總額,0,0,0,0,0,0,0,"3,964,796"
6236 康呈,M資產總額,0,0,0,0,0,0,"287,968","260,183"
6237 驊訊,M資產總額,0,0,0,0,0,0,"1,700,126","1,732,482"
6238 勝麗,M資產總額,0,0,0,0,0,0,"3,345,742","3,349,592"
6239 力成,M資產總額,0,0,0,0,0,0,"99,658,428","101,274,948"
6240 松崗,M資產總額,0,0,0,0,0,0,"842,567","877,410"
6241 易通展,M資產總額,0,0,0,0,0,0,"221,859","208,482"
6242 立康,M資產總額,0,0,0,0,0,0,"596,061","608,401"
6243 迅杰,M資產總額,0,0,0,0,0,0,"879,070","832,856"
6244 茂迪,M資產總額,0,0,0,0,0,0,"30,435,847","27,014,648"
6245 立端,M資產總額,0,0,0,0,0,0,"5,181,080","4,822,805"
6246 臺龍,M資產總額,0,0,0,0,0,0,"951,139","997,730"
6247 淇譽電,M資產總額,0,0,0,0,0,0,"1,232,068","1,402,968"
6248 沛波,M資產總額,0,0,"725,554",0,0,0,"693,078","671,993"
6251 定穎,M資產總額,0,0,0,0,0,0,0,"13,310,701"
6257 矽格,M資產總額,0,0,0,0,0,0,"18,660,029","18,450,797"
6259 百徽,M資產總額,0,0,0,0,0,0,"267,452","246,737"
6261 久元,M資產總額,0,0,0,0,0,0,"7,803,353","7,852,290"
6263 普萊德,M資產總額,0,0,0,0,0,0,"1,534,165","1,610,573"
6264 富裔,M資產總額,0,0,0,0,0,0,"2,628,907","2,499,089"
6265 方土昶,M資產總額,0,0,0,0,0,0,"2,034,429","1,717,422"
6266 泰詠,M資產總額,0,0,0,0,0,0,"2,152,537","2,066,631"
6269 台郡,M資產總額,0,0,0,0,0,0,0,"25,961,017"
6270 倍微,M資產總額,0,0,0,0,0,0,"1,749,823","1,750,690"
6271 同欣電,M資產總額,0,0,0,0,0,0,0,"12,381,971"
6274 台燿,M資產總額,0,0,0,0,0,0,"12,549,045","13,557,602"
6275 元山,M資產總額,0,0,0,0,0,0,"1,935,983",0
6276 安鈦克,M資產總額,0,0,0,0,0,0,"561,746","563,977"
6277 宏正,M資產總額,0,0,0,0,0,0,"5,952,247","5,963,814"
6278 台表科,M資產總額,0,0,0,0,0,0,"26,179,125","25,113,604"
6279 胡連,M資產總額,0,0,0,0,0,0,"6,974,841","7,025,177"
6281 全國電,M資產總額,0,0,0,0,0,0,0,"5,547,184"
6282 康舒,M資產總額,0,0,0,0,0,0,"15,296,269","14,830,642"
6283 淳安,M資產總額,0,0,0,0,0,0,"1,539,945","1,580,792"
6284 佳邦,M資產總額,0,0,0,0,0,0,"5,953,712","6,060,411"
6285 啟碁,M資產總額,0,0,0,0,0,0,0,"30,495,407"
6287 元隆,M資產總額,0,0,"1,497,729",0,0,0,"1,712,982","1,393,434"
6288 聯嘉,M資產總額,0,0,0,0,0,0,"3,724,009","3,921,782"
6289 華上,M資產總額,0,0,0,0,0,0,"824,613","817,469"
6290 良維,M資產總額,0,0,0,0,0,0,"6,091,276","6,204,829"
6291 沛亨,M資產總額,0,0,0,0,0,0,"173,776","162,011"
6292 迅德,M資產總額,0,0,0,0,0,0,"1,623,650","1,572,082"
6294 智基,M資產總額,0,0,0,0,0,0,"1,035,049","1,069,759"
6404 通訊-KY,M資產總額,0,0,0,0,0,0,"768,550","721,953"
6405 悅城,M資產總額,0,0,0,0,0,0,"2,840,624","2,774,171"
6409 旭隼,M資產總額,0,0,0,0,0,0,0,"7,612,215"
6411 晶焱,M資產總額,0,0,0,0,0,0,"2,906,424","2,990,284"
6412 群電,M資產總額,0,0,0,0,0,0,"20,409,651","20,744,686"
6414 樺漢,M資產總額,0,0,0,0,0,0,"50,531,631","49,935,568"
6415 矽力-KY,M資產總額,0,0,"10,828,075",0,0,0,"12,091,458","12,546,454"
6416 瑞祺電通,M資產總額,0,0,0,0,0,0,"2,607,452","2,414,546"
6417 韋僑,M資產總額,0,0,0,0,0,0,"1,086,407","1,052,697"
6418 詠昇,M資產總額,0,0,0,0,0,0,"740,653","697,968"
6419 京晨科,M資產總額,0,0,0,0,0,0,"509,721","464,065"
6425 易發,M資產總額,0,0,0,0,0,0,"2,322,622","2,378,235"
6426 統新,M資產總額,0,0,0,0,0,0,"1,052,817","1,032,404"
6431 光麗-KY,M資產總額,0,0,0,0,0,0,"475,196","451,646"
6432 今展科,M資產總額,0,0,0,0,0,0,"844,225","878,454"
6435 大中,M資產總額,0,0,0,0,0,0,"1,098,680","1,202,869"
6438 迅得,M資產總額,0,0,0,0,0,0,"3,537,524","4,173,413"
6441 廣錠,M資產總額,0,0,0,0,0,0,"1,039,331","997,620"
6442 光聖,M資產總額,0,0,0,0,0,0,"3,020,009","3,068,138"
6443 元晶,M資產總額,0,0,0,0,0,0,"10,270,199",0
6446 藥華藥,M資產總額,0,0,0,0,0,0,"3,669,176","3,439,329"
6449 鈺邦,M資產總額,0,0,0,0,0,0,"2,921,204","3,110,208"
6451 訊芯-KY,M資產總額,0,0,0,0,0,0,"8,785,932","9,544,361"
6452 康友-KY,M資產總額,0,0,0,0,0,0,"8,828,569","9,036,138"
6456 GIS-KY,M資產總額,0,0,0,0,0,0,"68,678,775","57,472,419"
6457 紘康,M資產總額,0,0,0,0,0,0,"601,529","585,260"
6461 益得,M資產總額,0,0,0,0,0,0,"2,242,709","2,610,227"
6462 神盾,M資產總額,0,0,0,0,0,0,"3,627,668","3,966,587"
6464 台數科,M資產總額,0,0,0,0,0,0,"9,170,648","9,155,968"
6465 威潤,M資產總額,0,0,0,0,0,0,"590,902","613,181"
6469 大樹,M資產總額,0,0,"1,279,907",0,0,0,"1,537,115","1,525,222"
6470 宇智,M資產總額,0,0,0,0,0,0,0,"1,172,910"
6472 保瑞,M資產總額,"778,468","746,947","744,676","741,694","909,689","926,904","906,152","2,198,240"
6477 安集,M資產總額,0,0,0,0,0,0,0,"4,197,577"
6482 弘煜科,M資產總額,0,0,0,0,0,0,"423,540","413,046"
6485 點序,M資產總額,0,0,0,0,0,0,"1,063,489","1,334,676"
6486 互動,M資產總額,0,0,0,0,0,0,"1,880,831","1,993,681"
6488 環球晶,M資產總額,0,0,0,0,0,0,"70,232,337","79,056,586"
6491 晶碩,M資產總額,"1,732,542",0,"1,927,417",0,"2,181,877",0,"2,909,488",0
6492 生華科,M資產總額,0,0,0,0,0,0,"1,625,896","1,515,512"
6494 九齊,M資產總額,0,0,0,0,0,0,0,"635,568"
6496 科懋,M資產總額,0,0,0,0,0,0,"1,679,184","1,737,786"
6497 亞獅康-KY　,M資產總額,"1,708,955","1,827,322","1,737,872","1,413,917","2,145,382","1,867,098","1,522,338","1,517,292"
6499 益安,M資產總額,0,0,0,0,0,0,"1,638,236","2,089,215"
6504 南六,M資產總額,0,0,0,0,0,0,"6,753,838","6,843,689"
6505 台塑化,M資產總額,0,0,0,0,0,0,0,"467,354,030"
6506 雙邦,M資產總額,0,0,0,0,0,0,"2,087,875","2,316,593"
6508 惠光,M資產總額,0,0,0,0,0,0,"2,952,568","2,940,584"
6509 聚和,M資產總額,0,0,0,0,0,0,"4,997,598","5,055,737"
6510 精測,M資產總額,0,0,0,0,0,0,0,"6,772,944"
6512 啟發電,M資產總額,0,0,0,0,0,0,0,"587,822"
6514 芮特-KY,M資產總額,0,0,0,0,0,0,"676,886","694,460"
6516 勤崴國際,M資產總額,"355,780",0,"434,320",0,"376,658","375,364","437,497","414,851"
6523 達爾膚,M資產總額,0,0,0,0,0,0,0,"1,960,809"
6525 捷敏-KY,M資產總額,0,0,0,0,0,0,"3,977,791","4,141,684"
6530 創威,M資產總額,0,0,0,0,0,0,"491,615","537,870"
6531 愛普,M資產總額,0,0,0,0,0,0,"3,243,753","3,319,261"
6532 瑞耘,M資產總額,0,0,0,0,0,0,"597,267","607,435"
6533 晶心科,M資產總額,0,0,0,0,0,0,"1,184,443","1,156,081"
6535 順藥,M資產總額,0,0,0,0,0,0,"808,815","777,675"
6538 倉和,M資產總額,0,0,0,0,0,0,"1,691,623","1,619,809"
6541 泰福-KY,M資產總額,0,0,0,0,0,0,"3,973,003","3,573,594"
6542 隆中,M資產總額,0,0,0,0,0,0,"1,264,152","1,216,741"
6547 高端疫苗,M資產總額,0,0,0,0,0,0,"2,136,492","2,020,738"
6548 長科*,M資產總額,0,0,0,0,0,0,"9,099,936","8,473,101"
6552 易華電,M資產總額,0,0,0,0,0,0,0,"2,064,895"
6556 勝品,M資產總額,0,0,0,0,0,0,"1,885,089","1,981,246"
6558 興能高,M資產總額,0,0,0,0,0,0,"1,399,769","1,379,602"
6560 欣普羅,M資產總額,0,0,0,0,0,0,"360,730","439,809"
6561 是方,M資產總額,0,0,0,0,0,0,0,"1,713,021"
6568 宏觀,M資產總額,0,0,0,0,0,0,"1,437,432","1,434,816"
6569 醫揚,M資產總額,0,0,0,0,0,0,0,"1,156,522"
6570 維田,M資產總額,0,0,0,0,0,0,"653,232","663,624"
6573 虹揚-KY,M資產總額,0,0,0,0,0,0,"2,722,837","3,660,051"
6574 霈方,M資產總額,0,0,0,0,0,0,"838,011","830,761"
6576 逸達,M資產總額,0,0,0,0,0,0,"703,096","622,983"
6577 勁豐,M資產總額,0,0,"1,013,692","1,457,086","1,483,493","1,436,807","1,470,826","1,507,231"
6578 達邦蛋白,M資產總額,0,0,0,0,0,0,"851,056","948,408"
6579 研揚,M資產總額,0,0,0,0,0,0,0,"5,985,106"
6581 鋼聯,M資產總額,0,0,0,0,0,0,0,"4,451,538"
6582 申豐,M資產總額,0,0,0,0,0,0,0,"3,708,405"
6589 台康生技,M資產總額,"1,470,886",0,"1,471,730",0,"1,422,385","1,583,490","1,695,371","2,210,279"
6590 普鴻,M資產總額,0,0,"301,026","304,811","327,553","343,000","367,688","362,819"
6591 動力-KY,M資產總額,0,0,0,0,0,0,"1,455,163","1,507,380"
6593 台灣銘板,M資產總額,0,0,0,0,0,0,"854,039","833,004"
6594 展匯科,M資產總額,0,0,0,0,0,0,"444,292","439,193"
6596 寬宏藝術,M資產總額,0,0,0,0,0,0,"724,606","1,134,326"
6603 富強鑫,M資產總額,0,0,0,0,0,0,"4,745,148","4,935,350"
6605 帝寶,M資產總額,0,0,0,0,0,0,"30,246,849","31,372,785"
6609 瀧澤科,M資產總額,0,0,0,0,0,0,"3,827,843","3,928,515"
6612 奈米醫材,M資產總額,0,0,0,0,0,0,"401,475","447,219"
6613 朋億,M資產總額,0,0,0,0,0,0,0,"4,971,942"
6615 慧智,M資產總額,0,0,0,0,0,0,"390,229","580,913"
6616 特昇-KY,M資產總額,0,0,0,0,0,0,"412,691","472,091"
6624 萬年清,M資產總額,"238,777",0,"289,699",0,"460,752","416,501","489,518","486,425"
6625 必應,M資產總額,0,0,0,0,0,0,"739,961","809,063"
6629 泰金-KY,M資產總額,0,0,"784,438","840,794","917,735","919,938","943,856","955,578"
6640 均華,M資產總額,0,0,0,0,0,0,"1,479,628","1,593,806"
6641 基士德-KY,M資產總額,0,0,"1,089,587",0,0,0,"1,394,508","1,287,283"
6642 富致,M資產總額,"457,135",0,"438,745",0,"424,911",0,"510,036","530,302"
6643 M31,M資產總額,0,0,0,0,0,0,"790,640","883,027"
6649 台生材,M資產總額,"189,475",0,"171,178",0,"555,940","544,053","532,303","512,876"
6654 天正國際,M資產總額,0,0,0,0,0,0,"993,681","1,011,714"
6655 科定,M資產總額,0,0,0,0,0,0,"4,358,069","4,625,120"
6662 樂斯科,M資產總額,"294,229",0,"371,018",0,"412,560","400,568","384,808","390,016"
6664 群翊,M資產總額,0,0,0,0,0,0,"2,812,354","3,080,087"
6666 羅麗芬-KY,M資產總額,0,0,"464,134",0,0,0,"1,266,916","1,339,608"
6667 信紘科,M資產總額,0,0,0,0,0,0,"1,484,406","1,486,936"
6668 中揚光,M資產總額,0,0,0,0,0,0,"1,822,692","1,989,214"
6669 緯穎,M資產總額,"9,557,036",0,"11,442,707","18,806,808","22,439,103","23,576,940","25,872,934","38,852,437"
6670 復盛應用,M資產總額,0,0,0,0,0,0,"9,170,291","8,229,723"
6671 三能-KY,M資產總額,0,0,"2,306,156",0,0,0,"2,104,760","2,093,513"
6672 騰輝電子-KY,M資產總額,"4,351,755",0,"4,492,717",0,"4,511,594","4,477,145","4,310,653","4,477,912"
6674 鋐寶科技,M資產總額,0,0,0,0,0,0,"4,432,423","4,018,761"
6679 鈺太,M資產總額,"351,956",0,"461,874",0,"498,018","586,902","700,304","734,856"
6680 鑫創電子,M資產總額,0,0,"229,244",0,"287,501",0,"292,938","350,909"
6683 雍智科技,M資產總額,0,0,"906,947",0,"935,719","915,205","982,623","1,058,665"
6803 崑鼎,M資產總額,0,0,0,0,0,0,"7,057,129","7,562,057"
7402 邑錡,M資產總額,0,0,0,0,0,0,"363,713","366,337"
8011 台通,M資產總額,0,0,0,0,0,0,"6,167,589","6,243,952"
8016 矽創,M資產總額,0,0,0,0,0,0,"7,030,995","7,444,294"
8021 尖點,M資產總額,0,0,0,0,0,0,0,"6,309,386"
8024 佑華,M資產總額,0,0,0,0,0,0,"791,144","765,944"
8027 鈦昇,M資產總額,0,0,0,0,0,0,"1,957,602","2,046,666"
8028 昇陽半導體,M資產總額,0,0,0,0,0,0,0,"2,889,726"
8032 光菱,M資產總額,0,0,0,0,0,0,"2,456,157","2,648,863"
8033 雷虎,M資產總額,0,0,0,0,0,0,"1,119,590","1,097,176"
8034 榮群,M資產總額,0,0,0,0,0,0,"592,102","595,290"
8038 長園科,M資產總額,0,0,"1,280,131",0,"1,178,482",0,"1,112,371","1,100,404"
8039 台虹,M資產總額,0,0,0,0,0,0,0,"11,819,526"
8040 九暘,M資產總額,0,0,0,0,0,0,"945,541",0
8042 金山電,M資產總額,0,0,"6,408,132",0,0,0,"7,018,703","7,174,305"
8043 蜜望實,M資產總額,0,0,0,0,0,0,"3,933,900","3,752,945"
8044 網家,M資產總額,0,0,0,0,0,0,"11,618,512","11,608,163"
8046 南電,M資產總額,0,0,0,0,0,0,"40,418,721","38,747,882"
8047 星雲,M資產總額,0,0,0,0,0,0,"672,705","661,367"
8048 德勝,M資產總額,0,0,0,0,0,0,"1,087,603","1,136,566"
8049 晶采,M資產總額,0,0,0,0,0,0,"1,848,704","1,895,904"
8050 廣積,M資產總額,0,0,0,0,0,0,"4,702,746","4,885,833"
8054 安國,M資產總額,0,0,0,0,0,0,"2,609,563","2,641,706"
8059 凱碩,M資產總額,0,0,0,0,0,0,"1,389,747","1,342,854"
8064 東捷,M資產總額,0,0,0,0,0,0,"9,484,930","9,560,916"
8066 來思達,M資產總額,0,0,0,0,0,0,"1,918,403","1,560,786"
8067 志旭,M資產總額,0,0,0,0,0,0,"525,670","523,297"
8068 全達,M資產總額,0,0,0,0,0,0,"2,140,823","1,740,362"
8069 元太,M資產總額,0,0,0,0,0,0,"35,875,920","34,831,742"
8070 長華,M資產總額,0,0,0,0,0,0,"15,970,808","14,972,299"
8071 能率網通,M資產總額,0,0,0,0,0,0,"3,214,657","3,282,618"
8072 陞泰,M資產總額,0,0,0,0,0,0,"2,609,021","2,640,553"
8074 鉅橡,M資產總額,0,0,0,0,0,0,"2,648,832","2,751,127"
8076 伍豐,M資產總額,0,0,0,0,0,0,"6,801,089","6,663,388"
8077 洛碁,M資產總額,0,0,"1,986,051",0,0,0,"2,469,625","6,373,494"
8080 永利聯合,M資產總額,0,0,0,0,0,0,"914,608","744,364"
8081 致新,M資產總額,0,0,0,0,0,0,"5,233,644","5,307,257"
8083 瑞穎,M資產總額,0,0,0,0,0,0,0,"1,478,487"
8084 巨虹,M資產總額,0,0,"1,016,737",0,0,0,"1,623,003","1,386,108"
8085 福華,M資產總額,0,0,0,0,0,0,"3,692,587","3,721,368"
8086 宏捷科,M資產總額,0,0,0,0,0,0,"3,075,402","3,216,258"
8087 華鎂鑫,M資產總額,0,0,0,0,0,0,"414,675","397,807"
8088 品安,M資產總額,0,0,0,0,0,0,"1,259,950","1,259,720"
8091 翔名,M資產總額,0,0,"3,133,359",0,0,0,"2,822,910","2,821,700"
8092 建暐,M資產總額,0,0,0,0,0,0,"828,864","820,868"
8093 保銳,M資產總額,0,0,0,0,0,0,"734,123","711,969"
8096 擎亞,M資產總額,0,0,0,0,0,0,"6,446,336","6,469,823"
8097 常珵,M資產總額,0,0,0,0,0,0,"625,016","657,996"
8099 大世科,M資產總額,0,0,0,0,0,0,"1,935,165","1,882,114"
8101 華冠,M資產總額,0,0,"13,114,660",0,0,0,"9,412,336","7,808,344"
8103 瀚荃,M資產總額,0,0,0,0,0,0,"3,824,427","3,884,181"
8104 錸寶,M資產總額,0,0,0,0,0,0,"3,654,087","3,320,706"
8105 凌巨,M資產總額,0,0,0,0,0,0,"15,439,798","14,536,389"
8107 大億金茂,M資產總額,0,0,0,0,0,0,"2,430,775","2,553,024"
8109 博大,M資產總額,0,0,0,0,0,0,"2,732,970","2,849,474"
8110 華東,M資產總額,0,0,0,0,0,0,"16,389,531","17,260,394"
8111 立碁,M資產總額,0,0,0,0,0,0,"2,049,475","1,973,717"
8112 至上,M資產總額,0,0,0,0,0,0,0,"27,819,180"
8114 振樺電,M資產總額,0,0,0,0,0,0,"15,034,688","14,236,855"
8121 越峰,M資產總額,0,0,0,0,0,0,"3,707,435","3,952,991"
8131 福懋科,M資產總額,0,0,0,0,0,0,"12,175,181","12,891,463"
8147 正淩,M資產總額,0,0,0,0,0,0,"890,228","836,693"
8150 南茂,M資產總額,0,0,0,0,0,0,"33,259,942","33,049,840"
8155 博智,M資產總額,0,0,0,0,0,0,"2,338,868","2,718,567"
8163 達方,M資產總額,0,0,0,0,0,0,"15,347,577","14,733,901"
8171 天宇,M資產總額,0,0,0,0,0,0,"794,729","829,356"
8176 智捷,M資產總額,0,0,0,0,0,0,"1,432,220","1,301,446"
8182 加高,M資產總額,0,0,0,0,0,0,"4,131,410","4,039,254"
8183 精星,M資產總額,0,0,0,0,0,0,"3,453,603","3,509,059"
8201 無敵,M資產總額,0,0,0,0,0,0,"1,270,067","1,156,277"
8210 勤誠,M資產總額,0,0,0,0,0,0,"5,375,993","5,356,783"
8213 志超,M資產總額,0,0,"28,115,833",0,0,0,"26,460,080","26,544,651"
8215 明基材,M資產總額,0,0,0,0,0,0,"10,210,316","10,230,417"
8222 寶一,M資產總額,0,0,"1,546,593",0,0,0,0,"1,532,269"
8234 新漢,M資產總額,0,0,0,0,0,0,"5,434,653","5,329,259"
8240 華宏,M資產總額,0,0,0,0,0,0,"7,907,819","7,575,543"
8249 菱光,M資產總額,0,0,0,0,0,0,"4,596,049","4,568,279"
8255 朋程,M資產總額,0,0,0,0,0,0,"4,704,996","4,963,387"
8261 富鼎,M資產總額,0,0,0,0,0,0,"1,910,132","2,016,104"
8271 宇瞻,M資產總額,0,0,0,0,0,0,0,"4,337,455"
8277 商丞,M資產總額,0,0,0,0,0,0,"1,018,428","984,416"
8279 生展,M資產總額,0,0,"1,051,171","999,255","1,065,166","1,120,946","1,164,040","1,125,502"
8287 英格爾,M資產總額,0,0,0,0,0,0,"3,343,076","3,254,391"
8289 泰藝,M資產總額,0,0,0,0,0,0,"1,890,943","1,832,711"
8291 尚茂,M資產總額,0,0,0,0,0,0,"754,273","810,498"
8299 群聯,M資產總額,"30,548,110",0,0,0,0,0,"35,126,604","36,996,773"
8341 日友,M資產總額,0,0,0,0,0,0,"3,569,783","3,729,065"
8342 益張,M資產總額,0,0,0,0,0,0,"1,510,204","1,460,330"
8349 恒耀,M資產總額,0,0,0,0,0,0,"12,146,863","13,379,609"
8354 冠好,M資產總額,0,0,0,0,0,0,"2,999,115","2,913,151"
8358 金居,M資產總額,0,0,0,0,0,0,"7,801,913","7,835,999"
8367 建新國際,M資產總額,0,0,0,"4,881,464",0,0,"4,831,251","4,762,720"
8374 羅昇,M資產總額,0,0,0,0,0,0,"3,133,035","2,988,480"
8383 千附,M資產總額,0,0,0,0,0,0,"4,936,428","4,854,783"
8390 金益鼎,M資產總額,0,0,0,0,0,0,"3,164,361","3,236,841"
8401 白紗科,M資產總額,0,0,0,0,0,0,0,"1,458,031"
8403 盛弘,M資產總額,0,0,0,0,0,0,"3,361,371","3,810,321"
8404 百和興業-KY,M資產總額,0,0,0,0,0,0,"11,173,651","11,852,741"
8406 金可-KY,M資產總額,0,0,0,0,0,0,"18,948,925","19,632,140"
8409 商之器,M資產總額,0,0,"456,793",0,0,0,"415,491","399,294"
8410 森田,M資產總額,0,0,0,0,0,0,"1,721,709","1,646,144"
8411 福貞-KY,M資產總額,0,0,0,0,0,0,"10,412,240","10,045,674"
8415 大國鋼,M資產總額,0,0,0,0,0,0,"14,870,897","16,054,242"
8416 實威,M資產總額,0,0,0,0,0,0,"1,162,031","1,225,265"
8418 捷必勝-KY,M資產總額,0,0,0,0,0,0,"3,677,285","3,591,959"
8420 明揚,M資產總額,0,0,0,0,0,0,0,"986,864"
8421 旭源,M資產總額,0,0,0,0,0,0,"2,606,423","2,600,812"
8422 可寧衛,M資產總額,0,0,0,0,0,0,"6,061,679","6,595,420"
8423 保綠-KY,M資產總額,0,0,0,0,0,0,"561,795","570,773"
8424 惠普,M資產總額,0,0,0,0,0,0,"1,202,581","1,240,780"
8426 紅木-KY,M資產總額,0,0,"1,670,966",0,0,0,"1,678,376","1,570,420"
8427 基勝-KY,M資產總額,0,0,0,0,0,0,"7,186,535","6,798,914"
8429 金麗-KY,M資產總額,0,0,0,0,0,0,"8,001,378","8,389,422"
8431 匯鑽科,M資產總額,0,0,0,0,0,0,"1,471,625","1,531,167"
8432 東生華,M資產總額,0,0,0,0,0,0,"1,281,703","1,342,109"
8433 弘帆,M資產總額,0,0,0,0,0,0,"2,414,020","2,464,683"
8435 鉅邁,M資產總額,0,0,0,0,0,0,"926,832","911,365"
8436 大江,M資產總額,0,0,0,0,0,0,"4,840,683","5,309,993"
8437 大地-KY,M資產總額,0,0,0,0,0,0,"2,736,306","2,937,151"
8440 綠電,M資產總額,0,0,0,0,0,0,0,"635,113"
8442 威宏-KY,M資產總額,0,0,0,0,0,0,"4,009,547","3,928,218"
8443 阿瘦,M資產總額,0,0,0,0,0,0,"2,299,418","2,284,609"
8444 綠河-KY,M資產總額,0,0,0,0,0,0,"8,670,206","8,579,114"
8446 華研,M資產總額,0,0,0,0,0,0,"2,567,093","2,949,088"
8450 霹靂,M資產總額,0,0,0,0,0,0,"2,122,457","2,101,782"
8454 富邦媒,M資產總額,0,0,0,0,0,0,0,"11,417,152"
8455 大拓-KY,M資產總額,0,0,0,0,0,0,"1,202,575","2,198,349"
8462 柏文,M資產總額,0,0,0,0,0,0,"2,262,668","2,789,501"
8463 潤泰材,M資產總額,0,0,0,0,0,0,"4,610,772","4,580,232"
8464 億豐,M資產總額,0,0,0,0,0,0,"16,702,058","17,250,316"
8466 美吉吉-KY,M資產總額,0,0,0,0,0,0,"3,921,557","4,060,997"
8467 波力-KY,M資產總額,0,0,0,0,0,0,"2,095,028","2,109,378"
8472 夠麻吉,M資產總額,0,0,0,0,0,0,"1,293,066","1,246,184"
8473 山林水,M資產總額,0,0,0,0,0,0,"11,631,732","11,663,868"
8476 台境,M資產總額,0,0,0,0,0,0,"1,480,009","1,633,808"
8477 創業家,M資產總額,0,0,0,0,0,0,"974,311","897,362"
8478 東哥遊艇,M資產總額,0,0,0,0,0,0,"4,494,574","4,641,199"
8480 泰昇-KY,M資產總額,0,0,0,0,0,0,"1,729,838","1,735,512"
8481 政伸,M資產總額,0,0,0,0,0,0,"1,526,211","1,513,710"
8482 商億-KY,M資產總額,0,0,"3,729,555",0,0,0,"3,440,784","3,398,513"
8488 吉源-KY,M資產總額,0,0,0,0,0,0,"6,206,858","6,197,868"
8489 三貝德,M資產總額,0,0,"481,614","500,801","892,249","1,107,857","1,315,711","1,428,404"
8497 格威傳媒,M資產總額,0,0,0,0,0,0,"1,588,837","3,229,049"
8499 鼎炫-KY,M資產總額,0,0,0,0,0,0,"2,125,093","2,142,685"
8905 裕國,M資產總額,0,0,0,0,0,0,"3,624,874","3,321,336"
8906 花王,M資產總額,0,0,0,0,0,0,"468,629","446,923"
8908 欣雄,M資產總額,0,0,0,0,0,0,"4,315,696","4,295,031"
8913 全銓,M資產總額,0,0,0,0,0,0,0,"1,151,048"
8916 光隆,M資產總額,0,0,0,0,0,0,"6,615,268","6,813,888"
8917 欣泰,M資產總額,0,0,0,0,0,0,"4,111,741","4,189,029"
8921 沈氏,M資產總額,0,0,0,0,0,0,"982,474","947,818"
8923 時報,M資產總額,0,0,0,0,0,0,"765,680","738,333"
8924 大田,M資產總額,0,0,0,0,0,0,"4,085,090","3,846,892"
8926 台汽電,M資產總額,0,0,0,0,0,0,"15,251,314","16,134,735"
8927 北基,M資產總額,0,0,0,0,0,0,"3,700,889","3,828,329"
8928 鉅明,M資產總額,0,0,0,0,0,0,"1,777,674","1,903,580"
8929 富堡,M資產總額,0,0,0,0,0,0,"1,531,790","1,516,850"
8930 青鋼,M資產總額,0,0,0,0,0,0,"1,634,525","1,740,846"
8931 大汽電,M資產總額,0,0,0,0,0,0,"2,905,176","2,918,661"
8932 宏大,M資產總額,0,0,0,0,0,0,"1,622,859","1,700,774"
8933 愛地雅,M資產總額,"5,455,979","5,407,569","5,697,887","5,265,746","5,377,716","5,764,118","6,123,847","6,096,054"
8934 衡平,M資產總額,0,0,0,0,0,0,"1,059,574","1,098,959"
8935 邦泰,M資產總額,0,0,0,0,0,0,"1,425,422","1,525,333"
8936 國統,M資產總額,0,0,"11,592,189",0,0,0,"11,764,814","11,267,142"
8937 合騏,M資產總額,0,0,0,0,0,0,"793,569","815,844"
8938 明安,M資產總額,0,0,0,0,0,0,"6,625,636","6,331,172"
8940 新天地,M資產總額,0,0,0,0,0,0,0,"2,182,189"
8941 關中,M資產總額,"1,753,903","1,684,798","1,557,252","1,555,551","1,717,229","1,712,175","1,520,985","1,794,895"
8942 森鉅,M資產總額,0,0,0,0,0,0,"11,182,314","11,329,462"
8996 高力,M資產總額,0,0,0,0,0,0,"3,588,796","3,652,252"
9103 美德醫療-DR,M資產總額,0,0,0,0,0,0,0,0
910322 康師傅-DR,M資產總額,0,0,0,0,0,0,0,0
910482 聖馬丁-DR,M資產總額,0,0,0,0,0,0,0,0
9105 泰金寶-DR,M資產總額,0,0,0,0,0,0,0,0
910861 神州-DR,M資產總額,0,0,0,0,"96,712,895",0,0,0
9110 越南控-DR,M資產總額,0,0,0,0,0,0,0,0
911608 明輝-DR,M資產總額,0,0,0,0,0,0,0,0
911613 特藝-DR,M資產總額,0,0,0,0,0,0,0,0
911616 杜康-DR,M資產總額,0,0,0,0,0,0,0,0
911622 泰聚亨-DR,M資產總額,0,0,0,0,0,0,0,0
911868 同方友友-DR,M資產總額,0,0,0,0,0,0,0,0
912000 晨訊科-DR,M資產總額,0,0,0,0,0,0,0,0
912398 友佳-DR,M資產總額,0,0,0,0,0,0,0,0
9136 巨騰-DR,M資產總額,0,0,0,0,0,0,0,0
9157 陽光能源-DR,M資產總額,0,0,0,0,0,0,0,0
9188 精熙-DR,M資產總額,0,0,0,0,0,0,0,0
9802 鈺齊-KY,M資產總額,0,0,0,0,0,0,"9,417,281","9,107,562"
9902 台火,M資產總額,0,0,0,0,0,0,"1,235,729","1,262,645"
9904 寶成,M資產總額,0,0,0,0,0,0,"301,904,430","306,608,977"
9905 大華,M資產總額,0,0,"9,599,188",0,0,0,"9,336,226","9,729,416"
9906 欣巴巴,M資產總額,0,0,0,"2,771,970",0,"2,463,123","2,651,257","3,720,134"
9907 統一實,M資產總額,0,0,0,0,0,0,"37,371,403","38,037,467"
9908 大台北,M資產總額,0,0,0,0,0,0,"16,054,542","16,523,202"
9910 豐泰,M資產總額,0,0,0,0,0,0,"31,037,443","31,542,109"
9911 櫻花,M資產總額,0,0,0,0,0,0,"6,041,165","5,998,912"
9912 偉聯,M資產總額,0,0,"760,646",0,0,0,"791,992","901,855"
9914 美利達,M資產總額,0,0,0,0,0,0,"20,945,546","21,485,949"
9917 中保,M資產總額,0,0,0,0,0,0,"20,923,678","21,309,747"
9918 欣天然,M資產總額,0,0,0,0,0,0,"4,567,377","4,644,574"
9919 康那香,M資產總額,0,0,0,0,0,0,"5,460,442","5,437,748"
9921 巨大,M資產總額,0,0,0,0,0,0,"47,787,932","51,375,953"
9924 福興,M資產總額,0,0,0,0,0,0,"7,481,538","7,280,403"
9925 新保,M資產總額,0,0,0,0,0,0,"15,357,356","16,352,615"
9926 新海,M資產總額,0,0,0,0,"5,566,265","5,415,194","5,647,871","5,773,381"
9927 泰銘,M資產總額,0,0,"6,200,081",0,0,0,"7,024,262","7,357,034"
9928 中視,M資產總額,0,0,0,0,0,0,"3,857,546","3,874,320"
9929 秋雨,M資產總額,0,0,0,0,0,0,"1,369,521","1,328,885"
9930 中聯資源,M資產總額,0,0,0,0,0,0,"7,738,864","7,541,934"
9931 欣高,M資產總額,0,0,0,0,0,0,"3,892,965","3,886,274"
9933 中鼎,M資產總額,0,0,0,0,0,0,"70,067,989","66,163,924"
9934 成霖,M資產總額,0,0,0,0,0,0,"13,281,276","12,700,458"
9935 慶豐富,M資產總額,0,0,0,0,0,0,"3,957,442","3,899,602"
9937 全國,M資產總額,0,"7,706,299",0,0,0,"8,259,261","8,752,886","8,875,896"
9938 百和,M資產總額,0,0,0,0,0,0,"21,451,321","22,383,310"
9939 宏全,M資產總額,0,0,0,0,0,0,"28,284,527","29,615,689"
9940 信義,M資產總額,0,0,0,0,0,0,"26,956,116","25,634,954"
9941 裕融,M資產總額,0,0,0,0,"122,345,258",0,"136,313,532","144,051,454"
9942 茂順,M資產總額,0,0,"3,733,248",0,0,"3,880,752","3,986,971","4,036,743"
9943 好樂迪,M資產總額,0,0,"4,553,289",0,0,0,"4,594,706","4,822,145"
9944 新麗,M資產總額,0,0,0,0,0,0,"5,240,816","5,289,597"
9945 潤泰新,M資產總額,0,0,0,0,0,0,"104,156,754","114,273,934"
9946 三發地產,M資產總額,0,0,0,0,"10,409,862","10,681,459","11,076,694","10,888,801"
9949 琉園,M資產總額,0,0,0,0,0,0,"658,276","653,026"
9950 萬國通,M資產總額,0,0,0,0,0,0,"3,918,596","4,524,165"
9951 皇田,M資產總額,0,0,0,0,0,0,"5,544,695","5,528,394"
9955 佳龍,M資產總額,0,0,0,0,0,0,"3,483,590","3,388,202"
9958 世紀鋼,M資產總額,0,0,0,0,0,0,"6,698,561","6,442,855"
9960 邁達康,M資產總額,0,0,0,0,0,0,"677,985","695,596"
9962 有益,M資產總額,0,0,0,0,0,0,"1,139,624","1,198,321"